game_id,season_year,game_date_et,home,away,margin,any_block_missing,strength_diff,rest_diff,n_out_pre_h,n_out_pre_a,n_out_real_h,n_out_real_a,F1_diff,F2_diff,F3_diff,F4_diff
22100001,2022,10/19/2021,MIL,BKN,23.0,False,-0.2999999999999998,0.0,2,1,9,10,6.578230764731913,-11.266074651038934,4.78466700239111,-7.222496898673505
22100002,2022,10/19/2021,LAL,GSW,-7.0,False,-10.8,0.0,1,1,12,5,0.05573777002298996,61.582051332966685,-1.0394169801235682,63.060859424804654
22100003,2022,10/20/2021,CHA,IND,1.0,False,-10.2,0.0,0,2,7,8,-22.672309552599756,-3.0957152353172717,-15.283017681226006,6.953199114525027
22100004,2022,10/20/2021,DET,CHI,-6.0,False,-10.8,0.0,0,1,7,9,-12.658645129388495,-24.274498477945038,-10.875443195749652,-26.892613545158696
22100005,2022,10/20/2021,NYK,BOS,4.0,False,3.4,0.0,0,0,5,7,0.0,17.278029813340844,0.0,11.724267023151004
22100006,2022,10/20/2021,TOR,WAS,-15.0,False,-12.899999999999999,0.0,2,1,10,8,8.766260302943133,14.989764624217194,6.417380994549093,12.979429702834665
22100007,2022,10/20/2021,MEM,CLE,11.0,False,18.9,0.0,1,0,6,9,11.768663364572568,6.313492309819921,13.617348308078972,3.7140081015393775
22100008,2022,10/20/2021,MIN,HOU,18.0,False,15.6,0.0,0,0,4,8,0.0,-40.25061624126634,0.0,-40.175505020021056
22100009,2022,10/20/2021,NOP,PHI,-20.0,False,-11.7,0.0,1,2,7,5,-1.3947884621943558,46.3557685384356,-6.873767032394317,36.54548041988281
22100010,2022,10/20/2021,SAS,ORL,26.0,False,6.600000000000001,0.0,0,2,5,8,-17.873064488684705,-9.325687414508238,-18.295075162545864,-16.39871745255816
22100011,2022,10/20/2021,UTA,OKC,21.0,True,26.200000000000003,0.0,1,0,5,7,4.867173246185617,-27.080880532599004,4.3426437198774295,-33.80004798223189
22100012,2022,10/20/2021,PHX,DEN,-12.0,False,2.4000000000000004,0.0,1,1,6,5,-9.576132435472882,8.50563193722568,-6.367969452049374,10.050967541835782
22100013,2022,10/20/2021,POR,SAC,-3.0,True,7.8999999999999995,0.0,0,0,2,7,0.0,-40.24048200693956,0.0,-40.48748390256089
22100014,2022,10/21/2021,ATL,DAL,26.0,False,0.3999999999999999,0.0,1,0,6,4,6.802380206702161,12.098541657935975,7.0946604365780805,11.004234178201738
22100015,2022,10/21/2021,MIA,MIL,42.0,False,0.2999999999999998,1.0,1,4,3,8,-34.46129395741357,-21.228387978722928,-27.477865696499904,-21.635342872277256
22100016,2022,10/21/2021,GSW,LAC,2.0,False,10.5,-1.0,1,3,3,7,-32.42545879922359,-45.30200780926241,-24.255504933617104,-40.84776375240027
22100017,2022,10/22/2021,CLE,CHA,-11.0,False,-9.6,0.0,0,0,5,2,0.0,20.30423809238011,0.0,19.702452542333944
22100018,2022,10/22/2021,ORL,NYK,-25.0,False,-19.2,0.0,4,2,9,2,2.2627671645821117,28.63842771303275,8.818464079265063,41.11820442646566
22100019,2022,10/22/2021,WAS,IND,1.0,False,4.9,0.0,1,2,4,5,-11.576483575755004,-3.260367703848871,-1.5700069068924503,4.561991537140365
22100020,2022,10/22/2021,BOS,TOR,-32.0,False,6.8999999999999995,0.0,0,2,6,8,-19.28944618599791,-23.67148217947413,-19.78350239433983,-22.545170142205528
22100021,2022,10/22/2021,PHI,BKN,-5.0,False,8.6,-1.0,2,1,6,7,4.601401694814097,-14.616056345521955,2.745449970811899,-8.185000966379697
22100022,2022,10/22/2021,CHI,NOP,16.0,False,9.8,0.0,1,2,3,5,-19.72270570084746,-27.47046697911486,-13.572221338636945,-22.45207182443583
22100023,2022,10/22/2021,HOU,OKC,33.0,True,6.0,0.0,0,0,5,3,0.0,23.488215582279217,0.0,18.570703904749394
22100024,2022,10/22/2021,DEN,SAS,6.0,True,9.4,0.0,1,0,5,4,15.048458149779735,6.724577372180249,12.591782719909054,4.7203472747172555
22100025,2022,10/22/2021,LAL,PHX,-10.0,False,-2.1999999999999997,1.0,1,1,5,6,3.558332600450341,3.144981007860693,1.235598629371446,9.587007312187684
22100026,2022,10/22/2021,SAC,UTA,-9.0,True,-7.5,0.0,0,0,5,2,0.0,20.619682184441274,0.0,22.092649176306157
22100027,2022,10/23/2021,CLE,ATL,6.0,False,-25.7,-1.0,1,1,9,8,7.14449506997466,13.258440415898896,8.457300647983963,11.399095264138268
22100028,2022,10/23/2021,IND,MIA,11.0,False,-8.200000000000001,-1.0,2,0,6,4,22.730716775268984,11.234212282252052,15.322388995149458,5.419663933554752
22100029,2022,10/23/2021,TOR,DAL,-8.0,False,-4.5,-1.0,2,0,9,7,19.39679327521793,21.77108494153635,19.893598940198743,16.31866372533107
22100030,2022,10/23/2021,CHI,DET,15.0,False,14.7,-2.0,1,0,6,4,12.373441872297125,19.75600734471789,10.63041603920673,18.470285038236458
22100031,2022,10/23/2021,MIN,NOP,7.0,True,13.600000000000001,2.0,0,1,2,6,-20.810488676996425,-46.36446114858582,-12.164701401437965,-36.58639414641007
22100032,2022,10/23/2021,SAS,MIL,-10.0,True,-6.300000000000001,-1.0,0,3,5,7,-34.53384586382972,-20.361323411666113,-29.541066444793913,-17.21220834607955
22100033,2022,10/23/2021,POR,PHX,29.0,True,6.800000000000001,2.0,0,2,2,3,-14.4374712995561,-8.5198566358958,-13.265652507587955,-7.066484295918668
22100034,2022,10/23/2021,LAC,MEM,-6.0,False,1.1,-1.0,2,1,8,6,15.233069921386683,21.70265508779666,5.863240185988166,16.863093021591204
22100035,2022,10/24/2021,BKN,CHA,-16.0,False,6.3,0.0,1,0,6,3,17.041780901671444,16.44664764997641,15.06588754887866,9.935206736843568
22100036,2022,10/24/2021,NYK,ORL,-6.0,False,21.8,0.0,0,3,1,9,-20.674891827084085,-39.56216564495461,-21.55770962259014,-49.25444087292018
22100037,2022,10/24/2021,HOU,BOS,-10.0,True,-3.8999999999999995,0.0,0,1,7,10,-2.6603801976225108,2.779261268599022,-4.1441652315906214,5.554757949814032
22100038,2022,10/24/2021,OKC,PHI,-12.0,True,-25.400000000000002,0.0,0,2,6,6,-21.48854961832061,-9.841276919221833,-17.68010144882927,-6.060635945525803
22100039,2022,10/24/2021,SAC,GSW,-12.0,False,-8.8,-1.0,0,0,6,3,0.0,22.53605636436263,0.0,21.883515419199817
22100040,2022,10/24/2021,LAL,MEM,3.0,False,-5.199999999999999,1.0,2,1,7,6,7.5060359209844485,16.074654094519463,2.761636009097476,17.13315296194817
22100041,2022,10/25/2021,CHA,BOS,-11.0,False,-0.5,0.0,2,1,4,9,25.862691354026794,-3.9942178871598415,24.41937328248061,2.877295385065821
22100042,2022,10/25/2021,IND,MIL,-10.0,False,2.0999999999999996,0.0,2,2,5,8,0.7685547588522041,-23.787808604764955,-3.4255151916868787,-26.57209182806354
22100043,2022,10/25/2021,ATL,DET,18.0,False,21.0,0.0,1,0,5,5,5.621845476899185,4.120785879245176,5.863401261548805,1.4441758973901884
22100044,2022,10/25/2021,BKN,WAS,14.0,False,-3.5999999999999996,-2.0,2,2,5,3,12.971275787638785,23.610071279037996,9.874844216371965,20.060380094300207
22100045,2022,10/25/2021,MIA,ORL,17.0,False,25.5,1.0,0,3,2,8,-20.69184138813192,-30.355576982516787,-21.575382929824613,-39.35008016099465
22100046,2022,10/25/2021,TOR,CHI,-3.0,False,-14.3,0.0,2,1,8,6,8.50877784820657,13.56764111379664,10.780316626082493,15.357963857499875
22100047,2022,10/25/2021,MIN,NOP,-9.0,True,12.3,0.0,0,1,3,6,-20.894540014958864,-44.3070646630856,-12.213833329312134,-32.20300172523497
22100048,2022,10/25/2021,DEN,CLE,-12.0,False,15.9,1.0,2,1,3,5,13.572568676674619,-0.7095726742175295,12.642851028045442,-1.4246143235891182
22100049,2022,10/25/2021,LAC,POR,30.0,False,-7.4,0.0,2,1,7,3,14.614543205464935,34.5038268435661,5.4847860438535765,27.42562938459618
22100050,2022,10/26/2021,NYK,PHI,13.0,False,-7.3,0.0,0,2,1,5,-21.335859782093795,-17.71004978952547,-17.554473063356774,-21.67186071301981
22100051,2022,10/26/2021,OKC,GSW,-8.0,False,-28.5,0.0,2,0,7,2,10.978305180660353,26.21836166201588,8.540998207280406,30.10690571206726
22100052,2022,10/26/2021,DAL,HOU,10.0,False,9.1,1.0,0,0,2,6,0.0,-34.56406595931679,0.0,-33.55087414972404
22100053,2022,10/26/2021,SAS,LAL,-4.0,True,-3.0,1.0,0,3,4,8,-23.922937316766724,-40.14300040785406,-31.648513998585248,-45.20133733020064
22100054,2022,10/26/2021,UTA,DEN,12.0,False,9.399999999999999,2.0,0,1,4,4,-2.4379683597002497,2.2501548257934996,-2.843344831687879,-0.18006294968628467
22100055,2022,10/27/2021,ORL,CHA,-9.0,False,-15.8,0.0,2,1,9,4,1.4140023725768032,16.184947060655176,1.8251826587772957,18.89631770174598
22100056,2022,10/27/2021,BOS,WAS,-9.0,False,-6.6,0.0,1,2,10,4,-11.58870582868872,14.16631876042365,-12.158353738005536,8.909973366435146
22100057,2022,10/27/2021,BKN,MIA,-13.0,False,-3.8,0.0,1,0,6,4,17.674142871257775,19.59609948406798,15.62493090115182,21.06760044597788
22100058,2022,10/27/2021,TOR,IND,18.0,False,-6.5,0.0,2,1,8,4,14.958614260566577,17.05105079498876,18.182450555406177,22.096384422154802
22100059,2022,10/27/2021,NOP,ATL,-3.0,False,-20.1,0.0,1,1,6,7,15.2814144727376,27.33077598273571,6.333666045918512,20.733948633785353
22100060,2022,10/27/2021,MIL,MIN,-5.0,False,-2.5,0.0,3,0,7,4,37.36456462367443,35.359290843540364,33.5107650405906,28.40437924368587
22100061,2022,10/27/2021,OKC,LAL,8.0,False,-21.0,0.0,2,4,5,8,-26.530051409341386,-33.21342096843767,-35.140151971155305,-31.383707566958005
22100062,2022,10/27/2021,PHX,SAC,-3.0,False,-1.7999999999999998,0.0,2,0,6,6,14.513002000307738,-11.592281179316714,13.335052751511327,-14.810446473377091
22100063,2022,10/27/2021,POR,MEM,20.0,False,5.299999999999999,-1.0,0,1,4,2,-11.78418536845204,10.281072914121657,-13.635308591818792,8.151880286764285
22100064,2022,10/27/2021,LAC,CLE,-13.0,False,15.6,0.0,3,1,7,9,32.25813895113383,13.467399203105579,25.871345296496695,8.820143991316435
22100065,2022,10/28/2021,PHI,DET,8.0,False,14.4,-1.0,1,0,6,5,13.473816637836139,5.571908610654887,10.905454042784168,8.588383452630321
22100066,2022,10/28/2021,WAS,ATL,11.0,False,-9.4,0.0,3,1,5,6,19.66282688105484,16.835436676867555,20.54633214027931,17.433945461294083
22100067,2022,10/28/2021,CHI,NYK,-1.0,False,3.6,1.0,1,0,5,1,12.311638345623598,15.127257547912956,10.57731867082609,16.540688852516816
22100068,2022,10/28/2021,HOU,UTA,-31.0,False,-17.299999999999997,0.0,1,0,6,3,4.952124072825355,32.620723742950176,5.367559615030957,36.350233424196446
22100069,2022,10/28/2021,DAL,SAS,5.0,False,7.1,0.0,3,1,8,5,13.641820455420856,13.922734740628748,18.186136804622734,21.272343263658918
22100070,2022,10/28/2021,GSW,MEM,-3.0,False,8.0,1.0,0,1,2,6,-11.92781287048595,-22.705374209661628,-13.801497874426936,-29.81026387954311
22100071,2022,10/29/2021,TOR,ORL,1.0,False,14.099999999999998,0.0,2,3,9,9,3.413357771261918,12.362501966642803,6.260337484905362,6.463718045940141
22100072,2022,10/29/2021,BKN,IND,7.0,False,2.6,0.0,1,2,6,6,-2.4039844246086197,-9.910592857896404,-0.3312166716377156,-1.6749692036224886
22100073,2022,10/29/2021,MIA,CHA,15.0,False,11.3,0.0,0,1,4,3,-2.29013486917775,-2.016990451245171,-1.98990377352335,-5.665680691320372
22100074,2022,10/29/2021,NOP,SAC,-4.0,False,-6.3999999999999995,0.0,1,0,6,6,18.50066225165563,2.124486228765079,10.814500106814783,-5.687905622595686
22100075,2022,10/29/2021,DEN,DAL,31.0,False,-2.8000000000000003,2.0,1,2,2,4,-18.06014341126945,-22.349173434103676,-19.69448761622216,-26.018237149063637
22100076,2022,10/29/2021,POR,LAC,19.0,False,1.8999999999999995,0.0,0,3,3,7,-35.78283369568546,-42.402481360427046,-28.268019202910843,-36.28996537979053
22100077,2022,10/29/2021,LAL,CLE,12.0,False,6.6,0.0,2,2,8,6,8.149308679781718,21.46747896158869,6.235031652650413,22.584339337568228
22100078,2022,10/30/2021,WAS,BOS,3.0,False,7.199999999999999,-1.0,2,2,4,8,2.13614359817843,-16.29664353713259,1.1411488358935866,-13.189757823278924
22100079,2022,10/30/2021,DET,ORL,7.0,False,3.9000000000000004,1.0,0,1,6,7,-3.708974259114878,-2.903908389901826,-4.1402732350184,-6.1850487248519315
22100080,2022,10/30/2021,NOP,NYK,-6.0,False,-13.7,-1.0,2,1,6,1,10.326299903699127,39.47249046406681,5.621397097819491,36.27093892848321
22100081,2022,10/30/2021,IND,TOR,-3.0,False,0.10000000000000009,0.0,1,2,4,8,-13.81462342824097,-16.50605979866779,-16.735076235059605,-18.502423588766096
22100082,2022,10/30/2021,PHI,ATL,28.0,False,-2.9000000000000004,0.0,1,1,4,4,7.724966216069421,3.6289621241324355,4.915025663191425,7.3508202817758175
22100083,2022,10/30/2021,CHI,UTA,8.0,False,-6.8999999999999995,0.0,2,1,6,4,4.937439635339237,13.808397951932989,5.640352786014946,13.373568005932135
22100084,2022,10/30/2021,MEM,MIA,-26.0,False,-7.5,1.0,1,0,3,2,11.862249015713495,-16.825792495980792,13.725634896686877,-7.982119825091367
22100085,2022,10/30/2021,MIL,SAS,-9.0,False,3.6999999999999997,1.0,4,1,8,4,36.473362050079096,36.52297775831656,33.69989113523649,34.6685796991283
22100086,2022,10/30/2021,GSW,OKC,21.0,False,24.9,-1.0,0,1,2,4,-3.8214522432747473,-1.1975343025083873,-2.715242383379426,-5.565665434335912
22100087,2022,10/30/2021,MIN,DEN,-2.0,False,1.8999999999999995,2.0,0,1,3,4,-2.4572004028197383,-0.4778233528908906,-2.865774708675011,4.075308000361456
22100088,2022,10/30/2021,PHX,CLE,9.0,False,4.3,2.0,2,2,6,6,4.510343088292169,6.808215795819297,4.134840532523469,3.73160035611199
22100089,2022,10/31/2021,DAL,SAC,6.0,False,-3.3,0.0,0,0,6,6,0.0,-3.2070528315699676,0.0,1.2013293638933433
22100090,2022,10/31/2021,CHA,POR,12.0,True,-12.1,0.0,1,0,3,4,2.2945921720944127,-2.7234867485014576,1.9937767348991087,-0.2665674810102807
22100091,2022,10/31/2021,MIL,UTA,-12.0,False,-8.5,0.0,5,0,9,4,52.28172724653193,53.283745593303145,48.905332280915005,52.74056939519547
22100092,2022,10/31/2021,BKN,DET,26.0,False,13.3,1.0,3,0,6,2,31.196583068667177,37.55940588502057,28.69554361573378,35.74386126332082
22100093,2022,10/31/2021,LAL,HOU,10.0,False,9.6,-1.0,3,1,9,6,17.8980547256553,18.050892836217898,24.779467669075263,15.852392597043973
22100094,2022,11/01/2021,CHA,CLE,-3.0,False,1.9,-1.0,0,2,3,10,-10.118978956340971,-25.91036578310179,-9.307166678524549,-25.10158416035111
22100095,2022,11/01/2021,IND,SAS,13.0,False,1.2000000000000002,0.0,0,1,4,4,-9.688612099644127,8.099579126689537,-7.489198871683786,8.304418692791604
22100096,2022,11/01/2021,PHI,POR,10.0,True,0.9000000000000004,1.0,2,0,6,4,32.69466729589429,37.11860633048042,32.54947464413439,41.24715813549001
22100097,2022,11/01/2021,ATL,WAS,7.0,False,1.9000000000000004,0.0,1,2,6,3,-7.7665041343519166,12.213069939815323,-9.507391992635894,8.865413579799206
22100098,2022,11/01/2021,BOS,CHI,-14.0,False,-7.4,0.0,1,2,6,8,-16.140933880332508,-20.734963234214216,-13.846566835738777,-19.88050013265744
22100099,2022,11/01/2021,NYK,TOR,-9.0,False,5.8,0.0,0,2,1,9,-19.205931977133044,-47.126443302142604,-19.697849154992877,-46.75075214439869
22100100,2022,11/01/2021,MEM,DEN,9.0,False,-4.5,0.0,1,1,6,5,8.722779395442394,11.822202049229755,10.070155719379736,17.59607777744755
22100101,2022,11/01/2021,MIN,ORL,-18.0,False,19.6,0.0,0,1,3,10,-3.723615824866565,-28.412000878950195,-4.156617398812877,-26.35020280771905
22100102,2022,11/01/2021,LAC,OKC,5.0,False,15.6,1.0,3,1,8,6,26.888166405531365,23.875501592574977,18.962750554922323,11.205413556348766
22100103,2022,11/02/2021,DET,MIL,-28.0,False,-11.5,0.0,1,4,2,8,-43.81833516753204,-57.48524398355344,-39.87741644183078,-55.1305005653199
22100104,2022,11/02/2021,DAL,MIA,-15.0,False,-17.1,-1.0,3,2,5,3,17.050866000366515,13.390328516097444,17.555064288640587,20.11462656757762
22100105,2022,11/02/2021,UTA,SAC,6.0,False,13.5,0.0,0,0,4,7,0.0,-31.574333712156424,0.0,-35.45956017279529
22100106,2022,11/02/2021,PHX,NOP,12.0,False,7.6,0.0,2,1,6,6,-3.9535927256898287,-12.420679180628703,2.552440236063209,-7.149366335234404
22100107,2022,11/02/2021,LAL,HOU,2.0,False,10.6,0.0,3,1,9,8,16.965070668021323,1.9850175523057914,23.501815149088063,0.941049519854019
22100108,2022,11/03/2021,CLE,POR,3.0,True,-7.3,0.0,3,0,10,4,20.13120995618163,28.991886784054266,20.906250146331942,30.596340934419395
22100109,2022,11/03/2021,IND,NYK,13.0,False,-6.199999999999999,0.0,1,0,5,1,6.564843099139127,19.30379831890568,5.858409496441289,21.27830425021235
22100110,2022,11/03/2021,ORL,BOS,-13.0,False,-5.999999999999999,0.0,1,1,8,6,0.9615292574538694,9.932555649762236,-0.1419841532865691,17.903314176713593
22100111,2022,11/03/2021,PHI,CHI,5.0,False,1.9000000000000004,0.0,3,2,7,8,17.12402909222737,2.8566632405386514,11.8826988752406,4.677272319571216
22100112,2022,11/03/2021,WAS,TOR,-9.0,False,1.2999999999999998,0.0,3,3,4,9,-11.824880736311307,-37.967237226973154,-7.9860795109310025,-31.017562132879988
22100113,2022,11/03/2021,BKN,ATL,9.0,False,-2.5,1.0,2,1,6,6,18.396138479612375,12.640627886450872,17.213428625965378,15.170767570577702
22100114,2022,11/03/2021,MEM,DEN,2.0,False,-5.1,0.0,1,1,6,5,8.64382433165809,11.576234375396695,9.978712321018653,17.314414264930797
22100115,2022,11/03/2021,MIN,LAC,-11.0,False,-1.7,0.0,1,3,3,8,-22.250707752194895,-38.49997930222983,-15.062996920781295,-30.92324053102825
22100116,2022,11/03/2021,SAS,DAL,-1.0,False,-0.9999999999999996,1.0,1,1,4,6,8.968065071184611,-10.736830619459148,10.589806966535033,-13.971007943161553
22100117,2022,11/03/2021,GSW,CHA,22.0,False,6.5,1.0,0,1,2,2,-2.3095759762856036,-0.38190418942278725,-2.0067961989066987,-3.690412065596469
22100118,2022,11/03/2021,SAC,NOP,13.0,False,2.2,0.0,0,2,6,5,-23.32603067118104,-5.7811603115391605,-17.280331961583112,0.14948674826536035
22100119,2022,11/04/2021,DET,PHI,-11.0,False,-24.0,1.0,1,3,5,8,-30.148709653481905,-30.20226508804112,-23.647108852702694,-26.02325962450808
22100120,2022,11/04/2021,ATL,UTA,-18.0,False,-6.2,-1.0,1,0,3,3,6.264782232477646,-11.92316166745998,6.533963303719011,-9.305773231369079
22100121,2022,11/04/2021,MIA,BOS,-17.0,False,14.4,1.0,1,1,3,6,1.5154474034023866,-8.463205532239034,0.4733602144554325,-8.726203194651614
22100122,2022,11/04/2021,PHX,HOU,12.0,False,9.3,0.0,1,1,5,7,0.716354968830216,-20.163824715804918,0.913521203430828,-25.199201131000788
22100123,2022,11/04/2021,LAL,OKC,-3.0,False,14.4,-1.0,3,0,7,5,32.66924048606046,25.26851707997781,31.137116704559567,23.7237222803264
22100124,2022,11/05/2021,DET,BKN,-6.0,False,-16.8,-1.0,1,2,5,6,-18.8688405471761,-16.653231968712536,-17.450223161525905,-12.398309713167155
22100125,2022,11/05/2021,ORL,SAS,-13.0,False,-4.2,0.0,1,1,10,4,-11.81525583208159,14.559088141971849,-13.068413699971286,17.693992126186405
22100126,2022,11/05/2021,WAS,MEM,28.0,False,5.8,0.0,3,1,4,2,8.717824548563785,8.72114001866694,10.306738277498116,9.67498060354498
22100127,2022,11/05/2021,TOR,CLE,-1.0,False,5.4,0.0,2,3,8,8,-7.064343739652649,2.394675126499898,-8.49513895049132,1.728769367967672
22100128,2022,11/05/2021,MIL,NYK,-15.0,True,-2.3,1.0,3,0,6,1,35.03915630819239,37.66437514782224,32.20134437710468,37.926425645071504
22100129,2022,11/05/2021,MIN,LAC,-20.0,False,-3.9000000000000004,0.0,1,3,2,7,-22.170142498929735,-35.664363035899946,-14.991692021419466,-30.243746916690277
22100130,2022,11/05/2021,GSW,NOP,41.0,False,17.4,0.0,0,1,2,6,-18.64167506969571,-41.686503776306054,-10.896928676939092,-36.80624024441599
22100131,2022,11/05/2021,POR,IND,4.0,True,1.6,0.0,0,0,4,5,0.0,-21.14074729286675,0.0,-19.537077830325813
22100132,2022,11/05/2021,SAC,CHA,30.0,False,-2.5999999999999996,0.0,0,1,4,3,-2.3259033642530804,0.7190072085731813,-2.0209831061345365,-2.042642743211921
22100133,2022,11/06/2021,DEN,HOU,1.0,False,9.5,1.0,1,1,4,6,-1.9044701711852143,-24.941349497095693,-1.8572469032119194,-26.384159269275877
22100134,2022,11/06/2021,MIA,UTA,3.0,False,-4.0,0.0,1,0,4,4,4.294562973158981,7.97864875093471,4.799236342509602,7.384037441954813
22100135,2022,11/06/2021,CHI,PHI,-9.0,False,-3.8999999999999995,1.0,2,4,8,8,-17.205508833006686,-6.035918814239608,-13.268669830362331,-9.046643203420082
22100136,2022,11/06/2021,DAL,BOS,3.0,False,-3.8,1.0,1,2,7,9,-11.266172068751867,-14.038972165994458,-12.656193863249758,-9.102995188979328
22100137,2022,11/06/2021,PHX,ATL,4.0,False,2.8,0.0,2,2,6,6,11.505414908839482,4.525706078559214,15.299103332421563,7.811927818845103
22100138,2022,11/06/2021,POR,LAL,15.0,True,1.5,-1.0,0,3,2,6,-32.71638812671489,-36.86955089479915,-31.18205321264974,-33.28452873178611
22100139,2022,11/07/2021,TOR,BKN,-13.0,False,1.6,0.0,1,2,9,6,-18.962143384983726,5.064745497328687,-18.89114068953644,-0.4629332221631657
22100140,2022,11/07/2021,NYK,CLE,-17.0,False,4.5,0.0,1,3,2,6,-9.668420091686237,-11.013952372569499,-15.687048170445406,-17.95337453391469
22100141,2022,11/07/2021,ORL,UTA,7.0,False,-20.7,1.0,1,1,9,4,-12.175044133328939,14.93632786890496,-9.458823873464215,21.10793306735903
22100142,2022,11/07/2021,WAS,MIL,7.0,False,6.0,0.0,2,3,4,7,-19.095401427192726,-28.79351544151482,-12.589674763381066,-21.635218268320223
22100143,2022,11/07/2021,SAC,IND,-3.0,False,0.49999999999999994,0.0,0,0,6,4,0.0,2.9845203561766454,0.0,6.464235265691066
22100144,2022,11/07/2021,OKC,SAS,5.0,False,-10.7,1.0,1,1,5,4,-9.031993942962833,-6.372342961294365,-8.861688868516632,-1.5285893133929527
22100145,2022,11/07/2021,GSW,HOU,13.0,False,21.5,1.0,1,2,2,6,-4.76737533597444,-25.42569651801327,-3.7194264753552826,-24.890041498943184
22100146,2022,11/07/2021,LAC,CHA,14.0,False,4.6,0.0,2,2,7,4,10.639171662043054,16.139395973036585,5.844813272479966,11.955678682329797
22100147,2022,11/08/2021,PHI,NYK,-7.0,False,6.6,1.0,5,0,7,1,54.40050616893388,47.54483002492231,53.549674576482474,48.864680805583326
22100148,2022,11/08/2021,CHI,BKN,23.0,False,2.5,1.0,2,2,6,6,-5.941346655381228,-3.226615741583437,-5.792751560186119,-6.766375220498489
22100149,2022,11/08/2021,MEM,MIN,7.0,False,-2.6999999999999997,0.0,2,0,6,4,13.498998590609004,9.13591544718589,15.163265440354902,8.409235347587238
22100150,2022,11/08/2021,DAL,NOP,16.0,False,5.9,-1.0,1,1,6,6,-11.951006408495124,-23.709016321073157,-4.090331960359565,-15.32669361412431
22100151,2022,11/08/2021,DEN,MIA,17.0,False,-11.5,0.0,2,0,3,2,16.69492991867105,4.445483811497439,12.220749437903104,3.6308666278283592
22100152,2022,11/08/2021,GSW,ATL,14.0,False,15.7,-1.0,1,2,3,4,-0.4252810425687663,-0.3113740732608079,0.6452498790803354,-1.2644687414496723
22100153,2022,11/08/2021,SAC,PHX,-5.0,False,-2.5,-1.0,0,2,5,6,-20.945861854387054,0.9777846830536348,-23.93280895838413,1.4944954880660362
22100154,2022,11/08/2021,LAL,CHA,3.0,False,3.5,1.0,3,2,7,4,17.541017324195515,20.413215550523418,17.45930551041888,23.1956601443824
22100155,2022,11/09/2021,PHI,MIL,-9.0,False,7.699999999999999,-1.0,5,3,8,8,19.302565610009047,18.946905223462487,21.261436159004052,21.674768478539768
22100156,2022,11/09/2021,UTA,ATL,12.0,False,15.3,1.0,0,2,3,5,-9.670198477839127,-25.17051563603074,-8.854452471870921,-25.306505847610417
22100157,2022,11/09/2021,LAC,POR,8.0,True,0.6000000000000001,-1.0,2,0,7,4,26.27600171810763,27.931142873625287,19.985581478490808,24.974912446998744
22100158,2022,11/10/2021,CLE,WAS,-3.0,False,-2.1000000000000005,0.0,3,2,8,4,12.1823828571304,23.74712846820244,8.419707752806076,16.4956922856369
22100159,2022,11/10/2021,ORL,BKN,-33.0,False,-8.2,1.0,1,2,7,6,-20.751918035137695,-9.80267489211618,-19.4018876380029,-5.967528043681291
22100160,2022,11/10/2021,BOS,TOR,16.0,False,-6.1,0.0,2,2,8,8,11.194880045913642,3.123905474539299,13.434291720389362,4.5884090345056805
22100161,2022,11/10/2021,NYK,MIL,-12.0,False,5.5,1.0,0,3,1,7,-34.45698968402242,-36.625897945161896,-31.666327272672554,-36.18501047850995
22100162,2022,11/10/2021,HOU,DET,-8.0,False,5.0,0.0,0,1,7,5,-5.673304398040348,19.12182227235305,-6.1751545539148,17.501695882782553
22100163,2022,11/10/2021,CHI,DAL,10.0,False,9.3,0.0,3,1,6,3,16.692308430174148,21.504786857398894,15.626055300130435,18.233760643595158
22100164,2022,11/10/2021,MEM,CHA,-10.0,False,2.1999999999999997,0.0,1,2,6,4,-12.914249091435494,-9.70879436995726,-11.546817967382921,-8.861130294428225
22100165,2022,11/10/2021,NOP,OKC,-8.0,False,-3.0,-1.0,1,0,6,5,18.727740331289688,33.653312053237094,10.947237837121605,17.046594333275838
22100166,2022,11/10/2021,SAS,SAC,19.0,False,-0.5,1.0,2,0,5,5,19.779784188504735,-0.41805829467383404,21.84258072911453,0.19057529433414544
22100167,2022,11/10/2021,DEN,IND,3.0,False,3.6999999999999997,-1.0,3,0,4,5,44.08070474566638,13.706169463654035,40.45252726328003,11.929854824325854
22100168,2022,11/10/2021,PHX,POR,10.0,True,-1.4,1.0,2,0,7,4,20.945861854387054,20.467037196003925,23.93280895838413,22.759344447173454
22100169,2022,11/10/2021,GSW,MIN,13.0,False,15.899999999999999,0.0,0,0,3,4,0.0,1.582311987454176,0.0,-6.513183346351912
22100170,2022,11/10/2021,LAL,MIA,3.0,False,-8.799999999999999,0.0,3,2,9,4,24.099596705932818,36.34839512476316,20.744571221439827,42.556152024231885
22100171,2022,11/11/2021,PHI,TOR,-6.0,False,5.5,1.0,4,4,6,10,9.75397750747112,-15.8310999941096,11.63104931562859,-7.61707935432581
22100172,2022,11/11/2021,UTA,IND,-11.0,False,8.7,1.0,0,1,3,5,-13.774089182726119,-27.907936889621936,-10.781958020355136,-26.451937698988637
22100173,2022,11/11/2021,LAC,MIA,3.0,False,0.7000000000000002,1.0,4,2,8,4,10.777163107121087,15.344670361327246,6.253434726181364,15.015169169712067
22100174,2022,11/12/2021,CHA,NYK,8.0,False,-5.2,0.0,2,0,3,1,15.23414385308621,9.499285162503467,13.784748779138441,12.862730506924304
22100175,2022,11/12/2021,BOS,MIL,9.0,False,-1.5,0.0,2,3,9,8,-16.280306205903024,-22.435565157032975,-12.024706139066573,-22.694599440926737
22100176,2022,11/12/2021,CLE,DET,20.0,False,13.4,0.0,3,2,6,5,7.3989731307806395,4.119775898510568,10.050293051550433,4.65812792680731
22100177,2022,11/12/2021,HOU,POR,-12.0,False,-4.9,0.0,0,0,6,4,0.0,17.262352491513788,0.0,19.156293229466318
22100178,2022,11/12/2021,MEM,PHX,-25.0,False,-7.8,0.0,2,1,3,5,9.355327909720843,-15.490855798510424,9.727938313247495,-14.594727627945431
22100179,2022,11/12/2021,NOP,BKN,-8.0,False,-15.7,0.0,1,2,6,6,-5.84313534033414,12.003337618947995,-12.725479306633504,5.0135923133901485
22100180,2022,11/12/2021,OKC,SAC,2.0,False,-7.5,0.0,2,0,6,6,10.108809260387982,-5.8283490779855605,14.287788122297416,5.006497478766857
22100181,2022,11/12/2021,SAS,DAL,-14.0,False,0.39999999999999997,0.0,1,1,5,7,8.731937908499301,-0.3303007247260652,10.34411468783765,-0.6658385289718751
22100182,2022,11/12/2021,DEN,ATL,9.0,False,9.3,-1.0,2,2,6,6,6.29486446745414,7.748331264658319,2.819756964609139,3.1973349978647114
22100183,2022,11/12/2021,GSW,CHI,26.0,False,6.9,0.0,0,3,3,5,-33.49560708627395,-24.2466619999889,-33.635298595277945,-26.67157549059999
22100184,2022,11/12/2021,LAL,MIN,-24.0,False,6.1,0.0,4,0,8,0,36.58883755774754,55.557497814958175,36.315896353879225,52.06466224044944
22100185,2022,11/13/2021,UTA,MIA,-6.0,True,1.2999999999999998,0.0,0,1,4,4,-4.4146467251160395,-26.71955891716489,-5.704753605662358,-24.188779414400603
22100186,2022,11/13/2021,IND,PHI,5.0,False,-4.1,0.0,0,3,6,6,-36.30468033037627,-10.49778863426996,-37.56338190308914,-14.818513728418964
22100187,2022,11/13/2021,ORL,WAS,-12.0,False,-9.4,0.0,1,3,9,4,-28.118624828167487,6.569193683921846,-30.7931986914587,4.6764629202496835
22100188,2022,11/13/2021,NOP,MEM,11.0,False,-1.0999999999999996,0.0,1,0,6,5,18.870771628994543,23.854079214118123,11.03084630276821,18.468505527170848
22100189,2022,11/13/2021,TOR,DET,-6.0,False,13.0,1.0,1,2,8,6,-15.235265371020734,6.440011070644793,-13.364075586608799,6.399228194307412
22100190,2022,11/13/2021,CLE,BOS,2.0,False,-0.20000000000000018,0.0,4,2,8,8,12.468692406185923,-9.36276924446873,11.64126194635109,-8.33500341250415
22100191,2022,11/13/2021,LAC,MIN,27.0,False,9.7,1.0,3,0,7,2,34.90250996445115,46.702090439061905,27.74221199526442,38.18296969132149
22100192,2022,11/14/2021,LAL,SAS,8.0,False,-0.5,0.0,3,1,9,5,13.910699951692404,23.768428622797558,13.392618530191402,28.296781210009804
22100193,2022,11/14/2021,ATL,MIL,20.0,False,-9.7,0.0,2,3,3,7,-20.304901803435502,-34.98708561530971,-17.012234585033045,-31.231674407175245
22100194,2022,11/14/2021,CHA,GSW,4.0,False,-21.5,0.0,1,0,4,3,12.982372395922123,6.142913215356316,11.829598484371333,10.60182248854145
22100195,2022,11/14/2021,HOU,PHX,-26.0,False,-16.4,0.0,0,1,5,6,-5.107170393215111,-3.660953377781773,-5.672239908473649,-4.592998088968589
22100196,2022,11/14/2021,OKC,BKN,-24.0,False,-13.3,0.0,2,3,6,6,-18.491613952606627,-14.639138170037963,-15.091108561873476,-6.878221830027229
22100197,2022,11/14/2021,DEN,POR,29.0,False,0.09999999999999964,0.0,2,1,4,3,-3.2194518474107205,4.91188686968464,-4.901843741859318,4.451771313119931
22100198,2022,11/14/2021,LAC,CHI,-10.0,False,5.3999999999999995,-1.0,3,3,10,8,0.17006279918192746,7.067992173895632,-6.880872376376836,4.9968512029594905
22100199,2022,11/15/2021,CLE,BOS,-6.0,False,0.0,0.0,4,2,8,7,12.582270703945376,20.557858663118708,11.758790323036198,21.69802826935863
22100200,2022,11/15/2021,DET,SAC,-22.0,False,-10.5,-1.0,2,0,3,5,20.822560769045715,-2.124516144742511,18.107541779664125,-5.419147967505701
22100201,2022,11/15/2021,WAS,NOP,5.0,False,14.3,0.0,3,1,4,6,13.000521558212675,-9.736881844372945,24.000003790514356,0.5319087778212861
22100202,2022,11/15/2021,ATL,ORL,18.0,False,0.20000000000000018,-1.0,2,1,4,8,9.669380069882134,-12.443644869368828,9.757007161648048,-15.60455740250099
22100203,2022,11/15/2021,NYK,IND,8.0,False,-2.7,1.0,0,0,1,5,0.0,-18.557594770724375,0.0,-21.86320907590811
22100204,2022,11/15/2021,DAL,DEN,10.0,False,-7.0,2.0,1,2,6,6,-9.180841031515225,-8.332284965216225,-4.79782061918007,-1.0033513747731249
22100205,2022,11/15/2021,MEM,HOU,34.0,False,2.5999999999999996,1.0,0,0,1,4,0.0,-26.67771729463266,0.0,-24.86774608580667
22100206,2022,11/15/2021,MIN,PHX,-3.0,False,-14.899999999999999,1.0,1,1,6,5,-2.4374574837560115,11.4651354370016,-1.009160731051729,17.756112733308694
22100207,2022,11/15/2021,OKC,MIA,-13.0,False,-8.2,-1.0,1,1,6,4,2.7255958121957615,-30.125116210188697,0.3520646835358523,-18.94142466911127
22100208,2022,11/15/2021,POR,TOR,5.0,False,-3.2,-1.0,0,2,4,9,-6.810148665558272,-24.281642443032688,-6.039622037054291,-22.837884488193154
22100209,2022,11/15/2021,LAL,CHI,-18.0,False,-3.9000000000000004,0.0,4,2,7,5,11.910632516479648,9.302914415630156,20.316137862110914,14.992411229920727
22100210,2022,11/16/2021,BKN,GSW,-18.0,False,-6.1,0.0,4,0,7,2,36.83706245409398,40.53765093043451,35.997308672633096,41.595382322912364
22100211,2022,11/16/2021,UTA,PHI,35.0,False,0.0,0.0,0,4,2,6,-43.09833585476551,-42.42679521394719,-43.15715338912611,-46.34207365411994
22100212,2022,11/16/2021,LAC,SAS,14.0,False,5.5,0.0,3,1,9,5,17.860393079063194,28.972752219341082,9.304577116699868,21.051396753419297
22100213,2022,11/17/2021,CHA,WAS,10.0,False,-11.5,1.0,1,2,4,2,-2.736460746306909,12.218822035642198,-7.564719263795265,10.540386172968894
22100214,2022,11/17/2021,DET,IND,8.0,False,-12.0,0.0,2,0,6,5,20.955195855138484,6.573551241481908,18.07758950717677,1.844659655609128
22100215,2022,11/17/2021,ATL,BOS,11.0,False,-7.9,0.0,2,1,6,6,-1.3799504030756182,-12.80404291829803,-0.7300713323999943,-13.056528703782092
22100216,2022,11/17/2021,BKN,CLE,10.0,False,6.9,-1.0,4,5,7,7,-9.377233562957777,-3.4907234835545538,-11.670305985224239,-4.476960327952547
22100217,2022,11/17/2021,MIA,NOP,15.0,False,14.0,0.0,1,0,4,5,4.329792615073343,23.4381556468394,5.595102297106378,19.286421121660258
22100218,2022,11/17/2021,NYK,ORL,-6.0,False,5.8999999999999995,0.0,1,1,1,8,8.916473613546769,-22.82531309333675,5.8966827278640555,-25.084337096742907
22100219,2022,11/17/2021,MIL,LAL,7.0,False,-0.5999999999999996,1.0,2,4,8,7,-14.089524174030416,-5.660760786260532,-27.109219153632257,-15.376952297684284
22100220,2022,11/17/2021,MIN,SAC,10.0,False,-10.0,0.0,0,0,4,7,0.0,-19.4117022196819,0.0,-14.951636052389926
22100221,2022,11/17/2021,OKC,HOU,12.0,False,10.4,0.0,1,0,6,4,3.584434072935221,-3.1705360023420504,5.91425887988306,5.934873184945079
22100222,2022,11/17/2021,PHX,DAL,7.0,False,10.4,0.0,2,2,6,7,-9.191885453080648,-20.573025044172216,-10.917113695143552,-26.000756271470532
22100223,2022,11/17/2021,POR,CHI,5.0,False,-7.800000000000001,0.0,0,2,4,6,-23.55251067195515,-18.722978964492857,-25.33506258498856,-19.368931591742687
22100224,2022,11/18/2021,CLE,GSW,-15.0,False,-14.3,-1.0,5,1,8,2,38.95427489386754,48.678422077649415,39.282620660258225,46.77008340996982
22100225,2022,11/18/2021,MIA,WAS,15.0,False,-0.5,0.0,1,3,3,4,-24.162799502789564,-9.047436211638995,-25.213726722210424,-14.461912964602412
22100226,2022,11/18/2021,MEM,LAC,12.0,False,-11.8,1.0,1,4,1,9,-34.81057558024871,-61.218537246301054,-28.421422171868063,-55.107819946973834
22100227,2022,11/18/2021,MIN,SAS,25.0,False,-4.800000000000001,-1.0,0,0,5,3,0.0,8.766802422208729,0.0,12.730171159903815
22100228,2022,11/18/2021,DEN,PHI,-14.0,False,7.0,1.0,3,4,4,7,-22.780544052475086,-30.49492288142979,-28.014726234632448,-38.564174982360186
22100229,2022,11/18/2021,UTA,TOR,16.0,False,6.1,-1.0,0,2,2,9,-6.823808162098126,-43.3281328684458,-6.051736045186653,-39.522482696246996
22100230,2022,11/19/2021,CHA,IND,3.0,False,-4.699999999999999,0.0,1,0,3,2,13.054255592697348,11.369371395105185,11.895098789684642,11.753619790045136
22100231,2022,11/19/2021,DET,GSW,-3.0,False,-26.299999999999997,1.0,2,4,6,5,-41.09806645636068,-28.585725204555025,-38.97890326146906,-28.56346061428402
22100232,2022,11/19/2021,BOS,LAL,22.0,False,6.8999999999999995,0.0,2,2,7,7,3.896756329272643,6.775509354358185,4.986730173076218,1.6713364478477502
22100233,2022,11/19/2021,BKN,ORL,2.0,False,15.4,0.0,5,1,8,8,52.68189677088539,33.50367998748416,50.811213682592935,32.887635381051005
22100234,2022,11/19/2021,MIL,OKC,7.0,False,0.8999999999999999,0.0,2,2,8,8,13.659768202000864,8.291853435598298,8.653816172240832,-2.7604490789525684
22100235,2022,11/19/2021,NOP,LAC,13.0,False,-19.3,1.0,0,4,5,8,-37.021107128634014,-20.478056369741203,-30.721711545706697,-15.904569071897562
22100236,2022,11/19/2021,DEN,CHI,-6.0,False,-1.1999999999999997,-1.0,3,2,6,7,-3.4017841887434237,11.173795640319433,-10.381066764478803,9.551351546785547
22100237,2022,11/19/2021,PHX,DAL,8.0,False,12.600000000000001,0.0,2,1,6,6,7.675494235037637,-17.317647277453403,8.659237728600328,-22.555042601249784
22100238,2022,11/19/2021,SAC,TOR,-19.0,False,4.4,1.0,0,3,4,8,-18.1711481567495,-27.21504526516522,-16.214806652580478,-23.868655240800734
22100239,2022,11/20/2021,NYK,HOU,7.0,False,10.1,0.0,0,0,1,5,0.0,-25.995566202981365,0.0,-27.194236615541634
22100240,2022,11/20/2021,IND,NOP,17.0,False,11.3,0.0,0,1,1,3,-10.562290157271605,-12.747461726966115,-8.896103701618241,-11.626621843170977
22100241,2022,11/20/2021,WAS,MIA,3.0,False,-1.0000000000000002,0.0,2,1,3,4,11.381037703975242,-2.361827537535362,13.78193697463497,3.4711929423461534
22100242,2022,11/20/2021,ATL,CHA,10.0,False,2.7,2.0,2,2,6,4,-1.5769199561246836,3.074447173530242,0.4644101307075701,0.610502019452106
22100243,2022,11/20/2021,BOS,OKC,6.0,False,9.3,0.0,1,3,8,7,2.008306268619359,16.78092312603813,-0.17109740273172136,12.131254752346422
22100244,2022,11/20/2021,MIL,ORL,9.0,False,6.7,0.0,2,2,7,6,3.350780397545421,5.58806093448392,1.5236047675223237,0.6653585267325326
22100245,2022,11/20/2021,MIN,MEM,43.0,False,-0.3999999999999999,0.0,0,2,1,3,-11.280669219377476,-19.157533572897414,-13.323896303652973,-22.073831268577514
22100246,2022,11/20/2021,POR,PHI,7.0,False,-0.5999999999999999,1.0,0,3,4,6,-36.622911694510734,-27.686692172894816,-36.74708923947945,-31.74913704179501
22100247,2022,11/20/2021,SAC,UTA,-18.0,False,-7.1000000000000005,-1.0,0,0,5,2,0.0,21.21415207452957,0.0,24.145421584727117
22100248,2022,11/21/2021,LAC,DAL,6.0,False,5.2,0.0,2,0,8,5,25.264462078527387,18.106449218688546,19.216202327795195,6.884685013539631
22100249,2022,11/21/2021,DET,LAL,-5.0,False,-2.1000000000000005,0.0,1,2,6,7,1.6664628908596963,3.4792760093025166,-1.699367426429614,-5.552635602829369
22100250,2022,11/21/2021,CHI,NYK,6.0,False,6.4,1.0,3,1,6,2,16.227114656663147,15.229464282888756,16.919684282370753,15.174950220032073
22100251,2022,11/21/2021,PHX,DEN,29.0,False,9.399999999999999,0.0,3,3,4,5,-1.7234339094179916,-31.40041238684211,3.567003899595658,-28.143217964876097
22100252,2022,11/21/2021,GSW,TOR,15.0,False,17.5,0.0,1,1,3,8,6.169316032486259,-24.1138302240893,7.218245058654941,-19.456996064953007
22100253,2022,11/22/2021,CLE,BKN,-5.0,False,-5.2,0.0,2,4,8,7,-18.15605998958386,-9.703412477464546,-19.79621460640294,-13.088580187644204
22100254,2022,11/22/2021,WAS,CHA,-6.0,False,6.1000000000000005,0.0,1,1,3,4,7.673599166802144,-9.006675779455783,10.346983172620163,-7.239127553920277
22100255,2022,11/22/2021,ATL,OKC,12.0,False,1.8,0.0,2,2,4,6,7.5872887414020616,-6.398461218272985,6.054407563694367,-18.051400299517816
22100256,2022,11/22/2021,BOS,HOU,18.0,False,20.0,0.0,0,0,6,4,0.0,-6.945010310366456,0.0,-7.403418072897409
22100257,2022,11/22/2021,CHI,IND,-32.0,False,0.5,-1.0,3,0,5,1,29.48817719245735,37.1668104007912,30.866624738195725,36.46462635280351
22100258,2022,11/22/2021,MIL,ORL,31.0,False,9.0,0.0,3,3,6,7,3.1361313315380066,-3.063037362094491,-0.213925506439125,-8.91857443298855
22100259,2022,11/22/2021,NOP,MIN,-14.0,False,-12.0,0.0,0,0,4,1,0.0,19.302748414502506,0.0,18.32420844113384
22100260,2022,11/22/2021,SAS,PHX,-4.0,False,-16.8,2.0,1,3,3,7,-9.739672428516787,-18.24205635814268,-9.946985759041723,-14.860105872052296
22100261,2022,11/22/2021,UTA,MEM,-1.0,False,13.1,0.0,0,2,4,6,-11.29054657276064,-21.12810759512755,-13.33556270656511,-24.904396373315727
22100262,2022,11/22/2021,SAC,PHI,-8.0,False,1.9,0.0,1,3,6,7,-34.89227492273171,-39.60905713617459,-35.16090016414372,-38.46891038866923
22100263,2022,11/23/2021,DET,MIA,-8.0,False,-8.2,-1.0,3,1,6,4,29.08519180321978,20.297516314354766,25.776159791347535,18.908223757007857
22100264,2022,11/23/2021,NYK,LAL,6.0,False,4.5,0.0,1,3,3,9,-16.305561566392445,-20.834319275910737,-16.72618629346075,-28.546312208965603
22100265,2022,11/23/2021,POR,DEN,19.0,True,0.0,1.0,0,2,1,4,-19.115146552347003,-47.81123276223589,-15.608681130632572,-45.856782470577535
22100266,2022,11/23/2021,LAC,DAL,-8.0,False,5.9,0.0,2,1,7,7,21.23210601103877,12.75667079231151,14.529763299501516,4.063428583835041
22100267,2022,11/24/2021,CLE,PHX,-5.0,False,-11.7,0.0,3,2,8,7,9.547885589372383,8.782940042792134,7.431527490445365,7.666868707596933
22100268,2022,11/24/2021,IND,LAL,-8.0,False,11.5,1.0,0,2,5,9,-14.248382595458585,-31.21641429765698,-14.375214931334419,-35.83096377172596
22100269,2022,11/24/2021,ORL,CHA,-7.0,False,-10.200000000000001,0.0,2,0,9,2,16.685252884636512,36.6228819355226,15.609516369107013,35.34380623463625
22100270,2022,11/24/2021,BOS,BKN,-19.0,False,1.7999999999999998,0.0,1,4,6,8,-37.276330265562564,-26.70600638136665,-35.850059897563966,-28.495520046925208
22100271,2022,11/24/2021,HOU,CHI,5.0,False,-14.4,0.0,0,1,5,6,-6.972331598002167,8.611104737399636,-7.831929355485323,10.222513829560487
22100272,2022,11/24/2021,MEM,TOR,-13.0,False,-2.3,-1.0,2,0,5,8,11.21186002413377,-25.39212565901596,13.242623946106125,-19.10115033530529
22100273,2022,11/24/2021,MIL,DET,21.0,False,7.699999999999999,1.0,3,2,6,5,-3.7608324340267814,-4.478407688147996,-3.343060137205434,-4.57967957684798
22100274,2022,11/24/2021,MIN,MIA,12.0,False,1.1999999999999997,1.0,0,1,4,4,-4.250951829167357,-10.764264864815308,-5.493221606379397,-4.301718563095253
22100275,2022,11/24/2021,NOP,WAS,25.0,False,-11.8,0.0,0,1,2,1,-10.013799821414077,0.17952681698821493,-12.380980722334456,-1.3740968452551492
22100276,2022,11/24/2021,OKC,UTA,-6.0,False,-10.3,0.0,1,0,7,3,12.468164227086193,28.677162023644936,16.150129795194186,40.44354296607805
22100277,2022,11/24/2021,SAS,ATL,-18.0,False,-6.6,0.0,0,3,3,4,-17.30312153382982,-8.006434329146536,-16.746978267193903,-6.625645324065783
22100278,2022,11/24/2021,GSW,PHI,20.0,False,18.1,1.0,1,2,3,5,-21.59025073626006,-32.23245913496204,-21.736506081011147,-35.35039483487227
22100279,2022,11/24/2021,SAC,POR,4.0,False,-5.2,1.0,1,0,6,3,1.488250652741514,19.53224219872009,1.3416996546786826,18.416314505187522
22100280,2022,11/26/2021,LAC,DET,11.0,False,9.2,1.0,2,1,8,5,9.377088757300717,16.387472250064214,5.769184312021183,14.834044465936728
22100281,2022,11/26/2021,CHA,MIN,18.0,False,-5.699999999999999,0.0,0,1,2,1,-10.195227765726681,8.359191150926016,-11.193328966897207,11.118095110042352
22100282,2022,11/26/2021,NYK,PHX,-21.0,False,-12.799999999999999,1.0,0,2,2,6,-14.782608695652172,-8.511163223462344,-15.861462935655721,-7.305634299391588
22100283,2022,11/26/2021,ORL,CHI,-35.0,False,-11.7,0.0,1,1,7,3,-2.8336561796343505,25.061138845698892,-3.2120516472414895,26.08055048730868
22100284,2022,11/26/2021,IND,TOR,17.0,False,7.199999999999999,0.0,0,1,5,8,-7.653137317315017,-26.18548447380358,-6.878456591754918,-19.570564263880566
22100285,2022,11/26/2021,MEM,ATL,-32.0,False,-12.6,0.0,1,3,1,4,-14.507532766266857,-19.397633841190647,-14.693039153561328,-20.062888386718758
22100286,2022,11/26/2021,OKC,WAS,-2.0,False,-4.3,0.0,0,1,7,3,-10.097996381017067,9.54086730538279,-12.485080664406626,17.630906698813643
22100287,2022,11/26/2021,SAS,BOS,8.0,False,-9.9,0.0,2,3,4,8,-2.8296020445634724,-12.1211698655339,-5.31201359509787,-13.312728848527257
22100288,2022,11/26/2021,DEN,MIL,-11.0,False,-7.9,1.0,2,3,5,7,-3.2523631179643075,20.39281172653542,-4.942706568848871,20.600119309322878
22100289,2022,11/26/2021,UTA,NOP,-1.0,False,9.3,0.0,0,0,4,4,0.0,-7.838584362503589,0.0,-10.692052709210202
22100290,2022,11/26/2021,GSW,POR,15.0,False,12.100000000000001,0.0,2,0,3,4,15.405859302108606,-2.15981208988444,16.06931343771381,-1.0571967877951742
22100291,2022,11/26/2021,LAL,SAC,-4.0,False,0.7999999999999998,0.0,0,2,7,5,-29.5247463698962,-4.021642392476956,-24.924258979828444,7.542595115630284
22100292,2022,11/27/2021,PHI,MIN,-1.0,False,-12.5,2.0,1,1,5,6,2.187211732504478,5.542301300154804,-1.1964202993558661,-1.7446263763834153
22100293,2022,11/27/2021,ATL,NYK,-9.0,False,12.8,0.0,3,3,4,4,-14.361631898811314,-21.80835942372986,-12.553640784919779,-18.59050885630183
22100294,2022,11/27/2021,BKN,PHX,-6.0,False,-6.500000000000001,2.0,3,3,7,7,12.491686125173608,16.683603247656905,11.915766415998192,20.724929712860106
22100295,2022,11/27/2021,CLE,ORL,13.0,False,13.0,2.0,2,1,8,7,-0.9792869121724408,-13.077868517234556,-1.7450141652789348,-19.3661095774073
22100296,2022,11/27/2021,CHI,MIA,-3.0,False,-0.19999999999999996,-2.0,2,1,7,4,9.011133508900176,0.17562009359614095,8.250285001001652,-0.4359073303395391
22100297,2022,11/27/2021,HOU,CHA,3.0,False,-17.9,2.0,1,1,5,2,-5.251662067363513,22.09473491171355,-4.042714637764371,17.383566003840144
22100298,2022,11/27/2021,DAL,WAS,-6.0,False,4.5,2.0,1,2,7,3,-18.542335059088337,13.52001377829307,-20.36280540523163,13.225156676647195
22100299,2022,11/27/2021,UTA,NOP,22.0,False,7.8,0.0,1,0,3,0,10.258837450081352,16.825913326431007,10.133399944306724,16.087574213648992
22100300,2022,11/28/2021,LAC,GSW,-15.0,False,-10.9,0.0,1,2,6,3,-6.144999389938496,11.578333914709866,-7.7654253303897445,10.164117847510084
22100301,2022,11/28/2021,IND,MIL,-18.0,False,-2.5999999999999996,0.0,0,2,0,7,-14.300270457261464,-32.852380652871254,-13.208663738384663,-32.622855085489114
22100302,2022,11/28/2021,TOR,BOS,-12.0,False,-8.7,0.0,1,3,8,9,-18.04125966639449,12.452709023847454,-21.020272495431897,7.174498055758114
22100303,2022,11/28/2021,MEM,SAC,27.0,False,-2.9000000000000004,0.0,2,1,2,4,7.000848739406189,-14.469600751799419,10.662332700919018,-8.693922465407304
22100304,2022,11/28/2021,LAL,DET,4.0,False,1.0999999999999996,0.0,0,1,4,6,-15.44391437557676,-10.932498535560203,-12.295545289770534,2.4686524438734274
22100305,2022,11/29/2021,PHI,ORL,5.0,False,8.600000000000001,0.0,0,1,4,4,-15.959493670886076,-21.126670127380905,-13.971389535282704,-12.880821351408539
22100306,2022,11/29/2021,MIA,DEN,-9.0,False,7.0,-1.0,1,2,3,4,-14.614329794718113,14.786779208022004,-8.901479600661709,17.266843384084016
22100307,2022,11/29/2021,CHI,CHA,14.0,False,-4.8999999999999995,0.0,2,1,6,3,1.6817348157722396,2.180358421911272,0.6687879651952606,-1.0319707012627255
22100308,2022,11/29/2021,HOU,OKC,13.0,False,-7.3999999999999995,-1.0,1,1,6,7,0.5182730349306466,9.171865066554908,2.748079936916925,1.631418590794027
22100309,2022,11/29/2021,MIN,IND,2.0,False,4.3999999999999995,1.0,1,0,6,4,10.219242616416018,4.988146202928519,11.219694844152084,11.827028926140912
22100310,2022,11/29/2021,DAL,CLE,-18.0,False,0.5999999999999999,0.0,2,2,3,6,-5.659452866523186,-22.364770043678583,-3.0712116163442724,-16.3711923076971
22100311,2022,11/29/2021,SAS,WAS,17.0,False,-2.3,1.0,2,1,3,1,9.674105081039919,11.834674685753889,7.096643831346311,10.260640031134953
22100312,2022,11/29/2021,UTA,POR,22.0,False,10.8,-1.0,0,1,2,2,-12.832369942196532,-2.902512268995718,-12.789017341040463,-2.794495431240982
22100313,2022,11/29/2021,LAC,NOP,-19.0,False,3.4,-1.0,1,0,7,1,9.63422318023545,30.373286279328056,8.639107627351793,31.776557662351298
22100314,2022,11/30/2021,BKN,NYK,2.0,False,7.0,0.0,3,0,7,2,31.21143522411228,28.376019265608782,30.717425028854812,32.251659237771314
22100315,2022,11/30/2021,TOR,MEM,-7.0,False,1.0999999999999996,0.0,3,2,4,6,9.60043018975377,5.970179011055286,3.903942531359874,-1.8530319753915947
22100316,2022,11/30/2021,PHX,GSW,8.0,False,-0.1999999999999993,1.0,3,2,6,2,2.1736599802421814,11.727021522320229,1.5542618182004837,9.26821183754074
22100317,2022,11/30/2021,POR,DET,18.0,False,4.8,-1.0,3,1,3,3,25.801962535867048,16.29560285449159,29.228398500386632,18.42056854926633
22100318,2022,11/30/2021,SAC,LAL,-25.0,False,-1.7000000000000002,0.0,0,1,4,3,-3.973817217665092,7.017739730527179,-4.736379162886207,-8.684909096885484
22100319,2022,12/01/2021,IND,ATL,-3.0,False,-6.699999999999999,-1.0,1,2,2,5,-11.538128270194868,-23.367437785956078,-13.390533527946301,-22.530305668272682
22100320,2022,12/01/2021,ORL,DEN,5.0,False,-8.7,0.0,1,3,3,6,-14.615777071783608,-14.038167336610826,-10.204827013954413,-12.260546973605607
22100321,2022,12/01/2021,WAS,MIN,8.0,False,-10.4,0.0,1,2,2,5,-12.156866473455885,-15.402310555796529,-13.033034264136635,-20.2068966856973
22100322,2022,12/01/2021,BOS,PHI,1.0,False,8.899999999999999,1.0,0,1,6,2,-5.043927648578811,11.481637797749762,-5.234108527131783,16.595308809469987
22100323,2022,12/01/2021,MIA,CLE,-26.0,False,2.4,0.0,1,4,3,4,-23.35587170222071,19.00468965078397,-18.340262187887973,24.03194254175917
22100324,2022,12/01/2021,MIL,CHA,2.0,False,5.799999999999999,1.0,2,1,5,2,4.3156929384474285,7.307201812591032,1.5801480652996052,4.91164544736759
22100325,2022,12/01/2021,NOP,DAL,-32.0,False,0.29999999999999993,0.0,0,2,1,3,-6.452232357177149,3.3469296814857703,-6.650618190095827,2.615074277730743
22100326,2022,12/01/2021,OKC,HOU,-4.0,False,2.6999999999999993,0.0,3,2,8,4,5.646368941710165,20.27826207060982,1.9710057230649198,25.853585299488334
22100327,2022,12/01/2021,LAC,SAC,-9.0,False,6.0,1.0,2,2,3,6,5.017207547075355,-10.423285121747874,6.504866035591473,-7.658172246507355
22100328,2022,12/02/2021,NYK,CHI,-4.0,False,-6.9,-1.0,0,3,3,6,-21.68293816829382,-0.7312007952067674,-22.546880380830373,0.5090267201803158
22100329,2022,12/02/2021,TOR,MIL,4.0,False,-11.7,1.0,3,2,4,4,19.273199579270482,-5.543889737485387,14.396382831987712,-11.971994457439436
22100330,2022,12/02/2021,MEM,OKC,73.0,False,3.2,1.0,2,6,4,6,-23.295909870750954,-10.873272139915812,-29.976347135919276,-14.77227867775565
22100331,2022,12/02/2021,PHX,DET,11.0,False,19.5,0.0,3,1,5,4,14.96435092250529,7.117191580360707,18.98436589821395,10.633247450804749
22100332,2022,12/02/2021,POR,SAS,-31.0,False,4.0,-1.0,2,0,2,1,28.172362555720657,26.006608541077206,28.425136961877996,25.2535485728448
22100333,2022,12/03/2021,IND,MIA,-9.0,False,0.6000000000000001,0.0,2,3,3,4,-28.69747561615428,-27.034065374820138,-29.659821580348286,-27.04894540179774
22100334,2022,12/03/2021,WAS,CLE,-15.0,False,-8.7,0.0,0,3,0,4,-21.4107220204578,-27.995868457001965,-17.71476127472688,-24.327912312345585
22100335,2022,12/03/2021,ATL,PHI,-2.0,False,15.399999999999999,0.0,2,1,4,3,13.462934900262876,5.50214937374362,15.667384099501206,8.100658369865737
22100336,2022,12/03/2021,BKN,MIN,5.0,False,0.10000000000000053,1.0,1,1,2,6,-1.2166208717221014,-30.942927789203463,-1.7055665045387958,-37.55294607955263
22100337,2022,12/03/2021,HOU,ORL,2.0,False,2.5,0.0,1,1,3,3,0.44981066749664755,3.398536091431467,2.64040002273938,8.68646792564601
22100338,2022,12/03/2021,DAL,NOP,-16.0,False,5.6000000000000005,0.0,1,0,4,3,2.5250890255746197,0.5284331211583186,2.8276557369467703,2.9748666995209803
22100339,2022,12/03/2021,UTA,BOS,7.0,False,7.5,1.0,0,1,2,5,-15.03000461609478,-22.22475077252735,-15.750495327866204,-26.728725819020735
22100340,2022,12/03/2021,GSW,PHX,22.0,False,1.3000000000000007,2.0,1,4,2,4,-28.499843835493877,-23.497877653818687,-26.694318651917865,-23.915756971642136
22100341,2022,12/03/2021,LAL,LAC,-4.0,False,4.8,1.0,0,1,5,4,-10.88935230618253,5.170199593580758,-9.764594903536713,15.392061682082812
22100342,2022,12/04/2021,NYK,DEN,-14.0,False,3.0,-1.0,0,4,2,5,-29.02609802673457,-11.031069638250376,-26.30835815961597,-10.874403289052069
22100343,2022,12/04/2021,BKN,CHI,-4.0,False,1.2999999999999998,-1.0,1,3,4,5,-12.400608314507679,1.6004931504885533,-14.399727519264458,4.456134550834157
22100344,2022,12/04/2021,MIL,MIA,22.0,False,6.8999999999999995,1.0,1,3,5,3,-42.60213556514793,6.807190859722532,-43.69575193305039,5.3541159999317784
22100345,2022,12/04/2021,DAL,MEM,-7.0,False,-5.2,-1.0,3,3,5,6,9.638499717862977,6.689018525380575,12.478209217433687,8.103584023351218
22100346,2022,12/04/2021,GSW,SAS,-5.0,False,11.9,-1.0,2,0,2,4,17.8125,-8.142092998215716,19.016321995842084,-9.363950222113004
22100347,2022,12/04/2021,POR,BOS,-28.0,False,-6.7,1.0,3,3,3,4,4.968543706984065,0.4687742279614753,5.410431809634289,0.899814284615978
22100348,2022,12/04/2021,SAC,LAC,5.0,False,-2.7,2.0,0,2,5,4,-14.265399938706713,12.565928777670841,-13.257261464541113,6.544374580966462
22100349,2022,12/05/2021,CLE,UTA,-1.0,False,-8.5,0.0,2,0,6,4,17.020845854553507,10.431311614507845,15.15698125029649,5.716133126204927
22100350,2022,12/05/2021,ATL,CHA,-3.0,False,9.4,-1.0,2,4,5,4,-37.12347328837368,-21.769649128259317,-37.0098996779366,-22.45780952335167
22100351,2022,12/05/2021,TOR,WAS,12.0,False,2.7,1.0,3,0,3,0,32.14731214731215,32.14731214731215,27.560269031634114,27.560269031634114
22100352,2022,12/05/2021,HOU,NOP,10.0,False,-4.4,0.0,2,0,3,3,17.348619952433395,-3.370583544924891,23.370610371961728,2.303233602152389
22100353,2022,12/06/2021,CHA,PHI,-3.0,False,5.8,-2.0,4,1,5,2,50.22225175486112,40.074947397051204,52.29203987615985,43.77390645714331
22100354,2022,12/06/2021,DET,OKC,-11.0,False,2.9000000000000004,0.0,2,3,4,5,4.432481846434225,13.316908335347847,-5.879033250621532,5.568497669680269
22100355,2022,12/06/2021,IND,WAS,6.0,False,8.6,2.0,2,1,4,1,4.374416717383651,14.818137806984472,4.720163103526364,16.009377235347785
22100356,2022,12/06/2021,MIA,MEM,-15.0,False,-9.5,0.0,2,3,2,4,-6.698063020355203,-15.632788772057083,-5.050527542061978,-14.791929350065672
22100357,2022,12/06/2021,CHI,DEN,12.0,False,6.6,0.0,3,4,7,4,-7.572841137659587,32.03197516366798,-2.3689728708671574,34.204345604105114
22100358,2022,12/06/2021,MIL,CLE,8.0,False,9.4,1.0,1,4,6,6,-19.232336259769944,-3.939543839352165,-16.689740137231684,0.5168540221869584
22100359,2022,12/06/2021,MIN,ATL,-11.0,False,-1.4000000000000004,2.0,0,3,5,5,-21.30026572187777,-0.19964030735305016,-23.125353142708867,5.32911206636301
22100360,2022,12/06/2021,PHX,SAS,4.0,False,9.9,1.0,4,1,5,2,25.050184199255277,23.16304491962145,24.416114486860412,21.862872599962017
22100361,2022,12/06/2021,GSW,ORL,31.0,False,20.3,-1.0,1,1,2,2,0.15295037020358038,-2.7779175883124267,0.2928447704917705,-3.0755011580275298
22100362,2022,12/06/2021,POR,LAC,-12.0,False,1.4000000000000004,0.0,2,2,4,4,13.132694999495751,29.969047269939107,15.551014667667095,34.05660337588218
22100363,2022,12/07/2021,DAL,BKN,-3.0,False,-5.7,0.0,1,1,5,2,-6.224985836941835,7.519683801080392,-6.409521717226924,4.675484345853871
22100364,2022,12/07/2021,SAS,NYK,-12.0,True,1.0999999999999999,-2.0,1,0,2,2,11.010426540284362,0.3582464718126559,11.024047154406787,0.5375434481827881
22100365,2022,12/07/2021,LAL,BOS,15.0,False,-6.1,0.0,0,1,3,3,-3.0037082818294185,-3.9677883625460026,-4.463672572448838,4.082210999364584
22100366,2022,12/08/2021,CHA,PHI,-4.0,False,3.7,0.0,5,1,5,2,55.023950538182035,51.78790343116718,57.824800028134,55.49161977676286
22100367,2022,12/08/2021,CLE,CHI,23.0,False,-1.2999999999999998,0.0,2,5,3,7,-28.554185408365385,-39.862609587470594,-32.9595039976174,-43.81449144185923
22100368,2022,12/08/2021,DET,WAS,-3.0,False,-2.2,0.0,2,0,4,1,22.319049162956578,26.108231795563377,19.542861690515995,22.822262197064116
22100369,2022,12/08/2021,IND,NYK,20.0,False,4.8,1.0,2,0,2,2,18.10229033924574,-3.6795950581664627,18.495438075853613,-1.801687408388979
22100370,2022,12/08/2021,MIA,MIL,9.0,False,-17.7,0.0,3,1,3,6,41.62562400400409,19.571439846637933,43.419840175857175,20.367401625116585
22100371,2022,12/08/2021,TOR,OKC,-1.0,False,7.6,1.0,2,1,5,5,19.77396427613945,22.52993305637077,16.16319080296463,14.040129613769622
22100372,2022,12/08/2021,HOU,BKN,10.0,False,-5.2,2.0,3,3,4,3,-24.586658547531595,-15.328848351514843,-20.164387393082272,-10.138565160291932
22100373,2022,12/08/2021,MEM,DAL,-8.0,False,8.5,1.0,4,1,6,5,30.60307692291307,26.32108951965939,34.110460962543875,30.582579770618363
22100374,2022,12/08/2021,MIN,UTA,-32.0,False,-7.0,-1.0,0,0,2,1,0.0,6.897797148163232,0.0,8.575449294766058
22100375,2022,12/08/2021,NOP,DEN,-6.0,False,6.200000000000001,1.0,2,3,3,5,-11.885556052593598,-11.152086653221616,-8.266276230298711,-8.882133755175488
22100376,2022,12/08/2021,GSW,POR,10.0,False,18.6,0.0,1,2,3,4,-29.168252001249716,-33.29680456408331,-33.273345841588345,-39.26086795080195
22100377,2022,12/08/2021,SAC,ORL,12.0,False,4.5,1.0,1,1,5,4,-6.054277721822116,7.903711350108988,-7.1396604110013575,4.151693271492295
22100378,2022,12/08/2021,LAC,BOS,3.0,False,-7.4,1.0,1,2,5,5,-15.014263913083049,8.419235704589155,-17.10853758157239,7.156441575973091
22100379,2022,12/09/2021,PHI,UTA,-22.0,False,-11.5,0.0,1,0,1,0,5.017994858611826,5.017994858611826,5.207197943444731,5.207197943444731
22100380,2022,12/09/2021,MEM,LAL,13.0,False,2.0,-1.0,4,0,6,5,33.12529760643403,20.652370958372465,36.935448987832714,13.348043503636994
22100381,2022,12/09/2021,SAS,DEN,12.0,False,5.1,1.0,1,3,1,5,-9.263113275341015,-14.35800564573969,-3.94714069285312,-10.33079821904026
22100382,2022,12/10/2021,CHA,SAC,1.0,False,6.1,0.0,5,3,7,5,35.74444053324335,36.84007486585476,43.83385163623677,44.428852974767274
22100383,2022,12/10/2021,IND,DAL,13.0,False,6.800000000000001,0.0,2,1,3,4,15.672074896212829,8.011451890762233,15.753920207788724,10.258676595534714
22100384,2022,12/10/2021,ATL,BKN,-8.0,False,5.700000000000001,1.0,3,1,5,2,12.37946280290705,13.13414424878792,13.696905951226574,11.312498658941582
22100385,2022,12/10/2021,TOR,NYK,3.0,False,1.2999999999999998,0.0,3,0,5,2,32.10440456769984,21.55720769379949,27.523483858671828,19.419633186125445
22100386,2022,12/10/2021,HOU,MIL,-9.0,False,-9.9,0.0,3,1,4,6,18.423052189210225,5.522238407919225,24.70186345465212,11.563586810322086
22100387,2022,12/10/2021,MIN,CLE,-17.0,False,-6.3,0.0,0,2,2,3,-13.410687022900763,-1.4039977450100452,-11.61677792967589,3.8956341894026725
22100388,2022,12/10/2021,NOP,DET,16.0,False,5.5,0.0,1,1,1,2,-11.947076019416077,-15.611257591451587,-8.788595533462189,-12.018051096474785
22100389,2022,12/10/2021,OKC,LAL,-21.0,False,-11.9,1.0,1,0,3,3,3.184763094215908,-18.376707285235426,4.422149082720645,-29.21977603936744
22100390,2022,12/10/2021,PHX,BOS,21.0,False,6.1000000000000005,1.0,3,2,4,3,12.804130829301354,23.450483995781337,11.206392756079449,23.532573327700323
22100391,2022,12/11/2021,LAC,ORL,2.0,False,12.0,0.0,2,1,5,4,12.915151330932371,18.759649089418563,13.500694234483658,22.57673322665232
22100392,2022,12/11/2021,WAS,UTA,-25.0,False,-19.0,1.0,1,0,1,0,14.4638783269962,14.4638783269962,16.67201646955024,16.67201646955024
22100393,2022,12/11/2021,CLE,SAC,14.0,False,13.8,0.0,2,3,6,3,-10.46304928455704,0.4006920549348756,-7.093672772756971,3.6224468405543675
22100394,2022,12/11/2021,MIA,CHI,26.0,False,-7.0,0.0,3,5,4,6,-0.6933711351790635,1.380878374290127,1.5389273401382226,3.682973975504403
22100395,2022,12/11/2021,MEM,HOU,7.0,False,7.7,1.0,4,4,5,4,2.25437678235809,16.168369484394976,-0.8758085703159821,11.995593660688812
22100396,2022,12/11/2021,PHI,GSW,9.0,False,-14.700000000000001,-1.0,1,0,2,2,5.007696254489481,-0.10341363751464172,5.196511031298101,1.055351320170427
22100397,2022,12/11/2021,SAS,DEN,-15.0,False,7.5,0.0,0,3,0,4,-22.19716303638198,-35.63653629295507,-18.77111398077211,-31.905260494627747
22100398,2022,12/12/2021,NYK,MIL,-15.0,False,-15.2,0.0,1,2,5,5,2.4835667609294543,36.57011391365657,1.572665982766721,33.98998014214869
22100399,2022,12/12/2021,DET,BKN,-12.0,False,-13.200000000000001,0.0,2,3,4,3,-5.127161393367558,5.351787147510144,-9.31711301734859,1.6294979030212602
22100400,2022,12/12/2021,OKC,DAL,-19.0,True,-10.4,0.0,0,2,4,4,-23.623163937193993,-13.550625471338911,-26.885881066934033,-14.326038014391845
22100401,2022,12/12/2021,SAS,NOP,15.0,False,2.7,-1.0,0,1,2,4,-4.650688424273329,-3.045700963782364,-4.4059153493115755,-6.229714639470497
22100402,2022,12/12/2021,POR,MIN,-5.0,False,-1.5999999999999996,1.0,2,0,2,5,21.41051474629053,5.976031987669842,25.37989685852833,5.2599067072799315
22100403,2022,12/12/2021,LAL,ORL,12.0,False,18.4,1.0,0,1,4,4,-7.417665934808309,14.515984712445363,-8.43366001259575,24.502471897615134
22100404,2022,12/13/2021,CLE,MIA,11.0,False,14.1,0.0,1,4,6,4,-40.23842617729984,-23.08763130154741,-44.618079879507526,-28.184554485509445
22100405,2022,12/13/2021,IND,GSW,-2.0,False,-5.8,1.0,1,1,4,2,4.336006035973478,16.04803383011391,2.6630897641919518,18.38533283548064
22100406,2022,12/13/2021,TOR,SAC,23.0,False,3.9999999999999996,1.0,4,2,4,3,23.644253636795362,20.301993326136554,21.84455356958723,17.572560474127286
22100407,2022,12/13/2021,ATL,HOU,-6.0,False,5.1000000000000005,1.0,4,3,4,4,3.2686673744901924,-5.390654960600433,-2.5122613288145956,-12.030701801326579
22100408,2022,12/13/2021,BOS,MIL,14.0,False,-10.700000000000001,2.0,1,3,2,4,-6.808418314340226,-3.580174486538416,-6.419774685464002,-3.1378509558359706
22100409,2022,12/13/2021,MEM,PHI,35.0,False,10.9,0.0,4,1,4,3,27.76314421718798,-6.09834401102993,31.345573363565528,-7.549953483620456
22100410,2022,12/13/2021,DAL,CHA,24.0,False,-0.5,-2.0,3,4,3,5,-15.958004819483456,-18.552376816738096,-13.97244685136856,-16.18615025127147
22100411,2022,12/13/2021,DEN,WAS,6.0,False,3.6999999999999993,0.0,3,1,5,2,7.506948598238317,21.498660932615074,1.9102267405193238,17.382264794835134
22100412,2022,12/13/2021,LAC,PHX,16.0,False,-11.1,-1.0,0,3,5,5,-31.221810838101646,-10.656184768471661,-31.843123060640533,-11.485810061327555
22100413,2022,12/14/2021,BKN,TOR,2.0,False,3.1,1.0,6,5,8,6,-0.6643373918306636,28.583333888315906,4.230806660075224,35.013270858093065
22100414,2022,12/14/2021,NYK,GSW,-9.0,False,-14.5,1.0,3,1,5,2,13.64329730416496,27.45025622859894,12.35694093135179,27.084244611292284
22100415,2022,01/11/2022,CHI,DET,46.0,False,15.0,1.0,3,2,3,6,4.562943026201239,-9.470644760058306,4.190053613563769,-8.793802927770574
22100416,2022,12/14/2021,POR,PHX,-4.0,False,-13.2,1.0,2,5,3,5,-17.167834487883855,-10.238009926480348,-13.348122451330685,-5.899056237408786
22100417,2022,12/15/2021,CLE,HOU,35.0,False,9.100000000000001,0.0,1,4,3,5,-20.439185866152158,-19.999621685014947,-28.196422197825466,-29.915109701501336
22100418,2022,12/15/2021,ORL,ATL,-12.0,False,-16.2,1.0,1,4,3,4,-16.814461352139077,2.5260500879685956,-16.346749127180118,5.184959673919959
22100419,2022,12/15/2021,PHI,MIA,-5.0,False,-0.7999999999999998,0.0,2,4,3,5,-38.49030335291376,-44.275286378683674,-40.21758173960595,-47.996457964052794
22100420,2022,12/15/2021,DAL,LAL,-3.0,False,-3.8,-1.0,2,3,4,5,-0.6798926393468676,-3.7620194259825013,2.5190429554030196,-11.85129233155184
22100421,2022,12/15/2021,MIL,IND,15.0,False,4.4,0.0,4,1,6,3,26.606116718411783,31.848545549555833,29.62946578216312,35.11674595736551
22100422,2022,12/15/2021,OKC,NOP,-3.0,False,-13.0,0.0,4,1,6,4,19.050497409792865,15.292543555925704,23.426740992677143,16.887236849929405
22100423,2022,12/15/2021,SAS,CHA,-16.0,False,6.0,1.0,1,2,1,3,-17.87391429068559,-20.469176906545528,-17.639761263371028,-19.85422460264912
22100424,2022,12/15/2021,DEN,MIN,-17.0,False,6.199999999999999,-1.0,3,0,5,3,24.877465837648728,22.86495073844729,21.051383336268273,17.26043980794956
22100425,2022,12/15/2021,UTA,LAC,21.0,False,13.5,1.0,0,1,0,3,-7.497542326597488,-34.70511860455951,-7.659941998056853,-35.3806490688509
22100426,2022,12/15/2021,POR,MEM,-10.0,False,-25.700000000000003,-1.0,2,4,4,6,-11.634524858775059,-9.167564029366794,-11.483252386747118,-6.630424859507258
22100427,2022,12/15/2021,SAC,WAS,14.0,False,0.6000000000000005,0.0,2,0,5,2,8.006328025587234,29.548372821463023,5.232013076989762,26.331203728180377
22100428,2022,12/16/2021,IND,DET,9.0,False,12.2,-2.0,1,2,3,5,-19.579642228105648,-13.236638478352333,-15.987729649771735,-9.451417758871436
22100429,2022,12/16/2021,BKN,PHI,9.0,False,7.199999999999999,1.0,8,2,8,5,60.84860971512529,35.43965185352481,62.17963538918113,37.29912534890687
22100430,2022,02/03/2022,TOR,CHI,7.0,False,1.5,0.0,2,3,8,6,-19.122251051131535,-11.294458725280911,-17.409250305783495,-3.2560056835309297
22100431,2022,12/16/2021,HOU,NYK,-13.0,False,6.4,-1.0,3,4,4,5,-4.3859056195693995,0.8544332013511209,2.467546135124735,10.512342040804782
22100432,2022,12/16/2021,PHX,WAS,20.0,False,12.0,1.0,4,1,4,1,22.991971293343003,22.991971293343003,20.748008981595994,20.748008981595994
22100433,2022,12/17/2021,ORL,MIA,-10.0,False,-8.8,0.0,5,4,7,5,-18.873534219216193,-2.3524809962886195,-19.47286146354064,-5.399408199036934
22100434,2022,12/17/2021,ATL,DEN,-18.0,False,5.5,0.0,4,4,4,4,-4.2152436649056355,-4.2152436649056355,-0.2418802547389305,-0.2418802547389305
22100435,2022,12/17/2021,BOS,GSW,-4.0,False,-10.0,0.0,3,1,5,1,12.087106913675651,25.125182427456117,9.954762096385078,24.186964073175783
22100436,2022,12/17/2021,MIN,LAL,18.0,False,-13.3,0.0,2,5,2,6,-25.259057594217715,-19.907827487762766,-22.46309154640298,-29.355873261990226
22100437,2022,12/17/2021,UTA,SAS,-2.0,False,11.6,0.0,0,0,2,2,0.0,-10.053690363071413,0.0,-9.677756430916762
22100438,2022,12/17/2021,NOP,MIL,4.0,False,-9.2,0.0,1,4,4,7,-41.842939574213716,-46.87335231109383,-43.35965009142756,-48.92450429181854
22100439,2022,12/17/2021,POR,CHA,9.0,False,-10.700000000000001,0.0,3,0,4,2,23.373537353735372,23.215910362005044,27.797007117668016,28.318523035582153
22100440,2022,12/17/2021,SAC,MEM,-19.0,False,-23.200000000000003,0.0,6,4,7,5,25.98591064976285,29.705378231533665,18.265633849065154,22.201866533288907
22100441,2022,12/18/2021,DET,HOU,-9.0,False,-9.7,0.0,3,3,3,5,13.320755658184012,2.4443710763376387,3.8709372130953454,-6.84782745684123
22100442,2022,12/18/2021,BKN,ORL,-7.0,False,11.5,1.0,9,6,10,8,51.76855726607012,29.168277342798334,52.05304816041462,30.724909556250438
22100443,2022,12/18/2021,TOR,GSW,19.0,False,-5.5,2.0,1,6,4,6,-77.91676321839081,-49.700547002174595,-79.34725881078177,-50.471473468269195
22100444,2022,12/18/2021,OKC,LAC,1.0,False,-9.7,0.0,1,2,5,4,-13.725619913953466,-14.172245974723573,-13.392771422515331,-15.047809143255659
22100445,2022,12/18/2021,BOS,NYK,7.0,False,3.0,-1.0,7,5,7,6,11.926747127156801,1.2214192005547417,13.492412581730115,2.461468528047959
22100446,2022,12/18/2021,MIL,CLE,-29.0,False,-11.0,-2.0,4,4,7,4,22.3852279873786,50.500938391725725,27.819056659763504,57.62110314876054
22100447,2022,12/18/2021,UTA,WAS,-6.0,False,25.3,-1.0,1,0,3,2,14.941084053417127,10.323825854140116,14.011562739661375,10.092725022305297
22100448,2022,12/19/2021,CHI,LAL,5.0,False,-6.1,1.0,4,7,5,8,-26.980539690826497,-30.65124133239931,-29.14541305117258,-44.23775130951166
22100449,2022,12/19/2021,DET,MIA,10.0,False,-8.0,-1.0,2,4,3,5,-18.29495529837717,-25.229402524675436,-24.33366501474512,-33.578241844664994
22100450,2022,12/19/2021,MEM,POR,-5.0,False,27.3,0.0,5,2,6,4,14.79966542422856,9.023155399303345,14.60747832714582,6.709989144553262
22100451,2022,12/19/2021,SAC,SAS,7.0,False,-10.4,0.0,6,0,7,2,47.78674800656466,44.94366194912121,46.084015717101465,42.347238215743985
22100452,2022,03/31/2022,ATL,CLE,24.0,False,6.3,0.0,3,4,3,5,-21.106453144845744,-23.57015750032309,-21.060782580535953,-23.705692914068205
22100453,2022,01/26/2022,BKN,DEN,-6.0,False,-6.3,0.0,5,1,7,7,52.29805059953049,53.41595837730424,51.3592347161678,45.08085198177943
22100454,2022,01/25/2022,PHI,NOP,10.0,False,6.8,1.0,4,6,5,6,-41.266617919117785,-36.74048718553939,-40.68320559004843,-36.19688849304517
22100455,2022,12/19/2021,MIN,DAL,6.0,False,-5.3,-1.0,3,5,6,6,-11.182663636523525,-7.914884379020716,-13.747255819402625,-7.9244071981717
22100456,2022,12/19/2021,PHX,CHA,31.0,False,9.6,1.0,3,1,3,2,15.25122759249144,3.3917234602600352,14.195248322094203,3.7294577788073866
22100457,2022,12/20/2021,BOS,PHI,-5.0,False,6.1000000000000005,-1.0,6,4,7,6,5.248394777322446,-1.1978331991184419,4.617548224790319,0.3837172912875957
22100458,2022,03/04/2022,TOR,ORL,-6.0,False,8.7,-1.0,3,1,6,3,24.26181963271143,8.031383296636093,31.27957940195936,14.511546133454488
22100459,2022,12/20/2021,CHI,HOU,15.0,False,4.0,-1.0,6,2,6,4,23.5269951570231,10.867190768583963,15.90155425767653,2.1763441346233705
22100460,2022,12/20/2021,MEM,OKC,-3.0,False,28.8,-1.0,4,0,6,5,17.407643434281002,7.631382796998288,19.332144297241236,7.243502722930973
22100461,2022,12/20/2021,UTA,CHA,10.0,False,21.1,1.0,0,2,2,3,-14.121530749480378,-23.766768410194334,-12.387738779045174,-21.189617832143337
22100462,2022,12/20/2021,GSW,SAC,15.0,False,7.2,1.0,2,6,2,7,-18.183142708592193,-33.175229229299134,-17.399434807138782,-30.445597524064794
22100463,2022,12/20/2021,LAC,SAS,-24.0,False,-2.9000000000000004,1.0,2,0,4,1,20.113892768883638,17.179588001709988,20.284973311374458,20.964729566819585
22100464,2022,02/17/2022,BKN,WAS,-14.0,False,-0.3000000000000007,0.0,2,2,6,4,-3.779692631873189,27.51891281326884,-3.065641996566626,27.479214851286464
22100465,2022,12/21/2021,MIA,IND,29.0,False,-2.4,-1.0,4,1,4,1,46.93252698003346,46.93252698003346,46.728290123171305,46.728290123171305
22100466,2022,12/21/2021,NYK,DET,14.0,False,3.4000000000000004,1.0,5,2,6,4,4.187975474245487,2.2206956277705956,8.061238105878903,5.822713810407315
22100467,2022,12/21/2021,NOP,POR,14.0,False,4.1,1.0,1,2,4,4,-16.077152216116247,-18.88321349516061,-20.183885704356754,-21.85976839481176
22100468,2022,12/21/2021,DAL,MIN,12.0,False,6.0,0.0,5,5,7,5,-8.869511197173075,19.670808639506077,-6.413537173450472,23.17538531419727
22100469,2022,12/21/2021,LAL,PHX,-18.0,False,-2.7,0.0,5,3,7,4,17.82140491967591,26.136570292681366,21.12977001584038,38.33942805110321
22100470,2022,12/22/2021,ATL,ORL,-6.0,False,8.6,0.0,7,7,8,9,21.699091212852217,0.7461988984662895,18.888909550766037,-1.6936506751525258
22100471,2022,12/22/2021,BOS,CLE,10.0,False,-16.6,-1.0,6,7,6,7,-24.182219150126734,-24.182219150126734,-18.94068767932589,-18.94068767932589
22100472,2022,01/26/2022,CHI,TOR,6.0,False,-6.3,1.0,3,2,7,8,19.119679716243038,-0.32205306068430417,17.406184775982293,-4.830880436896514
22100473,2022,12/22/2021,MIL,HOU,20.0,False,5.1000000000000005,1.0,2,2,4,4,22.112430618198566,21.58298801164482,17.751346085479582,17.663865415886498
22100474,2022,12/22/2021,OKC,DEN,14.0,False,-13.899999999999999,-1.0,1,3,5,3,-15.828526137057047,0.3897957807511716,-11.625397079629073,6.186124563916923
22100475,2022,12/22/2021,SAC,LAC,-16.0,False,-0.20000000000000018,0.0,6,5,7,4,5.327818934206427,9.422597752153301,1.147934725468538,5.687682734152297
22100476,2022,12/23/2021,IND,HOU,12.0,False,5.2,1.0,1,1,3,4,2.4719297653432335,23.394832756700346,-0.3580921635317047,20.546889221995364
22100477,2022,12/23/2021,ORL,NOP,-6.0,False,-7.2,-1.0,7,3,7,4,10.39671772680017,5.0317159803803335,11.914611325173013,6.623847222092806
22100478,2022,12/23/2021,PHI,ATL,-2.0,False,-2.3000000000000003,2.0,4,8,4,8,-42.41877471134367,-42.41877471134367,-40.61264359373865,-40.61264359373865
22100479,2022,12/23/2021,MIA,DET,3.0,False,12.3,0.0,4,3,4,7,13.898482264655478,-16.06088274590961,17.26014269489587,-12.881515360278748
22100480,2022,12/23/2021,NYK,WAS,-7.0,False,4.8,-1.0,5,1,6,3,22.43022386643464,8.342097076335058,22.48156277150612,9.798387621359808
22100481,2022,12/23/2021,DAL,MIL,-7.0,False,-1.7999999999999998,1.0,7,3,9,5,13.66691905671862,29.53811988652332,14.778400153152148,30.01970487357189
22100482,2022,12/23/2021,DEN,CHA,-8.0,False,6.2,-2.0,2,2,4,3,-4.685340198422921,11.854717133706007,-2.186584953600038,14.845528946339899
22100483,2022,12/23/2021,PHX,OKC,12.0,False,16.9,1.0,2,1,4,6,7.312420530684474,-7.1799964467260935,7.256225229712123,-9.30938902641622
22100484,2022,12/23/2021,UTA,MIN,12.0,False,17.099999999999998,1.0,0,5,2,6,-48.4167517875383,-65.49752138317189,-50.77263867286612,-69.13471514321577
22100485,2022,12/23/2021,GSW,MEM,9.0,False,-3.0,0.0,4,4,4,6,26.069043252244036,19.55374644810564,23.799072409785158,18.78000890485969
22100486,2022,01/10/2022,POR,BKN,6.0,False,-5.9,0.0,4,2,5,6,22.419490495783183,10.064530620364067,26.7159510443304,14.660545279960921
22100487,2022,12/23/2021,LAL,SAS,-28.0,False,1.4,-1.0,6,0,7,2,43.736295245497146,31.746321008330025,42.087281868439405,42.57217625459371
22100488,2022,12/25/2021,NYK,ATL,14.0,False,-2.1,0.0,3,10,6,9,-63.137940500797235,-30.093544500191804,-63.08507742940319,-29.35398487613189
22100489,2022,12/25/2021,MIL,BOS,4.0,False,1.4,-1.0,0,5,6,8,-27.420367877972183,-31.690541725400937,-27.134513535117293,-31.665883312763892
22100490,2022,12/25/2021,PHX,GSW,-9.0,False,3.6000000000000005,0.0,2,4,5,5,-22.64501097986934,-19.94343543371573,-23.329517440490243,-20.32488393062893
22100491,2022,12/25/2021,LAL,BKN,-7.0,False,-5.5,-1.0,4,6,10,8,-19.73407652833307,-6.044391050571221,-21.071302130465693,4.675347689242365
22100492,2022,12/25/2021,UTA,DAL,4.0,False,9.799999999999999,0.0,0,6,3,9,-52.055434964100854,-64.25299021413173,-55.516187340212866,-65.56554529200676
22100493,2022,12/26/2021,MIA,ORL,10.0,False,9.8,0.0,3,7,5,8,-0.7139847407238733,0.013423788102336687,-2.279582037752874,-1.8723655855712735
22100494,2022,12/26/2021,CLE,TOR,45.0,False,10.3,0.0,6,11,7,11,-45.23180112318646,-37.02270141360272,-44.95379742703018,-37.33029604941457
22100495,2022,12/26/2021,WAS,PHI,-21.0,False,-3.1999999999999993,0.0,2,3,3,3,3.1713051814541657,9.018330677204872,3.388635933750642,11.075318945475889
22100496,2022,12/26/2021,SAC,MEM,-25.0,False,-12.4,0.0,2,4,3,6,0.6036862427228673,-18.565961483675355,0.9311420314228602,-18.778755369615418
22100497,2022,12/26/2021,OKC,NOP,5.0,False,-9.4,0.0,0,4,5,4,-37.70227670753064,-10.45426574804911,-38.30637132114187,-9.072613025963065
22100498,2022,12/26/2021,SAS,DET,35.0,False,10.5,0.0,0,7,2,9,-69.92834380238362,-49.88687464294513,-70.14670312448446,-50.071333503207626
22100499,2022,12/26/2021,CHI,IND,8.0,False,3.5,0.0,2,1,7,4,6.060923743615843,8.70690343226427,3.8692667959588913,3.338494629697145
22100500,2022,12/26/2021,LAC,DEN,-3.0,False,0.6000000000000001,0.0,5,2,5,4,39.213255142050514,20.276057074417658,42.29177201407481,22.545386313028008
22100501,2022,12/27/2021,CHA,HOU,24.0,False,3.3,0.0,3,2,3,6,26.475512706818407,-20.515937848606264,25.975781778454873,-24.65120426553079
22100502,2022,12/27/2021,ATL,CHI,-12.0,False,-4.2,1.0,11,6,10,7,44.31591441091184,21.777355792662533,47.8712109344908,26.687511039588586
22100503,2022,12/27/2021,MIN,BOS,5.0,False,-5.0,1.0,6,6,8,8,28.035690819468826,27.495946824097686,32.160589146751185,30.486888029957072
22100504,2022,12/27/2021,SAS,UTA,-6.0,False,-5.300000000000001,-1.0,1,1,2,3,2.9651208411352883,7.793504581657135,5.100665264757723,8.270220006712243
22100505,2022,12/27/2021,PHX,MEM,-1.0,False,-2.1000000000000005,1.0,4,6,5,6,-7.004928834399465,13.662627907923628,-6.010778714690488,12.996486062234354
22100506,2022,12/27/2021,POR,DAL,-15.0,False,-12.7,1.0,6,6,6,6,7.692734584491426,7.692734584491426,10.841685555155216,10.841685555155216
22100507,2022,12/27/2021,LAC,BKN,-16.0,False,-3.0,-1.0,5,6,5,6,-4.013188988457188,-4.013188988457188,-0.01810478448812347,-0.01810478448812347
22100508,2022,12/28/2021,ORL,MIL,-17.0,False,-9.6,-1.0,6,0,6,6,44.82438517492207,24.440772221352034,45.56918497027228,23.54591588197833
22100509,2022,12/28/2021,MIA,WAS,7.0,False,14.4,0.0,3,5,5,6,-0.6663809756164554,1.1781956999536405,-0.9841194327550369,-2.4237944148066575
22100510,2022,12/28/2021,TOR,PHI,-5.0,False,2.5,0.0,8,3,10,5,32.7376118024889,35.709248538949225,29.351981177582697,31.258447424662023
22100511,2022,12/28/2021,HOU,LAL,-9.0,False,-8.2,-2.0,4,5,5,10,-1.6598618198913755,-12.13357918123863,-1.6939487801859556,-17.468094756290043
22100512,2022,12/28/2021,MIN,NYK,-8.0,False,-2.5,-2.0,0,3,6,5,-21.1700515307669,43.4241667959827,-21.58164220084231,47.3806472657572
22100513,2022,12/28/2021,NOP,CLE,4.0,False,-13.2,0.0,3,6,5,8,-38.95733581859815,-13.207551943862256,-36.084261994880244,-9.5539261541875
22100514,2022,12/28/2021,GSW,DEN,-3.0,False,7.6,1.0,4,2,5,5,28.073978126574097,0.6168666107758369,28.700426466327283,1.5630425378395358
22100515,2022,12/28/2021,SAC,OKC,6.0,False,-6.0,0.0,1,6,7,6,-36.47590937156396,-11.004631354642484,-39.85925701470176,-16.500017184785435
22100516,2022,12/29/2021,DET,NYK,-9.0,False,-9.0,2.0,9,3,9,6,58.59499839251059,45.71517979840628,59.06403362195472,45.726775653909776
22100517,2022,12/29/2021,IND,CHA,-8.0,False,2.9000000000000004,1.0,1,2,5,4,-17.339087329644883,5.900804049634978,-17.435282671391803,8.097030185179086
22100518,2022,12/29/2021,BOS,LAC,-9.0,False,-1.0,0.0,4,6,8,6,-15.102815688204494,5.230173850619728,-18.535858725581946,3.351701783635093
22100519,2022,12/29/2021,CHI,ATL,14.0,False,6.7,0.0,4,12,4,11,-45.17042802628371,-42.22740424880501,-51.03830241586139,-47.89056966741082
22100520,2022,12/29/2021,MEM,LAL,5.0,False,13.700000000000001,1.0,7,5,7,9,4.403556496882835,-8.317920926915477,5.5748817388972824,-13.181666388160728
22100521,2022,02/03/2022,SAS,MIA,-17.0,False,2.3,0.0,3,2,7,4,14.417530831407856,39.817294794624885,14.067806673457003,36.598517905991855
22100522,2022,12/29/2021,PHX,OKC,18.0,False,12.100000000000001,1.0,4,5,5,7,5.705141613450756,-12.552798392186261,2.650008623114701,-16.5313242933694
22100523,2022,12/29/2021,POR,UTA,-15.0,False,-20.8,0.0,6,1,6,3,35.111103988302006,30.191908087631926,41.15077774687486,36.173466637653135
22100524,2022,12/29/2021,SAC,DAL,1.0,False,-13.1,-1.0,0,5,7,8,-45.605044194282094,-23.459189833884146,-46.56928542347761,-28.74492606669139
22100525,2022,12/30/2021,BKN,PHI,-8.0,False,6.5,1.0,2,2,8,5,1.945143929568701,10.565370871862704,1.9377814720582496,8.55681599855513
22100526,2022,12/30/2021,ORL,MIL,-18.0,False,-10.8,0.0,8,0,8,6,58.105807563840095,37.57512345921233,57.52046773836866,35.33829710782862
22100527,2022,12/30/2021,WAS,CLE,17.0,False,-23.5,0.0,3,4,6,6,-14.93671426714453,-19.48158808564373,-9.95341975099145,-12.715918514706686
22100528,2022,03/07/2022,DEN,GSW,7.0,False,11.5,-1.0,0,5,3,6,-57.63670170601077,-45.41800767014664,-59.64193837731501,-47.93539529110212
22100529,2022,12/31/2021,BOS,PHX,15.0,False,-11.8,0.0,4,4,8,5,-10.145301388816542,-1.3001975674429218,-8.52245093216694,3.580654873969536
22100530,2022,12/31/2021,IND,CHI,-2.0,False,-2.7,0.0,4,4,5,5,11.513856529232186,13.645226178112303,14.255149760520588,17.471874852031696
22100531,2022,12/31/2021,SAC,DAL,-16.0,True,-12.0,0.0,0,7,5,9,-48.5606254289059,-27.166875559179243,-52.60065695986522,-33.224825986519555
22100532,2022,12/31/2021,HOU,MIA,-10.0,False,-19.8,0.0,3,9,3,8,-57.44586885900237,-47.14358653110553,-57.19204992820862,-45.86052470633353
22100533,2022,12/31/2021,CLE,ATL,-3.0,False,19.6,-1.0,3,9,7,9,-30.199362767410094,-14.743666564878446,-33.36405185196929,-18.463432688025676
22100534,2022,12/31/2021,TOR,LAC,8.0,False,2.0,1.0,3,6,7,7,-40.297218760028315,-25.30241825278425,-45.247191439567,-32.310053545537954
22100535,2022,12/31/2021,MEM,SAS,13.0,False,1.2999999999999998,-1.0,6,1,6,1,19.121326686918717,19.121326686918717,16.92899946347472,16.92899946347472
22100536,2022,12/31/2021,OKC,NYK,15.0,False,-7.3,0.0,5,4,6,6,-2.139387133362561,-8.606459450999324,0.7809721950663899,-4.636352334867688
22100537,2022,12/31/2021,UTA,MIN,12.0,False,13.7,-1.0,2,2,3,4,-16.780658009432965,-12.903653355522327,-19.182758287053918,-19.06322956991996
22100538,2022,12/31/2021,LAL,POR,33.0,False,3.4999999999999996,0.0,2,5,5,5,-28.406961667295793,-14.650910111181368,-35.66093801827017,-19.56938070384487
22100539,2022,01/01/2022,MIL,NOP,23.0,False,3.8000000000000003,-1.0,2,2,4,3,-8.427053098974545,-13.198679118017967,-8.166091149262584,-14.777840650334916
22100540,2022,01/01/2022,DET,SAS,1.0,False,-14.7,2.0,10,3,10,5,41.191104188238334,24.83366382473966,40.07335272912998,25.5012025800617
22100541,2022,01/01/2022,WAS,CHI,-1.0,False,-8.3,1.0,6,4,6,6,11.557129957951283,1.9633712507905159,18.993641239769985,8.60771592523156
22100542,2022,01/01/2022,BKN,LAC,-4.0,False,6.2,1.0,1,6,8,8,-42.42839653137956,-31.2898129357931,-45.50306512722555,-37.83037046467153
22100543,2022,01/01/2022,HOU,DEN,-13.0,False,-12.3,-2.0,3,6,4,6,-17.3529210008272,-6.647038647886028,-22.822253199637128,-13.548770359485232
22100544,2022,01/01/2022,UTA,GSW,-7.0,False,6.999999999999999,-2.0,2,2,4,5,-6.899192174843908,-9.95013232694409,-6.954809971624771,-11.087216963396397
22100545,2022,01/02/2022,TOR,NYK,15.0,False,1.1,0.0,1,6,4,7,-46.64536135902255,-42.08323167541974,-48.269093616361296,-40.077916421517685
22100546,2022,01/02/2022,BOS,ORL,5.0,False,7.2,-1.0,2,4,8,6,-22.85800076159031,14.223375297535576,-22.10301427572422,17.618832913038347
22100547,2022,01/02/2022,CLE,IND,4.0,False,12.7,0.0,3,5,8,7,-15.896724325598555,-16.265078787134073,-17.46307815015939,-19.209988777361474
22100548,2022,01/02/2022,SAC,MIA,2.0,False,-16.5,0.0,1,7,4,8,-50.06134468188098,-39.684523149221974,-49.48548247723711,-41.053040419481746
22100549,2022,01/02/2022,CHA,PHX,-34.0,False,-8.3,1.0,1,4,2,5,-43.755687712551214,-35.70362531557965,-43.10383986131029,-35.71230006617346
22100550,2022,01/02/2022,OKC,DAL,-9.0,False,-8.5,0.0,4,3,8,8,24.049257477869155,20.213164004810388,28.989479909933472,22.851272977275194
22100551,2022,01/02/2022,LAL,MIN,5.0,False,-1.4,0.0,3,2,7,5,-11.78417802283861,0.2798587826562269,-10.621963066369268,1.6893653244611855
22100552,2022,01/03/2022,PHI,HOU,20.0,False,11.7,1.0,0,2,3,4,-17.685034235409194,-20.16063930382286,-15.030351347237003,-19.232941659763842
22100553,2022,01/03/2022,WAS,CHA,3.0,False,-1.3000000000000007,1.0,6,2,7,5,29.573365151891714,22.611956746359578,34.60701685758013,25.129647672549986
22100554,2022,01/03/2022,BKN,MEM,-14.0,False,-6.6,-1.0,1,5,6,6,-37.689972590478135,-15.045943632407194,-37.27639583677535,-18.373494958569164
22100555,2022,01/03/2022,CHI,ORL,4.0,False,9.7,1.0,4,4,5,7,-0.9442551919161524,-8.639636674950715,-1.0505410591029047,-8.761557564779906
22100556,2022,01/03/2022,MIL,DET,-9.0,False,15.3,0.0,3,6,6,7,-25.965741052421336,-18.095320897634352,-25.37437147260619,-17.32854089233597
22100557,2022,01/03/2022,NOP,UTA,-11.0,False,-6.7,0.0,2,0,4,3,8.636678200692039,-0.9554023627816441,9.35310745647027,1.6059703143662105
22100558,2022,01/03/2022,DAL,DEN,14.0,False,4.8,-1.0,5,5,7,5,-5.0502346248526315,0.5923630194630718,-4.260416691377337,1.7871330144272406
22100559,2022,01/03/2022,GSW,MIA,7.0,False,-2.6999999999999997,1.0,0,7,4,7,-54.64666403474141,-39.94093692996443,-54.86770673771877,-39.28442129328121
22100560,2022,01/03/2022,POR,ATL,5.0,False,-3.0999999999999996,0.0,2,4,6,8,2.244829226991584,-5.947007665245742,2.810413598672241,-4.896516925127074
22100561,2022,01/03/2022,LAC,MIN,-18.0,False,-3.0,1.0,5,2,6,3,11.618573588193044,17.25562025945711,13.63247544808928,19.358806667376037
22100562,2022,01/04/2022,CLE,MEM,-4.0,False,3.4000000000000004,1.0,4,5,7,5,-13.561470521106713,-4.7485083984790535,-16.203683900681916,-8.085442635097586
22100563,2022,01/04/2022,TOR,SAS,25.0,False,-3.3999999999999995,-1.0,3,3,6,4,-22.302967339755348,-22.020269235474945,-25.08277975975136,-20.58179298579069
22100564,2022,01/04/2022,NYK,IND,10.0,False,3.9,0.0,3,7,6,7,-40.596961983939735,-31.54705230121622,-42.77295112856645,-33.86198549333942
22100565,2022,01/04/2022,NOP,PHX,-13.0,False,-11.899999999999999,-1.0,2,4,5,5,-38.040953761447014,-23.20765083419223,-38.0822713346,-22.367598679312632
22100566,2022,01/04/2022,LAL,SAC,8.0,False,2.9999999999999996,0.0,2,3,7,6,-1.4556842190477468,-1.3565668644925566,3.8635788249610457,4.446930186244039
22100567,2022,01/05/2022,CHA,DET,29.0,False,1.5999999999999996,0.0,1,4,1,6,-35.07215897977893,-38.71968738014737,-34.94838119437086,-37.868209501003335
22100568,2022,01/05/2022,ORL,PHI,-10.0,False,-8.6,0.0,3,4,7,7,-12.493205839581062,-9.453688339982353,-14.415434055739535,-12.082184345254802
22100569,2022,01/05/2022,WAS,HOU,-3.0,False,9.1,0.0,6,2,7,4,24.644404139549778,14.541788019255051,26.431978911162332,15.245309296214188
22100570,2022,01/05/2022,BOS,SAS,-2.0,False,0.2999999999999998,2.0,2,2,6,4,-9.275181584199686,-7.784621280700605,-5.973165208019486,-3.2216309101234657
22100571,2022,01/05/2022,IND,BKN,-8.0,False,-7.800000000000001,-1.0,5,0,8,7,37.60462742429399,37.525081908492005,37.73325210226511,38.507757814938785
22100572,2022,01/05/2022,DAL,GSW,17.0,False,0.5,0.0,4,2,6,2,8.451690237558037,16.709989464479367,10.962598376818928,17.960324616018564
22100573,2022,01/05/2022,MIL,TOR,-6.0,False,2.2,1.0,4,4,8,9,26.812068434513428,29.25671565456185,28.809650498785043,28.895479643750534
22100574,2022,01/05/2022,MIN,OKC,8.0,False,2.5,-1.0,0,2,5,7,-15.73967875029193,-22.798699417268836,-17.511010660671573,-23.676760045997305
22100575,2022,01/05/2022,DEN,UTA,-6.0,False,-5.0,0.0,5,1,5,4,18.040759248141566,-21.581664177017363,20.042275418259663,-18.18308951861809
22100576,2022,01/05/2022,POR,MIA,-6.0,False,-13.2,0.0,3,7,5,6,-26.063273408315688,-12.758464130289319,-23.99741937386301,-9.781731578438318
22100577,2022,01/05/2022,SAC,ATL,-6.0,False,-2.500000000000001,-1.0,3,4,5,9,-0.696108262800724,-33.05423618534183,-4.650240359061556,-34.05711210106991
22100578,2022,01/06/2022,NYK,BOS,3.0,False,1.5999999999999999,1.0,2,2,7,6,10.591199624489597,17.307315981171637,7.5702215845914615,13.035649434272322
22100579,2022,01/06/2022,MEM,DET,30.0,False,15.200000000000001,1.0,2,3,4,5,-12.26755351014215,7.221557462866233,-12.71125675158127,7.8447725165702025
22100580,2022,01/06/2022,NOP,GSW,5.0,False,-5.7,1.0,2,3,5,4,-30.850204781402198,-14.646539891393815,-33.45916788932148,-17.910565864866257
22100581,2022,01/06/2022,PHX,LAC,17.0,False,18.3,-1.0,4,4,5,5,2.7668162007414665,-0.5823414561681943,0.47273067077386344,-6.564585456230425
22100582,2022,01/07/2022,PHI,SAS,19.0,False,-2.0999999999999996,0.0,3,5,4,6,-32.18519534575473,-35.89090672721076,-27.736570695058447,-32.57066838551282
22100583,2022,01/07/2022,BKN,MIL,-12.0,False,-1.9999999999999996,0.0,1,6,4,6,-36.615495333527406,-24.846010881961387,-37.06417476030469,-24.667776484706053
22100584,2022,01/07/2022,TOR,UTA,14.0,False,-1.5999999999999996,0.0,2,5,5,9,-78.79363806183312,-102.82399865518177,-75.9933151125789,-94.89548002974252
22100585,2022,01/07/2022,CHI,WAS,8.0,False,4.5,1.0,3,3,4,6,11.268809259481522,-6.8857267162746005,13.458266055023223,-4.864783612762391
22100586,2022,01/07/2022,HOU,DAL,-24.0,False,-17.6,0.0,1,4,3,5,-16.133409919525924,-22.28525441154821,-20.849751507269005,-28.20047888604573
22100587,2022,01/07/2022,OKC,MIN,-30.0,False,-2.1,0.0,3,1,4,2,14.733753224085417,8.87121469503536,16.64070718439224,9.937184570708784
22100588,2022,01/07/2022,DEN,SAC,10.0,False,5.4,0.0,3,4,5,5,-16.442781695213377,-15.44425388797783,-13.263056672065574,-11.554800643589434
22100589,2022,01/07/2022,LAL,ATL,16.0,False,1.9999999999999996,1.0,2,3,5,6,4.004896173824077,7.435408277686477,6.519617039186912,10.508789419439736
22100590,2022,01/07/2022,POR,CLE,-13.0,False,-16.4,-1.0,3,3,5,8,19.466687455975723,5.920703579341691,23.31675629478616,10.387017274910924
22100591,2022,01/08/2022,LAC,MEM,-15.0,False,-13.3,0.0,3,1,4,5,17.94037422453471,-15.282179307584563,19.94615237671228,-9.610915565661024
22100592,2022,01/08/2022,CHA,MIL,8.0,False,-5.9,2.0,1,5,5,8,-40.90672478586301,-39.408652712600784,-39.845872308591154,-38.6374418192163
22100593,2022,01/08/2022,DET,ORL,5.0,False,-4.2,-1.0,2,2,6,6,7.544012654149945,-5.943896381542768,6.886252728022434,-7.244485281099074
22100594,2022,01/08/2022,IND,UTA,12.0,False,-11.8,2.0,4,2,6,5,-3.078391578032168,8.695278982577925,-3.734352795715413,8.384699094953511
22100595,2022,01/08/2022,BOS,NYK,24.0,False,-0.4999999999999999,0.0,2,3,3,5,-14.78846686604695,-25.448547545336893,-11.443732911101378,-22.6162390833481
22100596,2022,01/08/2022,PHX,MIA,-23.0,False,6.200000000000001,-1.0,1,5,4,6,-33.086394943804045,-36.89466660847262,-33.515974232654216,-34.78833693807492
22100597,2022,01/09/2022,LAC,ATL,13.0,False,0.20000000000000018,-1.0,4,2,5,7,29.07090150871112,0.23597599061665875,31.325468452837928,5.189532953673492
22100598,2022,01/09/2022,ORL,WAS,-2.0,False,-3.5,-1.0,3,1,7,6,21.28514612864396,5.979677165014458,22.265902618211847,7.985329214210033
22100599,2022,01/09/2022,TOR,NOP,4.0,False,7.4,-1.0,1,3,9,5,-19.97905124527558,-5.579693839465762,-20.415697134548385,-1.2018860201513561
22100600,2022,01/09/2022,HOU,MIN,-18.0,False,-16.2,0.0,1,1,4,2,8.355705697999566,16.315761590281102,6.679356550972694,15.213860267003955
22100601,2022,01/09/2022,OKC,DEN,-4.0,False,-3.3999999999999995,0.0,1,3,6,4,-7.4482456019632055,13.79720554855298,-8.171085087616937,13.076502768269084
22100602,2022,01/09/2022,BKN,SAS,2.0,False,-2.1,0.0,1,6,6,8,-38.13701545064841,-20.851264904285728,-37.632420140018255,-17.23128978664389
22100603,2022,01/09/2022,DAL,CHI,14.0,False,5.2,0.0,1,3,5,3,-6.505353107497676,5.349987068601287,-5.531467724341372,8.6525563097475
22100604,2022,01/09/2022,GSW,CLE,14.0,False,-8.100000000000001,1.0,0,3,6,8,-20.3936162115074,-7.073277200949178,-19.24820534310237,-3.809488456029186
22100605,2022,01/09/2022,POR,SAC,15.0,False,0.0,0.0,3,4,5,4,5.633577443475346,26.989797035607097,10.003868024507462,33.291911510467
22100606,2022,01/09/2022,LAL,MEM,-8.0,False,-8.7,1.0,2,2,2,4,-2.483120941879509,-10.099865690254905,-0.4577589473404444,-11.401280460606557
22100607,2022,01/10/2022,CHA,MIL,4.0,False,-8.8,0.0,1,3,6,8,-24.04899541522056,-14.331268067305384,-24.823460245952607,-18.513336808614167
22100608,2022,01/10/2022,DET,UTA,10.0,False,-12.8,0.0,3,3,6,6,-17.824104216309845,-15.088071237397422,-18.46591726096748,-16.86562759243121
22100609,2022,01/10/2022,BOS,IND,3.0,False,6.2,0.0,1,3,6,6,-18.653200089438066,-27.1480140934047,-18.02996843126821,-26.09400578702266
22100610,2022,01/10/2022,NYK,SAS,15.0,False,-2.5999999999999996,1.0,1,6,4,7,-44.91752203065768,-29.07290879573763,-42.18942266265248,-26.68764986614808
22100611,2022,01/10/2022,SAC,CLE,-1.0,False,-12.6,0.0,3,2,6,6,7.9773087410674535,4.869508135354103,6.072581221424407,4.548646571808632
22100612,2022,01/11/2022,WAS,OKC,4.0,False,4.8,0.0,2,2,6,7,-5.767296101815672,-1.7465299956403157,-7.863880007795895,-6.790841584170661
22100613,2022,01/11/2022,TOR,PHX,-4.0,False,-2.5000000000000004,-1.0,0,2,8,4,-16.537237428389563,15.720502983247826,-15.286600644221052,23.128247959871974
22100614,2022,01/11/2022,MEM,GSW,8.0,False,8.9,0.0,1,1,6,4,-5.573978234582832,12.137073760580407,-5.109364842960041,14.276390555205381
22100615,2022,01/11/2022,NOP,MIN,3.0,False,-5.3,0.0,1,1,5,4,3.027619430339237,15.237651627587253,2.549416538642335,13.667428498886224
22100616,2022,01/11/2022,LAC,DEN,2.0,False,-4.4,0.0,4,3,7,5,21.838866631160588,17.75677535325017,22.78853329267462,16.70871686537658
22100617,2022,01/16/2022,DET,PHX,-27.0,False,-16.4,0.0,3,0,5,3,22.514752610077167,6.010500179066913,21.92037733366098,6.594802205271893
22100618,2022,01/12/2022,IND,BOS,-19.0,False,-8.2,0.0,1,0,3,3,9.204826336122455,3.8588168406838577,9.069435798377796,3.0381173434007387
22100619,2022,01/12/2022,PHI,CHA,-11.0,False,9.399999999999999,0.0,1,2,1,6,-8.474028263417939,-22.98029356133925,-5.856696906763117,-21.446956993510398
22100620,2022,01/12/2022,WAS,ORL,6.0,False,6.3999999999999995,-2.0,1,3,6,8,-12.850195057283372,-11.85090500115384,-15.968575687798177,-17.519487994926244
22100621,2022,01/12/2022,ATL,MIA,-24.0,False,-13.8,0.0,1,4,7,4,-36.41497647174569,5.414252821506629,-37.24430003710048,4.646481183318748
22100622,2022,01/12/2022,NYK,DAL,23.0,False,-9.899999999999999,-1.0,1,1,4,4,-8.424597425399922,-0.02995511371386428,-7.928832308199617,-1.9983545922681785
22100623,2022,01/12/2022,SAS,HOU,-4.0,False,13.1,0.0,2,0,7,3,13.266573202483475,22.713702844869132,12.893052441025802,19.51663416602179
22100624,2022,01/12/2022,UTA,CLE,-20.0,False,0.0,0.0,3,2,6,5,14.908924835312199,19.065906617247975,16.185786820098045,20.85199721238638
22100625,2022,01/12/2022,CHI,BKN,-26.0,False,11.4,-1.0,3,1,4,4,13.335219733858937,5.12092289033334,12.007233694801837,2.592358401339741
22100626,2022,01/12/2022,SAC,LAL,9.0,False,-7.7,-1.0,4,2,5,5,6.802596285975984,-3.8186750568145342,1.9226536847269813,-8.9778842493415
22100627,2022,01/13/2022,MIL,GSW,19.0,False,2.6000000000000005,1.0,3,3,5,3,-0.38445790770484223,11.078892184912252,-3.2475362771145804,9.067368707431445
22100628,2022,01/13/2022,MEM,MIN,8.0,False,8.4,0.0,2,1,6,5,12.13380953959008,17.514704411755993,11.898013890423384,19.3051356286766
22100629,2022,01/13/2022,NOP,LAC,24.0,False,2.5000000000000004,0.0,1,5,3,5,-35.042836448592524,-19.944594463070292,-37.05240797901366,-21.64096067531948
22100630,2022,01/13/2022,BKN,OKC,-21.0,False,8.6,-1.0,5,3,6,8,45.24090231265011,25.11393104464174,45.30606337030419,23.404596506360434
22100631,2022,01/13/2022,DEN,POR,32.0,False,5.4,-1.0,1,5,4,7,-57.36356080847241,-51.27301816393604,-61.311103886482854,-51.11634007767823
22100632,2022,01/14/2022,CHA,ORL,-7.0,False,12.8,0.0,2,1,5,8,2.5449579544880585,-17.468289044159846,0.16203903912914974,-20.596332078461273
22100633,2022,01/14/2022,DET,TOR,16.0,False,-16.4,0.0,2,1,6,5,18.456136557906387,9.78036149329682,17.475637876878455,5.423002772534559
22100634,2022,01/14/2022,IND,PHX,-18.0,False,-8.8,-1.0,1,0,4,4,9.310193962374218,2.888674705862698,9.173253609450196,4.0146100812978744
22100635,2022,01/14/2022,PHI,BOS,12.0,False,5.2,0.0,2,1,4,3,3.280529308102107,5.696216533395614,2.538469636962226,5.635994657130581
22100636,2022,01/14/2022,MIA,ATL,6.0,False,19.0,0.0,3,3,5,8,-2.5903039900524902,-17.563125193324577,0.6096310661483528,-15.69216998106348
22100637,2022,01/14/2022,CHI,GSW,-42.0,False,6.1,1.0,4,4,4,4,0.37811599066205304,0.37811599066205304,-1.475909190549629,-1.475909190549629
22100638,2022,01/14/2022,SAS,CLE,-5.0,False,-8.899999999999999,0.0,3,1,7,7,12.797023836181376,10.216530165164798,10.091548359601868,5.630389571416728
22100639,2022,01/14/2022,MEM,DAL,-27.0,False,2.5,-1.0,2,1,3,5,-3.7363395130123322,-10.421204209141216,-3.525269110685878,-10.445590478393012
22100640,2022,01/14/2022,SAC,HOU,12.0,False,9.3,0.0,3,0,6,2,14.23381462505822,22.858447617022712,12.502554576823242,22.443989525984716
22100641,2022,01/15/2022,MIL,TOR,-7.0,False,6.3999999999999995,1.0,2,3,8,9,-2.698313395860076,-5.039218885339487,-5.503273154797833,-9.3540241007165
22100642,2022,01/15/2022,WAS,POR,-5.0,False,9.399999999999999,1.0,2,5,6,6,-35.31013834898713,-24.706419532505436,-40.14527818930941,-33.040025974629124
22100643,2022,01/15/2022,ATL,NYK,-9.0,False,-12.3,-2.0,0,2,8,6,-18.786852838591667,14.064105780226868,-18.237387424919543,15.146584399341137
22100644,2022,01/15/2022,BKN,NOP,15.0,False,0.09999999999999987,0.0,2,1,6,3,21.448329952545414,27.64315713694652,20.799453911446665,27.03119304048653
22100645,2022,01/15/2022,MIA,PHI,-11.0,False,-2.1999999999999993,0.0,4,3,5,5,-7.821125718055439,-6.986004553917677,-9.891842474452844,-11.589731583124848
22100646,2022,01/15/2022,OKC,CLE,-5.0,False,-3.9,1.0,2,2,7,6,-3.3775995936072842,5.2598891384574,-4.048140638677305,7.6328413266322315
22100647,2022,01/15/2022,BOS,CHI,2.0,False,3.0,0.0,1,6,6,7,-49.18689980036241,-34.80730905381287,-45.566657381232574,-29.477405030366754
22100648,2022,01/15/2022,SAS,LAC,7.0,False,-1.8000000000000007,-1.0,2,4,7,6,-21.151717164721678,7.862828250827405,-23.10793101046942,2.4143254906973297
22100649,2022,01/15/2022,DEN,LAL,37.0,False,2.1,-1.0,3,2,5,3,-6.70557519689647,-7.832232657778334,-8.354835445254565,-9.268570977512336
22100650,2022,01/15/2022,DAL,ORL,16.0,False,18.2,0.0,0,1,4,5,-13.38471744006065,-17.663437759621527,-13.723101495805613,-13.900845504444971
22100651,2022,01/16/2022,SAC,HOU,-6.0,False,8.7,0.0,1,0,5,3,6.332356117883043,19.791311880915092,6.343936359572868,16.645336248206235
22100652,2022,01/16/2022,MIN,GSW,20.0,False,1.5999999999999996,1.0,1,4,1,5,-32.842439984198386,-42.901115591910035,-37.11351520299035,-46.30691309419783
22100653,2022,01/16/2022,DEN,UTA,-23.0,False,9.3,-2.0,3,2,5,4,1.2899776930222302,3.055895843360684,1.848293893764625,4.268171552419943
22100654,2022,01/17/2022,BOS,NOP,12.0,False,7.7,0.0,1,1,5,6,6.047910695581163,6.760367206048343,7.046061914963777,8.994028502184968
22100655,2022,01/17/2022,NYK,CHA,-10.0,False,-2.5,-1.0,2,1,4,5,4.187825874839367,-8.720413932856577,5.93749460058358,-8.291462296918947
22100656,2022,01/17/2022,WAS,PHI,19.0,False,-10.7,0.0,0,3,4,3,-20.279834291465463,-5.798308665720528,-21.25686172873239,-9.591746912154749
22100657,2022,01/17/2022,CLE,BKN,7.0,False,2.4,0.0,2,3,7,8,-14.072706260889326,-19.419653405690013,-13.90705479916316,-20.57085563066471
22100658,2022,01/17/2022,MEM,CHI,13.0,False,8.7,1.0,2,6,3,7,-45.015200167679744,-43.12285614476351,-42.203661489874335,-36.38199953088267
22100659,2022,01/17/2022,LAC,IND,6.0,False,0.7000000000000002,-1.0,2,2,6,5,-4.974735011030965,-6.600999218259908,-3.7019328571643157,-4.814008410096193
22100660,2022,01/17/2022,ATL,MIL,7.0,False,-14.5,0.0,2,2,10,9,3.2953648749219333,9.924941939392582,6.565698959104992,9.216843518620777
22100661,2022,01/17/2022,ORL,POR,-10.0,False,0.7000000000000011,0.0,1,3,5,6,-18.5428229321413,-21.432488927755482,-17.015937519152857,-21.31649968066771
22100662,2022,01/17/2022,MIA,TOR,5.0,False,1.1999999999999993,0.0,2,2,5,10,9.64144479988907,-2.773144866246085,10.229566634202909,-9.53772118273816
22100663,2022,01/17/2022,DAL,OKC,2.0,False,16.1,0.0,0,4,6,8,-19.742321119119975,-17.912078993527036,-21.51175836595103,-16.74554643577427
22100664,2022,01/17/2022,SAS,PHX,-14.0,False,-16.7,1.0,3,1,7,3,-5.788523142058741,8.933046044866074,-5.556151226255208,5.2723442350804
22100665,2022,01/17/2022,LAL,UTA,6.0,False,0.09999999999999998,1.0,2,2,6,5,8.002646005814249,21.160319970703092,10.214025256133946,23.793098745493612
22100666,2022,01/18/2022,NYK,MIN,-2.0,False,-5.3,-1.0,2,2,4,5,13.260316835728363,10.330467272767464,11.794304404594294,6.897388307586288
22100667,2022,01/18/2022,GSW,DET,16.0,False,9.8,0.0,1,3,3,6,-7.687218045112779,-3.8055137844611515,-7.595197469879004,-2.397872217625604
22100668,2022,01/19/2022,PHI,ORL,13.0,False,14.4,0.0,4,0,4,5,23.693516699410612,-5.033651224637875,26.26749148943974,-2.50864090986612
22100669,2022,01/19/2022,WAS,BKN,-1.0,False,4.7,0.0,0,3,6,9,-32.78337813361637,-35.75753564643257,-33.8030624421087,-37.907958370486895
22100670,2022,01/19/2022,ATL,MIN,12.0,False,-13.899999999999999,1.0,2,2,9,4,17.12905303760694,40.26543891992051,16.58664564888622,38.311026505882914
22100671,2022,01/19/2022,BOS,CHA,-9.0,False,1.2999999999999998,0.0,2,0,6,5,13.105552165954848,20.776975346406473,14.086498748291515,23.02387632145432
22100672,2022,01/19/2022,MIA,POR,12.0,False,11.899999999999999,0.0,3,4,5,5,-15.565922993113336,-4.715171385866256,-13.867797517467729,-3.6673409483636448
22100673,2022,01/19/2022,CHI,CLE,13.0,False,-7.0,0.0,4,3,6,4,21.719228272805026,26.83837702442816,20.815658321339455,25.35544112298675
22100674,2022,01/19/2022,MIL,MEM,12.0,False,-5.5,0.0,0,5,9,6,-45.79427875836883,-17.589053592234706,-45.94851174295232,-19.292087842422475
22100675,2022,01/19/2022,DAL,TOR,4.0,False,6.199999999999999,0.0,1,2,7,10,-2.9348914726120405,-13.720414449800778,-3.2052696042392856,-18.171970704078188
22100676,2022,01/19/2022,SAS,OKC,22.0,False,-3.1999999999999993,0.0,3,5,5,8,-11.893004507639038,-18.639519258600643,-12.554456971505521,-24.09585121574616
22100677,2022,01/19/2022,UTA,HOU,-5.0,False,8.700000000000001,-1.0,3,0,7,3,37.169534138526004,27.045072251237883,36.85176067274951,26.517601499282964
22100678,2022,01/19/2022,DEN,LAC,2.0,False,11.8,1.0,3,4,5,6,-14.512692409212525,-19.67979975221391,-15.146373822414114,-16.382020315258835
22100679,2022,01/19/2022,SAC,DET,-2.0,False,6.799999999999999,2.0,1,3,6,7,-7.4400882104706625,5.174724462653735,-8.142542138283977,1.8214365868821218
22100680,2022,01/19/2022,LAL,IND,-7.0,False,8.4,0.0,2,2,5,5,-0.9975719232617877,-0.44650090577965784,1.1522539609482827,1.3295090843681407
22100681,2022,01/20/2022,NYK,NOP,-11.0,False,3.6,-1.0,2,1,4,5,12.970400031714654,-1.9498637720779008,13.21902108162299,-2.571978775048631
22100682,2022,01/20/2022,DAL,PHX,-8.0,False,-0.29999999999999893,-2.0,1,1,7,6,-12.889917191240901,-10.749125960017427,-13.444542256911376,-9.165374606797844
22100683,2022,01/20/2022,GSW,IND,-4.0,False,6.8,1.0,2,2,5,5,-10.60301869541675,-36.88530515699373,-10.35929277299038,-34.90639070497874
22100684,2022,01/21/2022,CHA,OKC,23.0,False,8.3,0.0,0,4,1,7,-16.484985534235644,-28.42257797646131,-18.396179911069495,-30.59773437031214
22100685,2022,01/21/2022,ORL,LAL,-11.0,False,-6.6000000000000005,0.0,1,2,7,5,-16.26387787489427,-3.9685039674547866,-18.861447440447233,-8.09987165232802
22100686,2022,01/21/2022,PHI,LAC,-1.0,False,14.100000000000001,0.0,4,3,6,5,4.998818965861336,14.57636201878357,5.526941888213628,13.76587292185101
22100687,2022,01/21/2022,ATL,MIA,2.0,False,-11.1,0.0,1,3,10,4,-20.420438682424507,18.291286235703424,-20.40883592208673,17.815839291715598
22100688,2022,01/21/2022,BOS,POR,-4.0,False,9.4,0.0,0,4,5,6,-42.386359486145025,-26.52953418577503,-42.5126650166204,-24.205379736102426
22100689,2022,01/21/2022,WAS,TOR,-4.0,False,-2.6,0.0,0,3,6,8,-10.273443092340733,8.980311519189463,-10.72238141514539,-0.21338294756938225
22100690,2022,01/21/2022,MIL,CHI,4.0,False,5.0,0.0,0,4,9,7,-42.451711026615975,-21.390450244519386,-41.95372420748957,-17.074157529166662
22100691,2022,01/21/2022,SAS,BKN,-15.0,False,-4.5,0.0,2,2,6,4,-18.194980860190174,-7.475484768238854,-18.925787958690215,-13.335154914306425
22100692,2022,01/21/2022,DEN,MEM,-4.0,False,-0.7999999999999998,0.0,2,4,7,8,-29.330670679046605,-19.899375469751924,-29.1394357781722,-19.593324916672252
22100693,2022,01/21/2022,UTA,DET,10.0,False,7.199999999999999,0.0,3,3,6,7,9.564121968275007,6.878786817891886,9.867282267953094,6.800289084315338
22100694,2022,01/21/2022,GSW,HOU,2.0,False,9.5,-1.0,3,0,6,3,29.25759632452751,14.365624792585319,30.61320078969203,17.305313511195937
22100695,2022,01/22/2022,CLE,OKC,7.0,False,11.0,2.0,1,4,5,8,-8.582654596127982,-13.902370860870015,-10.035576404242173,-16.99535221897585
22100696,2022,01/22/2022,MIL,SAC,6.0,True,3.1,-2.0,0,0,7,6,0.0,3.42430043957053,0.0,10.273653512660331
22100697,2022,01/22/2022,PHX,IND,10.0,False,14.2,0.0,1,2,5,5,-17.489133631456298,-32.98365443698613,-17.22734112877904,-32.56678557550057
22100698,2022,01/23/2022,NYK,LAC,8.0,False,5.8999999999999995,1.0,1,2,4,5,-7.189416095501084,-3.4196237154879014,-8.61136832888282,-5.715293849034989
22100699,2022,01/23/2022,WAS,BOS,-29.0,False,-1.7,0.0,0,1,3,2,-3.196035924434809,2.1121350836814683,-4.598602938646295,-1.3475130620861266
22100700,2022,01/23/2022,MIA,LAL,6.0,False,3.6000000000000005,0.0,3,1,5,4,24.83455951995248,11.371391065274636,24.83745846082109,10.261173158826054
22100701,2022,01/23/2022,ORL,CHI,19.0,False,-4.0,0.0,1,5,8,6,-46.86616973414805,-10.909530810831612,-45.17524814094521,-12.582781578686038
22100702,2022,01/23/2022,TOR,POR,-9.0,False,4.9,0.0,1,4,7,6,-35.1783966176116,-25.425342310207533,-35.801890167118046,-21.678469181002825
22100703,2022,01/23/2022,CHA,ATL,-22.0,False,9.6,0.0,1,1,2,6,0.4571007824998734,-9.262253096609747,-0.5550673319303936,-11.8953017813865
22100704,2022,01/23/2022,SAS,PHI,-6.0,False,-11.7,0.0,2,5,6,6,-29.9601786293328,-12.56970683293612,-31.44436034251347,-17.211378838793642
22100705,2022,01/23/2022,DAL,MEM,13.0,False,3.5999999999999996,1.0,1,4,5,7,-34.596800832056026,-41.34239052274171,-35.598005327677015,-40.66444287129497
22100706,2022,01/23/2022,MIN,BKN,11.0,False,4.699999999999999,1.0,1,3,2,4,-28.195769662115623,-26.374404964616332,-28.030237617764488,-26.929135375476477
22100707,2022,01/23/2022,DEN,DET,6.0,False,16.1,0.0,1,4,7,7,-30.55214439791079,-9.000154656329144,-27.716837785862527,-0.6254290086455683
22100708,2022,01/23/2022,GSW,UTA,2.0,False,1.8,0.0,2,1,6,6,3.4360013101709157,-4.2461958837362985,3.544494342349836,-1.8143900838513503
22100709,2022,01/24/2022,CLE,NYK,2.0,False,0.6000000000000001,1.0,2,1,6,5,11.554935829028704,14.307072291458717,12.459139313817014,16.568683341486903
22100710,2022,03/03/2022,ATL,CHI,6.0,False,0.09999999999999987,-1.0,2,2,5,6,13.179499335933311,9.550974018593863,14.467638754857306,11.696641627600478
22100711,2022,01/10/2022,HOU,PHI,-20.0,False,-21.9,-2.0,3,3,3,4,2.374140441287377,-10.976712110326353,-2.9385765292917974,-15.2399440161917
22100712,2022,01/24/2022,NOP,IND,4.0,False,1.5999999999999996,1.0,4,3,6,5,-19.115830838272398,-13.07377901630317,-20.687055228911852,-14.170343962105505
22100713,2022,01/24/2022,PHX,UTA,6.0,False,15.2,1.0,2,6,6,8,-66.95428937597478,-38.27038964545427,-64.43164376737076,-35.97172369094824
22100714,2022,01/25/2022,DET,DEN,-5.0,False,-15.799999999999999,0.0,1,1,6,6,10.138536597032356,0.2289260399558799,7.371991142062735,-7.434488848990238
22100715,2022,01/25/2022,TOR,CHA,12.0,False,-6.5,0.0,1,1,6,3,-0.2808070301912924,21.610750895788552,-1.65365146069482,23.45064086092387
22100716,2022,01/25/2022,WAS,LAC,-1.0,False,3.1999999999999997,0.0,0,2,7,4,-16.726330771941544,-3.8630785619991634,-18.444952196700655,-7.89793555033885
22100717,2022,01/25/2022,BOS,SAC,53.0,False,9.399999999999999,-1.0,1,0,2,4,3.2194665418811415,-27.82686750740819,4.63231598467911,-26.5489946312556
22100718,2022,01/25/2022,BKN,LAL,-10.0,False,2.3000000000000003,0.0,4,1,5,5,44.81545678336731,26.420466522749948,41.84536847867262,23.992846647094794
22100719,2022,01/25/2022,HOU,SAS,-30.0,False,-2.7,1.0,0,2,3,5,-6.9042074483917855,-2.4324328055364255,-6.804062736402271,0.1991232188655161
22100720,2022,01/25/2022,GSW,DAL,38.0,False,-6.6,0.0,2,1,3,4,16.548222239754153,9.173739580464627,16.908803067732798,6.5885755944357385
22100721,2022,01/25/2022,POR,MIN,-2.0,False,-9.8,0.0,3,1,6,6,29.36503921207576,17.192372066675485,27.941896873141246,12.727329699227937
22100722,2022,01/26/2022,CLE,MIL,16.0,False,1.1999999999999997,-1.0,2,2,3,5,9.858691805951599,4.857745756086356,10.448336037235087,4.169180603843696
22100723,2022,01/26/2022,IND,CHA,-32.0,False,-9.8,1.0,3,1,4,3,39.50362277730867,25.930607283260336,39.3326268770998,27.772061753486486
22100724,2022,01/26/2022,ORL,LAC,-9.0,False,-1.4000000000000004,2.0,1,3,8,4,-23.85489451836265,-0.03845121229663562,-24.495530283859743,-2.5611807355752525
22100725,2022,01/26/2022,ATL,SAC,17.0,False,5.9,2.0,0,1,3,4,-9.711001915549264,-22.936140709353772,-8.055797916479888,-20.79775774475993
22100726,2022,02/28/2022,BKN,TOR,-36.0,False,-8.100000000000001,0.0,2,2,2,3,23.696054664897535,7.855360911886454,22.63702545596483,6.2223949038361255
22100727,2022,01/26/2022,MIA,NYK,14.0,False,5.3,1.0,2,1,3,3,7.126855982289506,-1.9824481605501667,7.077940195383782,-1.4880024428248504
22100728,2022,01/26/2022,SAS,MEM,-8.0,False,-3.6,-2.0,2,3,6,8,-15.716519711938822,-13.302015408951117,-16.624049265442753,-21.804216991333426
22100729,2022,01/28/2022,NOP,DEN,-11.0,False,-7.0,1.0,2,1,5,6,3.531873913622751,17.258502152508306,3.0784084080242495,14.741263055585677
22100730,2022,01/24/2022,OKC,CHI,-1.0,False,-3.1000000000000005,1.0,4,3,7,5,-11.050878789605243,-13.698023816629608,-7.204809947395386,-8.788939741024656
22100731,2022,01/26/2022,UTA,PHX,-8.0,False,-13.600000000000001,0.0,2,4,6,6,-5.384344880599151,-4.317904541320424,-7.72258736635294,-7.252493729546714
22100732,2022,01/26/2022,POR,DAL,-20.0,False,-4.1,0.0,5,2,7,5,36.09157948910681,36.12187012400454,37.53285426274078,33.89077173369196
22100733,2022,01/27/2022,PHI,LAL,18.0,False,7.6,0.0,3,1,4,4,22.03911509105565,-10.28930322431021,21.045007883077297,-7.569850471113192
22100734,2022,01/27/2022,GSW,MIN,9.0,False,-0.5,0.0,3,1,5,5,22.07525777547643,6.077897529547823,22.235362703704187,4.739935419991376
22100735,2022,01/28/2022,CHA,LAL,3.0,False,9.8,1.0,3,2,6,5,11.972397777422199,-18.626322186904204,10.255796193919455,-21.204232258931533
22100736,2022,01/28/2022,ORL,DET,16.0,False,3.1000000000000005,-1.0,1,1,6,4,-9.501105934027393,4.860707678256208,-6.990273495549933,6.587698752638065
22100737,2022,01/28/2022,ATL,BOS,16.0,False,-12.5,-1.0,0,1,3,3,-3.248347497639282,2.320566997365617,-4.673871227223446,1.0851216275929438
22100738,2022,01/28/2022,MIA,LAC,7.0,False,9.200000000000001,0.0,2,3,5,5,-12.352051612506143,-6.109818868288102,-12.773112950924016,-7.599022294291679
22100739,2022,01/28/2022,HOU,POR,-15.0,False,-7.1000000000000005,1.0,0,4,3,6,-39.69941762164193,-20.716046129859087,-39.1007200647584,-18.460371917377135
22100740,2022,01/28/2022,MEM,UTA,10.0,False,4.8,0.0,3,2,8,6,-14.099945194650147,-4.969272690998508,-11.883604463624444,1.9155965807828963
22100741,2022,01/28/2022,OKC,IND,-3.0,False,-0.7999999999999998,1.0,4,2,7,5,-5.977846303687954,-0.4273833890194112,-6.927143759380609,-1.4242240602900296
22100742,2022,01/28/2022,SAS,CHI,9.0,False,3.2,0.0,3,3,6,6,-12.72486124633202,-2.4389579676512554,-11.057976344684128,-3.587575875686653
22100743,2022,01/28/2022,PHX,MIN,10.0,False,3.8000000000000007,1.0,4,1,6,5,44.35289883708275,19.084940215553743,45.062707563725006,19.344466871072996
22100744,2022,01/28/2022,MIL,NYK,15.0,False,1.9000000000000001,0.0,0,1,5,5,-8.858065741972258,-12.125808424631847,-9.127495046716351,-11.445105892582376
22100745,2022,01/29/2022,NOP,BOS,-10.0,False,-8.2,0.0,3,1,4,3,37.451081520438976,31.052941098906892,36.970562193013656,31.30846910128734
22100746,2022,01/29/2022,DAL,IND,27.0,False,10.5,2.0,2,3,5,4,-15.609554660808561,-9.650833569405059,-18.972464364610566,-9.880181030710094
22100747,2022,01/29/2022,PHI,SAC,2.0,False,14.8,-1.0,2,1,3,6,1.1098013381793734,-28.152732656919756,4.7286994297143075,-22.741206272247382
22100748,2022,01/29/2022,MIA,TOR,-4.0,False,10.1,-2.0,2,2,5,9,7.8629728441284765,1.6544155362615882,8.429734807196605,-3.9818017624015987
22100749,2022,01/29/2022,MEM,WAS,20.0,False,2.4,-2.0,2,0,5,6,18.226990400903446,-1.4278305751997706,18.528316467959378,4.487525331878857
22100750,2022,01/29/2022,GSW,BKN,4.0,False,6.2,-1.0,3,3,6,6,-6.0845369452851585,-24.42608674072435,-5.7588145548468646,-21.977322435489157
22100751,2022,01/30/2022,ATL,LAL,8.0,False,8.5,0.0,0,1,7,5,-24.395310876984713,-14.509771022988126,-22.149714508093027,-12.383568167927976
22100752,2022,01/30/2022,CHA,LAC,-25.0,False,8.0,0.0,3,2,4,4,7.86585341875141,8.919709356374838,5.537838075874614,4.615714962797128
22100753,2022,01/30/2022,CHI,POR,14.0,False,-7.8,0.0,3,5,5,6,-16.78270894049855,-12.104038665315372,-17.164192282121288,-13.34799636801731
22100754,2022,01/30/2022,DET,CLE,10.0,False,-13.4,-1.0,1,2,7,6,-6.564730640049616,2.292512186218296,-10.284598068360367,-1.472905594776023
22100755,2022,01/30/2022,ORL,DAL,2.0,False,-6.5,1.0,1,3,8,7,-24.625275312795395,-8.203626769118909,-24.66874703049804,-13.438507800127901
22100756,2022,01/30/2022,MIL,DEN,-36.0,False,-5.6,0.0,0,1,4,4,-3.802325581395349,-5.262174996133355,-4.067275747508306,-9.01973640449604
22100757,2022,01/30/2022,MIN,UTA,20.0,False,4.5,0.0,0,2,4,6,-40.22118219581967,-21.7319503501689,-38.895035818834955,-20.741991763106665
22100758,2022,01/30/2022,PHX,SAS,5.0,False,6.6,0.0,1,5,6,8,-55.51423112738125,-30.12983036950881,-50.374632140999616,-21.556886010654452
22100759,2022,01/31/2022,CLE,NOP,3.0,False,6.0,-1.0,2,0,7,4,20.580912863070537,19.13547695234584,21.76466024729288,17.654701060054162
22100760,2022,01/31/2022,IND,LAC,6.0,False,-9.6,1.0,2,2,7,5,8.281922475748285,31.85259707319814,8.138101511338483,30.411909255243714
22100761,2022,01/31/2022,PHI,MEM,3.0,False,2.1999999999999997,0.0,3,2,5,7,26.263459208673666,18.853370457709875,24.89247571621227,14.399126728565783
22100762,2022,01/31/2022,BOS,MIA,30.0,False,2.7,0.0,1,5,2,6,-52.23629681279203,-49.06331871614243,-48.29051174150392,-45.31189529593969
22100763,2022,01/31/2022,NYK,SAC,20.0,False,8.2,1.0,0,2,1,5,-19.36251334451731,-42.72558763149665,-18.131637150933706,-41.890433971795865
22100764,2022,01/31/2022,HOU,GSW,-14.0,False,-17.6,1.0,0,3,4,5,-33.4876799214937,-16.19770330361626,-31.774311573864555,-15.699453960553193
22100765,2022,01/31/2022,OKC,POR,17.0,False,-1.2999999999999998,2.0,5,5,7,6,-7.304753243270852,0.5193646423294211,-4.545638587395899,3.6816506037737824
22100766,2022,02/01/2022,DET,NOP,-10.0,False,-7.9,1.0,2,1,6,4,-6.1876242469647575,-6.305006369834064,-5.840991830564583,-8.618215430280078
22100767,2022,01/31/2022,ATL,TOR,-6.0,False,6.2,-1.0,0,2,8,8,-8.010046194555322,18.957909597539285,-7.666106034583207,15.112585966587794
22100768,2022,02/01/2022,MIL,WAS,14.0,False,1.5,-1.0,1,1,8,6,-10.253902720237663,-5.942413534050331,-9.098265023525553,-0.08504943125320708
22100769,2022,02/01/2022,CHI,ORL,11.0,False,-3.4,0.0,3,1,6,8,22.838657062241158,3.0250510141299003,20.77340147361716,1.894638584730167
22100770,2022,02/01/2022,MIN,DEN,15.0,False,-9.5,0.0,0,1,3,4,-3.833528722157093,-0.1136066113200549,-4.100653156925139,-4.541074871238667
22100771,2022,02/01/2022,SAS,GSW,-4.0,False,-8.8,1.0,1,7,6,7,-75.1138122814979,-51.98660651197204,-74.8820539968318,-55.01982258967044
22100772,2022,02/01/2022,PHX,BKN,10.0,False,11.2,-1.0,2,4,3,4,-28.20862742763444,-24.970356958453205,-27.675361950518813,-25.158342631291582
22100773,2022,02/02/2022,IND,ORL,-1.0,False,-5.1,1.0,3,1,7,5,41.66087837846992,45.31249985992343,41.97709563604739,46.87284064009909
22100774,2022,02/02/2022,PHI,WAS,-3.0,False,10.0,1.0,3,2,6,7,-3.2926842201934896,-0.3221239454934235,-1.4994342569136272,3.9113481773171728
22100775,2022,02/02/2022,BOS,CHA,6.0,False,7.3,-1.0,1,3,6,6,-21.236414702239436,-10.644833285250819,-19.18386731914032,-8.30726756552881
22100776,2022,02/02/2022,NYK,MEM,-12.0,False,-0.20000000000000007,0.0,0,2,3,7,-12.135773152674956,-18.07049021237217,-12.907831594117393,-21.605869980841053
22100777,2022,02/02/2022,HOU,CLE,11.0,False,-13.8,0.0,0,3,4,4,-36.53447223917022,-13.425481058461116,-37.02295136610551,-13.137258093301767
22100778,2022,02/02/2022,DAL,OKC,-6.0,False,9.0,1.0,3,2,8,8,8.20822735825336,-8.134425007584376,8.057591719803746,-7.032197584499414
22100779,2022,02/02/2022,UTA,DEN,4.0,False,-10.5,2.0,5,1,8,8,57.74963422987787,7.430529931094384,58.33766709273546,3.5924926162968234
22100780,2022,02/02/2022,SAC,BKN,11.0,False,-4.8,1.0,2,4,6,6,-21.249984184361388,-1.2953148072085199,-23.244426532447143,-3.0044600658391687
22100781,2022,02/02/2022,LAL,POR,5.0,False,-3.8999999999999995,1.0,1,4,5,5,-37.967294929436996,-0.26771778041749883,-35.51749546659078,-1.109140907385786
22100782,2022,02/03/2022,DET,MIN,-11.0,False,-9.3,0.0,2,0,7,5,9.589345172031077,4.972150776101813,9.686270356535779,3.5314567566219495
22100783,2022,02/03/2022,ATL,PHX,9.0,False,-5.3,1.0,1,2,8,5,-7.180933579588412,3.8596858283612576,-9.235914354179084,3.4387237119297183
22100784,2022,02/01/2022,TOR,MIA,4.0,False,-1.0,0.0,2,3,8,6,-18.79888168778629,-7.063686377514859,-18.805254504299043,-1.7955778819523829
22100785,2022,02/03/2022,GSW,SAC,12.0,False,13.9,1.0,4,2,5,7,20.150513095210634,-11.250202200944742,20.37524650741844,-9.262431036131147
22100786,2022,02/03/2022,LAC,LAL,1.0,False,5.9,2.0,2,1,4,4,3.4023958412574626,-10.840032244444263,1.2778189702742386,-11.054324157766143
22100787,2022,02/04/2022,CHA,CLE,-1.0,False,-0.6000000000000001,0.0,2,3,6,7,-26.38502539221441,-21.446941015454016,-26.2786056113951,-19.940641319183065
22100788,2022,02/04/2022,DET,BOS,-9.0,False,-20.200000000000003,-1.0,4,1,7,2,21.735226945664547,22.075881556634638,20.464636748314017,20.325553896849176
22100789,2022,02/04/2022,IND,CHI,-7.0,False,-5.3,1.0,4,3,7,7,24.234842970034023,7.1168402207948205,26.22411901605361,11.677648124134805
22100790,2022,02/04/2022,TOR,ATL,11.0,False,-6.5,0.0,0,1,8,8,-8.33226603238496,-12.689245349605603,-8.164046625767144,-8.13982441355579
22100791,2022,02/04/2022,DAL,PHI,9.0,False,-1.2000000000000002,0.0,3,3,7,5,10.479274625673689,20.447491799789077,9.018209586019236,22.577547383337674
22100792,2022,02/04/2022,SAS,HOU,25.0,False,5.9,-1.0,3,0,7,2,15.239252620385841,22.018263336611,16.38652729276646,19.332296786728826
22100793,2022,02/04/2022,UTA,BKN,23.0,False,0.7999999999999998,0.0,3,5,6,5,-27.99890056286644,-14.56770790231598,-27.967182688556,-14.570002390314748
22100794,2022,02/04/2022,DEN,NOP,-8.0,False,3.2,-1.0,1,2,7,6,-11.55870651726142,-2.845428775119018,-12.398795957664891,-1.1258629513090028
22100795,2022,02/04/2022,POR,OKC,-3.0,False,-1.3000000000000003,0.0,3,4,6,9,-3.640733242430702,2.8155582731415123,-4.536966465947707,2.897230659690763
22100796,2022,02/05/2022,ORL,MEM,-20.0,False,-4.4,0.0,1,2,4,4,-7.496382962605045,-0.4465139282290309,-8.270485594026743,-4.45827116241751
22100797,2022,02/05/2022,CHA,MIA,-18.0,False,-1.0,-1.0,3,2,4,4,6.3117686833478635,-0.652321790332568,7.009956396272512,0.7876007364455688
22100798,2022,02/05/2022,WAS,PHX,-15.0,False,-13.5,1.0,1,2,4,3,4.042429206065567,10.71673988037624,1.46466113502688,6.655414159445595
22100799,2022,02/05/2022,LAL,NYK,7.0,False,1.7999999999999998,-1.0,2,0,5,4,12.37894736842105,7.676021648403797,13.002268155587826,8.166563395724886
22100800,2022,02/05/2022,POR,MIL,-29.0,False,-4.9,-2.0,4,1,6,4,33.072585327105394,46.165005402624615,32.60767306800572,46.49050127973386
22100801,2022,02/05/2022,SAC,OKC,10.0,False,-5.8,1.0,1,5,6,9,-33.67228828760912,-18.014408407129643,-35.36104647123603,-21.098400591638722
22100802,2022,02/06/2022,CHI,PHI,-11.0,False,-0.7,0.0,3,2,7,5,16.227341972108004,33.69474285658221,12.259852312107022,27.44482422563724
22100803,2022,02/06/2022,MIN,DET,13.0,False,12.1,1.0,0,3,4,7,-14.242127361791463,-20.308012775713866,-14.272727323990189,-18.04863225035227
22100804,2022,02/06/2022,DEN,BKN,20.0,False,10.1,0.0,1,4,4,6,-36.80259865106673,-52.404542461056515,-37.29890788624827,-49.58341378364342
22100805,2022,02/06/2022,CLE,IND,13.0,False,6.8,0.0,2,2,4,7,3.9584500339405793,-12.315867375040973,4.923231715898616,-12.972511164236515
22100806,2022,02/06/2022,ORL,BOS,-33.0,False,-15.6,-1.0,1,1,5,3,1.3198993326664281,12.716546276204262,-0.1593869319217287,10.040101031447378
22100807,2022,02/06/2022,DAL,ATL,9.0,False,-5.5,0.0,3,0,8,8,28.688152519291876,15.972117864837543,28.729942960649197,18.775224321008274
22100808,2022,02/06/2022,HOU,NOP,-13.0,False,-4.4,0.0,0,2,4,5,-15.291494106403313,4.822049051048829,-16.39145631209216,0.7739085645521726
22100809,2022,02/06/2022,LAC,MIL,-24.0,False,0.6000000000000001,2.0,1,1,3,8,-3.1387230719527994,-14.147032161910548,-2.8901994671496127,-17.951217683046735
22100810,2022,02/07/2022,CHA,TOR,-15.0,False,-4.6,-1.0,3,2,6,4,7.599120346407151,13.939197651383001,8.509029936432103,13.606489780576748
22100811,2022,02/07/2022,WAS,MIA,-21.0,False,-10.1,0.0,2,2,5,4,20.47044876296684,17.31026330543807,18.78464303811523,12.353836695452426
22100812,2022,02/07/2022,CHI,PHX,-3.0,False,-8.8,-1.0,3,2,4,3,14.151817385846691,12.754384618308375,10.843403055920799,9.867510045700001
22100813,2022,02/07/2022,OKC,GSW,-12.0,False,-13.899999999999999,-1.0,6,3,9,5,21.311709434552704,29.031943697019294,20.686613854272053,28.684880710975477
22100814,2022,02/07/2022,UTA,NYK,9.0,False,2.5,1.0,2,1,6,4,18.447912415602353,20.720801421010897,18.6806312976224,20.058024776471978
22100815,2022,02/08/2022,PHI,PHX,-5.0,False,-1.5999999999999996,1.0,2,2,5,6,-1.8458557116098913,-10.304335608176004,-1.2254026487731249,-8.66755749449488
22100816,2022,02/08/2022,ATL,IND,21.0,False,14.1,0.0,0,1,4,9,-11.373639695919444,-56.9292379266046,-11.905428102178666,-55.29961345895829
22100817,2022,02/08/2022,BKN,BOS,-35.0,False,-22.0,0.0,6,1,6,2,77.14035256874635,72.03312723057412,76.64475203791221,71.73983980075428
22100818,2022,02/08/2022,MEM,LAC,26.0,False,6.9,1.0,3,1,6,4,13.595200480824197,7.7906380039974366,13.96174710209819,13.025618718329753
22100819,2022,02/08/2022,NOP,HOU,13.0,False,8.9,0.0,1,0,6,4,10.166640710169755,10.348941883468406,10.68706975188402,13.261846629684012
22100820,2022,02/08/2022,DAL,DET,30.0,False,9.6,0.0,2,3,5,7,9.251412536430614,4.156619072433209,9.872598837624754,7.8337220637914164
22100821,2022,02/08/2022,DEN,NYK,17.0,False,9.7,1.0,1,0,5,4,3.8698224852071004,-6.192124972776636,4.139475908706678,-1.6146856374240492
22100822,2022,02/08/2022,LAL,MIL,-15.0,False,-5.5,1.0,1,1,5,9,4.718018156219775,-0.3829670964057925,3.54794198535362,-2.7891880142679213
22100823,2022,02/08/2022,POR,ORL,-18.0,False,-0.2999999999999998,1.0,4,1,6,6,40.72265695015337,33.72944154203222,40.0385072987429,35.98323912200022
22100824,2022,02/08/2022,SAC,MIN,-20.0,False,-14.0,1.0,1,0,6,0,9.646176846575523,59.51509111000369,8.002022038345402,60.10830056537974
22100825,2022,02/09/2022,CLE,SAS,13.0,False,-1.6,0.0,1,1,3,6,6.249190991314373,-3.1264881680780157,7.283920276249411,0.12234181253105447
22100826,2022,02/09/2022,CHA,CHI,-12.0,False,-3.0999999999999996,0.0,3,4,6,7,-9.959915410178827,-9.708787098587564,-4.188285345791648,-3.173977514789648
22100827,2022,02/09/2022,OKC,TOR,-19.0,False,-10.0,0.0,5,2,9,3,34.62140948369111,51.028412066076584,34.16523702603213,50.831276016662244
22100828,2022,02/09/2022,UTA,GSW,26.0,False,-9.8,0.0,2,5,6,6,-13.251680187330802,0.6169202113743282,-12.771131271789613,0.5437107141903752
22100829,2022,02/09/2022,POR,LAL,2.0,False,-6.6000000000000005,0.0,5,1,8,5,30.76911477583006,27.070108378335753,30.36970396633847,28.27110249658282
22100830,2022,02/09/2022,SAC,MIN,13.0,False,-17.2,0.0,1,0,9,4,9.550505556111723,48.64583566692751,7.922657561941463,45.22642498059621
22100831,2022,02/10/2022,DET,MEM,-25.0,False,-17.2,0.0,2,4,7,5,-11.301315375928032,11.967590051445075,-11.731176445837614,5.983857477429808
22100832,2022,02/10/2022,WAS,BKN,1.0,False,3.1999999999999993,1.0,2,4,9,6,-28.315585088537567,-2.5086678711090684,-30.645879150935883,-7.032316659483982
22100833,2022,02/10/2022,NOP,MIA,-15.0,False,-1.7999999999999998,-1.0,1,0,6,6,11.356993736951985,0.1171700431865581,11.938356798338082,1.5016458137984827
22100834,2022,02/10/2022,HOU,TOR,-19.0,False,-15.3,1.0,0,3,4,4,-22.511187848718855,2.2049839741235395,-21.385848238851754,4.138117899845625
22100835,2022,02/10/2022,DAL,LAC,7.0,False,8.8,0.0,2,1,6,3,22.562093368301237,23.8086477346895,23.14742207717263,25.079621021619957
22100836,2022,02/10/2022,PHX,MIL,24.0,False,-0.40000000000000036,0.0,2,1,5,7,6.648271461872998,1.9923987498230389,8.07415912913499,1.9161918318387876
22100837,2022,02/10/2022,GSW,NYK,-2.0,False,13.0,-1.0,4,0,5,4,34.7342427656973,10.956164857009146,33.79402829667248,10.492591445317096
22100838,2022,02/11/2022,DET,CHA,-22.0,False,-3.9000000000000004,-1.0,0,4,4,5,-28.52240133767597,-15.147320698796616,-31.615497759913616,-19.537122190367988
22100839,2022,02/11/2022,IND,CLE,-7.0,False,-12.7,1.0,2,2,6,7,1.449905155828123,28.79319802471023,4.244437810168172,29.561895418172625
22100840,2022,02/11/2022,PHI,OKC,13.0,False,8.100000000000001,1.0,0,6,5,7,-45.683736634777716,-17.895413094160375,-44.36076318963884,-18.196551314550803
22100841,2022,02/11/2022,ATL,SAS,-15.0,False,7.300000000000001,1.0,0,1,4,6,-12.557084530470286,-12.912823034944118,-10.901954159955713,-8.650698692051769
22100842,2022,02/11/2022,BOS,DEN,6.0,False,11.1,0.0,4,2,7,7,11.611453568823253,-0.002340094535050241,11.810861119398037,-2.5336185280226857
22100843,2022,02/11/2022,CHI,MIN,12.0,False,-3.9,0.0,3,0,7,5,26.696366420715584,20.299446478185025,24.674285964130046,15.522684718109915
22100844,2022,02/11/2022,UTA,ORL,15.0,False,5.4,-1.0,1,2,6,6,-5.047742562345309,9.282666363446843,-3.9659870286345793,10.988105208738773
22100845,2022,02/12/2022,POR,NYK,9.0,False,-4.5,1.0,3,1,7,3,7.840634580691141,22.717964961511683,8.76696986584302,22.99098161293427
22100846,2022,02/12/2022,CHA,MEM,-7.0,False,-14.100000000000001,-1.0,3,3,6,6,5.873619162610346,6.803455950936261,9.048291913035467,6.63540299925932
22100847,2022,02/12/2022,WAS,SAC,-13.0,False,-0.5,-1.0,2,1,8,7,18.916231855326075,15.093384037797655,19.013277299621237,12.373459812553314
22100848,2022,02/12/2022,NOP,SAS,-10.0,False,-2.7,1.0,0,1,5,5,-7.638395124428642,-14.922023064821804,-7.679024885728794,-9.729795773274851
22100849,2022,02/12/2022,PHI,CLE,10.0,False,0.5,0.0,0,1,4,4,-9.779655900996074,9.126436076033865,-10.628988179244743,8.581507046817212
22100850,2022,02/12/2022,TOR,DEN,-1.0,False,2.8999999999999995,1.0,2,2,5,7,-8.883912582532451,-21.112153702820112,-9.182419565464468,-22.60355602895016
22100851,2022,02/12/2022,MIA,BKN,4.0,False,19.1,0.0,0,3,4,6,-41.30548850876273,-42.37609795703309,-42.62757206733153,-43.816419557779234
22100852,2022,02/12/2022,CHI,OKC,5.0,False,7.1,0.0,3,3,6,7,-2.8249274702362044,-0.37242655525538026,-5.357349276501502,-3.317629787914143
22100853,2022,02/12/2022,DAL,LAC,-2.0,False,11.100000000000001,0.0,2,1,7,4,11.209066105593386,14.357697847519542,10.700488535042727,16.235635503252496
22100854,2022,02/12/2022,GSW,LAL,2.0,False,9.8,-1.0,3,1,6,5,13.138804240354208,3.0804146738395666,14.58778108781996,4.262587033643452
22100855,2022,02/12/2022,PHX,ORL,27.0,False,10.9,1.0,2,2,3,5,1.3457735187942763,-9.315030753069891,3.896470465926374,-6.451047600252355
22100856,2022,02/13/2022,BOS,ATL,10.0,True,14.3,0.0,0,1,8,8,-12.568914681518228,-4.847586389216005,-12.805307363925106,-2.7729210065256424
22100857,2022,02/13/2022,IND,MIN,-9.0,False,-14.0,0.0,2,0,4,6,19.29020129284392,10.042508944738206,19.441600279480483,11.383806554054498
22100858,2022,02/14/2022,WAS,DET,9.0,False,1.799999999999999,-1.0,3,3,9,5,21.35666125424879,42.82893917054824,22.08517209678038,41.36191356619061
22100859,2022,02/14/2022,BKN,SAC,24.0,False,-4.7,0.0,2,1,6,7,28.660224824912383,36.46690930566777,30.616035686194355,37.92117505067795
22100860,2022,02/14/2022,NYK,OKC,-4.0,False,-2.5999999999999996,0.0,1,4,4,6,-24.94679134018642,-22.397545490474645,-26.204982955122993,-22.466083612224317
22100861,2022,02/14/2022,CHI,SAS,11.0,False,-1.1,0.0,3,1,7,6,30.663084802939597,19.517004203286206,29.278286038475176,17.743057698419115
22100862,2022,02/14/2022,MIL,POR,-15.0,False,11.1,1.0,2,4,6,7,-14.142790771460188,2.648103861298061,-12.70292217186691,3.4550129279754103
22100863,2022,02/14/2022,NOP,TOR,30.0,False,-9.3,0.0,0,1,1,1,-1.147086031452359,3.3989890538718726,-1.3088239682492315,3.8698013194720167
22100864,2022,02/14/2022,DEN,ORL,10.0,False,13.6,0.0,0,2,6,6,-12.224520225097399,4.616579110975724,-11.097913986331344,8.568564822925303
22100865,2022,02/14/2022,UTA,HOU,34.0,False,14.6,0.0,1,0,3,3,6.641760066417601,-2.775296624791725,6.605729174357687,-3.262463286524328
22100866,2022,02/14/2022,LAC,GSW,15.0,False,-9.9,0.0,2,3,4,4,-7.929276936705904,6.631603391914766,-8.196933154470653,5.076882172294422
22100867,2022,02/15/2022,ATL,CLE,8.0,False,-0.3999999999999999,-1.0,1,1,5,6,5.126494964573691,4.429383450084931,4.550100958058048,3.7365735137437603
22100868,2022,02/15/2022,MIA,DAL,-8.0,False,0.39999999999999947,0.0,1,3,5,7,-4.878118202411935,-2.993046190131878,-3.353922721411669,1.0990427150831223
22100869,2022,02/15/2022,PHI,BOS,-48.0,False,-12.600000000000001,1.0,0,0,0,2,0.0,-27.517357853255774,0.0,-27.618969526664465
22100870,2022,02/15/2022,MIL,IND,9.0,False,12.0,-1.0,3,3,7,5,-12.967611232318554,-15.81651264191359,-10.323223003512233,-13.793807806649227
22100871,2022,02/15/2022,MIN,CHA,6.0,False,7.1000000000000005,-1.0,0,3,4,5,-25.669078866674845,-23.72875494251229,-28.998685526273132,-24.830470081252614
22100872,2022,02/15/2022,NOP,MEM,-12.0,False,-8.7,-2.0,0,2,3,6,-14.445430346051463,-33.00260405281504,-14.732945359107056,-36.000187044288296
22100873,2022,02/15/2022,PHX,LAC,7.0,False,11.600000000000001,2.0,2,2,5,5,-4.060670822972687,-1.0861026336349369,-2.4837465524146918,0.3220343528443941
22100874,2022,02/16/2022,ORL,ATL,-21.0,False,-9.0,1.0,2,1,5,1,-2.0774874966625596,14.034332122783443,-3.5552911930877062,12.249727869511464
22100875,2022,02/16/2022,BOS,DET,-1.0,False,30.6,-1.0,0,3,5,5,-17.035337310692977,26.104166364284378,-16.112507717417884,29.095924923303368
22100876,2022,02/16/2022,IND,WAS,5.0,False,1.5,-1.0,4,4,7,7,-11.776691868970786,-8.71684910083723,-11.676062760230337,-4.654523030372211
22100877,2022,02/16/2022,NYK,BKN,-5.0,False,2.5,0.0,3,2,4,7,-9.731837046507664,-49.6953087371148,-10.70237315257868,-49.91032250785258
22100878,2022,02/16/2022,CHI,SAC,7.0,False,9.899999999999999,0.0,4,1,7,8,29.581460318025215,2.2701104776809515,29.69407176306099,1.8839246546994772
22100879,2022,02/16/2022,MEM,POR,-4.0,False,18.2,-1.0,2,4,6,6,-15.208930335491216,-10.217354029830343,-14.621493171956457,-5.4330648689713215
22100880,2022,02/16/2022,MIN,TOR,-12.0,False,0.5,-1.0,0,1,4,5,-1.1612299047916341,-17.261862847520874,-1.324962113011474,-16.373200431245678
22100881,2022,02/16/2022,OKC,SAS,-8.0,False,-3.3000000000000003,0.0,6,2,8,8,41.75190594757822,27.30025550432122,41.77398981131107,27.085815321091744
22100882,2022,02/16/2022,PHX,HOU,3.0,False,25.1,-1.0,2,0,5,4,11.971326164874554,-12.89469588698688,13.231604795708373,-11.667941829063405
22100883,2022,02/16/2022,GSW,DEN,-1.0,False,-4.800000000000001,0.0,2,0,6,5,10.361273309474477,1.4725596668691416,10.51691255733271,-1.2843798665989823
22100884,2022,02/16/2022,LAL,UTA,5.0,False,-9.4,1.0,2,1,3,7,9.048692730378615,-6.907524182416601,7.7578372975826,-10.007637303864165
22100885,2022,02/17/2022,CHA,MIA,-4.0,False,-10.1,0.0,3,2,4,5,4.9181637656936985,-7.49470480197423,7.457796061780726,-4.759657452121246
22100886,2022,02/17/2022,NOP,DAL,-7.0,False,-7.6,0.0,0,3,6,8,-14.650306748466257,-3.1173132364503857,-14.650214189934852,1.4472903912207684
22100887,2022,02/17/2022,MIL,PHI,-3.0,False,2.3,0.0,2,0,7,4,13.388587822760599,19.106104171962546,14.551427525425126,19.99315722518359
22100888,2022,02/17/2022,LAC,HOU,31.0,False,12.1,1.0,2,1,2,4,6.321455683667043,-14.42075114463578,6.5298737561957765,-14.680265273167738
22100889,2022,02/24/2022,DET,CLE,3.0,False,-13.200000000000001,0.0,2,3,4,5,-22.363843987108886,-17.002164785249,-19.305329913993987,-14.804128423875717
22100890,2022,02/24/2022,BKN,BOS,-23.0,True,-27.5,0.0,2,0,4,1,34.51004134875369,49.89432902581418,35.06157545092847,49.753408371469426
22100891,2022,02/24/2022,CHI,ATL,4.0,False,2.8000000000000003,0.0,3,1,8,4,18.821103378779345,10.149025553794502,17.571073295966453,8.025151083898614
22100892,2022,02/24/2022,MIN,MEM,5.0,False,-6.8,0.0,1,1,5,6,-8.316463858550092,-9.474586323874497,-8.243382641240487,-11.43806609831967
22100893,2022,02/24/2022,OKC,PHX,-20.0,False,-12.7,0.0,5,2,7,6,9.088521356847757,1.527408783709383,9.198135275969037,1.1225609819303415
22100894,2022,02/24/2022,POR,GSW,-37.0,False,-6.0,0.0,3,2,5,3,30.437349499798295,42.39053274990701,31.314427308785348,42.38211408837946
22100895,2022,02/24/2022,SAC,DEN,-18.0,False,-9.0,0.0,1,0,6,3,8.601181084614346,11.963903624490811,7.135141900214876,8.086796545978764
22100896,2022,02/25/2022,CHA,TOR,32.0,False,-13.4,0.0,1,1,4,2,10.42993223576504,13.38734132180846,10.090209688546773,12.350366802176573
22100897,2022,02/25/2022,IND,OKC,-4.0,False,-0.9000000000000004,2.0,1,6,4,8,-36.645837240217844,-29.279713467382166,-35.43428266021726,-29.26535398276716
22100898,2022,02/25/2022,ORL,HOU,8.0,False,4.0,0.0,1,0,6,3,7.912492332856266,13.652021712448938,6.716516947826449,11.461777602499613
22100899,2022,02/25/2022,WAS,SAS,-4.0,False,-7.8,0.0,2,4,3,7,20.570994332450642,10.601156335252668,19.287553635224835,10.25099246461695
22100900,2022,02/25/2022,NYK,MIA,-15.0,False,-8.899999999999999,0.0,1,0,4,3,9.241112238801673,15.98523077962028,9.319089550115931,16.73830124655152
22100901,2022,02/25/2022,MIN,PHI,-31.0,False,6.5,-2.0,1,2,3,2,-6.617587321354445,5.007412678645554,-6.278163101604832,5.797989266755781
22100902,2022,02/25/2022,PHX,NOP,-15.0,False,7.8,-2.0,3,0,4,2,32.37326155226559,27.30036727678549,31.094666763176463,24.329941725036782
22100903,2022,02/25/2022,UTA,DAL,5.0,False,-1.8999999999999995,0.0,1,2,7,8,-7.201661833262293,-2.456517244214904,-7.31093844898168,-0.08562516486713889
22100904,2022,02/25/2022,LAL,LAC,-3.0,False,-3.6,0.0,2,2,5,5,9.455596461483552,11.425767832583851,10.480377745639068,12.344542771255444
22100905,2022,02/26/2022,DET,BOS,-9.0,False,-32.4,0.0,2,1,4,5,6.6214375933045995,-4.847790627841778,5.133858343969869,-9.82794158711501
22100906,2022,02/26/2022,ATL,TOR,27.0,False,-2.0,1.0,2,2,2,2,7.942688234679249,7.942688234679249,5.744371883298438,5.744371883298438
22100907,2022,02/26/2022,CLE,WAS,6.0,False,4.0,1.0,4,2,7,4,2.717758248094995,5.378536764619511,-0.5033652283922336,2.321039178785476
22100908,2022,02/26/2022,MIA,SAS,4.0,False,4.0,0.0,0,3,4,7,-54.897144611605775,-45.945370985146866,-49.94905772116225,-38.024748593694305
22100909,2022,02/26/2022,CHI,MEM,-6.0,False,-7.3,0.0,3,1,8,6,13.148994323178071,9.266190057011396,11.380010153605786,3.7066363682630126
22100910,2022,02/26/2022,MIL,BKN,-3.0,False,13.0,1.0,1,1,7,5,-15.237081802441534,-19.451433908972636,-14.794531104752217,-17.87614025272297
22100911,2022,02/26/2022,DEN,SAC,5.0,False,8.8,0.0,0,1,5,6,-8.626848125876023,-6.699812345412106,-7.156434090177988,-3.128491647965731
22100912,2022,02/27/2022,NYK,PHI,-16.0,False,-6.199999999999999,0.0,2,2,5,5,8.879964061139114,15.53925808098126,8.778206147116858,14.658611121539664
22100913,2022,02/27/2022,PHX,UTA,-4.0,False,-0.09999999999999964,0.0,2,1,6,7,23.63044714692791,15.885073616496982,23.74052370590546,13.776570839126538
22100914,2022,02/27/2022,IND,BOS,21.0,False,-23.8,1.0,1,1,3,3,10.053683505396084,2.33373456640264,9.27811088813486,1.4399051023312026
22100915,2022,02/27/2022,CHA,DET,-1.0,False,10.9,1.0,3,2,4,5,6.7255686459437705,-4.051106801215447,6.992215443174214,-3.223550807247907
22100916,2022,02/27/2022,HOU,LAC,-1.0,False,-13.1,0.0,0,2,4,4,-16.240887480190175,6.385157064597067,-15.912878841002485,6.48030153762835
22100917,2022,02/27/2022,GSW,DAL,-6.0,False,-1.7999999999999998,1.0,3,2,4,8,12.47413192068145,-6.061101103567818,11.833315033630363,-6.777651330357575
22100918,2022,02/27/2022,POR,DEN,-32.0,False,-13.3,2.0,3,0,6,3,37.87793114917679,40.25060680761304,38.83695956697448,36.8734822164925
22100919,2022,02/27/2022,LAL,NOP,-28.0,False,-6.2,0.0,2,0,2,2,25.665181413112666,17.510450623776546,26.362199323356432,16.080090147563038
22100920,2022,02/28/2022,CLE,MIN,-5.0,False,1.5,-1.0,4,1,6,5,38.18242017765849,26.377283506806513,34.46787882069649,21.262119110355243
22100921,2022,02/28/2022,ORL,IND,16.0,False,-6.5,2.0,1,2,3,4,-19.896660122121816,-16.95972457001522,-22.636197835314906,-20.92547790994742
22100922,2022,02/28/2022,MIA,CHI,13.0,False,4.8,0.0,1,2,2,4,0.7250750389472973,-2.275278695016599,1.8299491595094786,-0.5086589478997681
22100923,2022,02/28/2022,MEM,SAS,13.0,False,8.299999999999999,0.0,1,0,3,3,7.6816257408975455,2.1463650659247584,9.231257112346764,3.7365329350897483
22100924,2022,02/28/2022,MIL,CHA,24.0,False,2.0,1.0,3,2,5,4,-3.334448563298727,-1.8983817114383044,-2.4590084941316164,-1.3872043625899728
22100925,2022,02/28/2022,OKC,SAC,-21.0,False,-3.6999999999999997,1.0,6,1,8,8,41.7936200081405,17.604264008639625,42.72308048211999,19.645313831815592
22100926,2022,03/01/2022,WAS,DET,3.0,False,7.499999999999999,1.0,2,0,3,4,37.31572809392975,16.733357721645383,37.12624054229408,15.5875188475461
22100927,2022,03/01/2022,BOS,ATL,9.0,False,11.399999999999999,-1.0,1,1,5,5,-2.233000066964933,-6.292055558152725,-0.05808120052824961,-2.433890672649788
22100928,2022,03/01/2022,TOR,BKN,1.0,False,12.3,0.0,1,2,7,5,-36.14574600450949,-15.443391327836657,-36.614051751247686,-10.01801832201889
22100929,2022,03/01/2022,HOU,LAC,-13.0,False,-12.5,0.0,0,2,3,2,-16.302895322939868,3.5822564408009043,-15.973634344054354,4.866336050034725
22100930,2022,03/01/2022,MIN,GSW,15.0,False,-2.7,-1.0,1,2,5,5,-18.183330391464942,-8.86810914489553,-16.673679983410874,-4.282540884747419
22100931,2022,03/01/2022,LAL,DAL,-5.0,False,-10.5,0.0,2,5,5,8,5.9503579064795,8.540529533371402,6.63505760785775,10.53248810837664
22100932,2022,03/02/2022,CLE,CHA,-21.0,False,3.5999999999999996,0.0,2,2,3,3,3.8899455686096225,-1.6141934817210561,2.403661464711842,-3.953625528036138
22100933,2022,03/02/2022,ORL,IND,-8.0,False,-2.3000000000000007,0.0,1,1,3,4,-5.014895796915308,-11.368063147604538,-7.041576797628981,-13.389438255057467
22100934,2022,03/02/2022,PHI,NYK,15.0,False,11.1,0.0,2,2,2,3,-8.737940141665511,-16.2798149135647,-8.636960949981855,-16.517503673641627
22100935,2022,03/02/2022,HOU,UTA,-5.0,False,-25.5,-2.0,1,1,4,7,5.539662278935145,-1.013389469021238,6.389080254347237,-1.1939465688443534
22100936,2022,03/02/2022,MIL,MIA,1.0,False,-3.3000000000000007,0.0,3,1,7,4,1.2630500216762321,-1.7032028463319726,2.89569711869321,0.3334801015659252
22100937,2022,03/02/2022,NOP,SAC,30.0,False,9.2,1.0,0,1,3,6,-8.644436389996375,-14.339901695026168,-7.171024500383588,-9.183799158530714
22100938,2022,03/02/2022,DEN,OKC,-12.0,False,19.0,1.0,0,7,5,9,-56.15658362989324,-41.2424017422058,-56.228732700705116,-39.13635308572592
22100939,2022,03/02/2022,PHX,POR,30.0,False,17.9,0.0,2,4,3,5,-11.958359203091277,-15.50461241007882,-12.79179128848412,-15.734068602971085
22100940,2022,03/03/2022,BOS,MEM,13.0,False,3.9000000000000004,-1.0,2,1,5,4,16.307017109234437,17.574842210714568,17.320815337468037,21.364817823800642
22100941,2022,03/03/2022,BKN,MIA,-6.0,False,-16.7,1.0,1,1,5,5,4.0598314883044235,-2.2133189112762963,3.991638925766841,-4.571258652206744
22100942,2022,03/03/2022,TOR,DET,-2.0,False,11.799999999999999,0.0,2,1,7,5,11.944341477624757,17.08627316185695,17.418103462918054,22.830333799392097
22100943,2022,03/03/2022,DAL,GSW,9.0,False,7.6000000000000005,0.0,4,2,8,5,7.359207196125688,11.239937444199704,7.065792931980424,11.189299046299688
22100944,2022,03/03/2022,SAS,SAC,-3.0,False,5.1000000000000005,2.0,1,1,3,7,-4.363637437026755,-23.85901989133592,-2.9485565772395814,-20.57159122775019
22100945,2022,03/03/2022,LAC,LAL,21.0,False,4.0,0.0,2,1,2,5,-4.13854144540122,-25.64364348621754,-5.185282024728458,-28.4624630207959
22100946,2022,03/04/2022,DET,IND,5.0,False,-4.6,-1.0,2,0,4,4,10.768237572627502,-6.692807479584591,10.71220233299925,-7.110322946951392
22100947,2022,03/04/2022,PHI,CLE,6.0,False,4.4,0.0,1,2,5,7,-12.769011833794938,-16.864884093199745,-11.217533438766981,-13.403706636909149
22100948,2022,03/04/2022,WAS,ATL,-3.0,False,-7.300000000000001,2.0,3,1,4,5,26.63982672329449,15.385771634523625,26.392339230328425,15.068860432352288
22100949,2022,03/04/2022,CHI,MIL,-6.0,False,-3.4000000000000004,-1.0,2,3,6,8,-1.9603878946754794,-9.356316717460409,-4.709693485376603,-11.927100743482626
22100950,2022,03/04/2022,NOP,UTA,34.0,False,-3.5,0.0,0,0,0,2,0.0,-7.521938988717092,0.0,-8.89219505260817
22100951,2022,03/04/2022,OKC,MIN,-37.0,False,-7.0,-1.0,8,3,9,1,40.35893966293957,50.85515186176395,37.54045393449293,49.48214204033944
22100952,2022,03/04/2022,DEN,HOU,15.0,False,22.6,0.0,0,0,4,3,0.0,28.296765616674662,0.0,28.5183424889466
22100953,2022,03/04/2022,PHX,NYK,1.0,False,19.5,0.0,2,2,4,6,21.567570070343834,6.6947793560775395,20.83957691075411,5.455152312970597
22100954,2022,03/05/2022,DAL,SAC,1.0,False,12.8,0.0,4,1,7,8,14.739606225401996,13.322804149475864,15.636655981792577,13.98842549617737
22100955,2022,03/05/2022,CHA,SAS,6.0,False,-1.2000000000000002,1.0,2,1,5,4,10.620233560652425,9.277026897660711,10.40135706605448,9.729185047215712
22100956,2022,03/05/2022,MIA,PHI,17.0,False,2.0999999999999996,1.0,1,2,2,4,-11.515455350302064,-15.811328733583586,-9.899494420060341,-13.893594495795266
22100957,2022,03/05/2022,MEM,ORL,28.0,False,15.299999999999999,1.0,1,1,1,4,-16.000016833387342,-42.549250583607524,-14.720032022528649,-39.39628520515037
22100958,2022,03/05/2022,MIN,POR,14.0,False,12.8,-2.0,1,5,5,8,-50.43794748515856,-45.1574908645042,-49.44061887162988,-41.09900005897143
22100959,2022,03/05/2022,LAL,GSW,8.0,False,-4.2,0.0,1,2,7,6,4.43757527229781,12.188486812646268,3.6317418852696264,10.39889687346001
22100960,2022,03/06/2022,BOS,BKN,6.0,False,18.4,0.0,2,2,5,4,-5.128340661440504,-2.931865652743408,-4.051488810995681,0.2645809119600955
22100961,2022,03/06/2022,MIL,PHX,10.0,False,-6.4,0.0,3,3,7,6,-33.43911374849062,-25.801389253655884,-28.9135614692343,-19.98043658646983
22100962,2022,03/06/2022,CLE,TOR,8.0,False,1.6,0.0,1,5,6,6,-39.36130959989004,-11.952156902465717,-44.527460376474835,-19.34762619867521
22100963,2022,03/06/2022,WAS,IND,10.0,False,1.2000000000000002,0.0,2,0,3,3,21.164522681110363,7.086324849323859,19.43406386765862,5.52872897506446
22100964,2022,03/06/2022,HOU,MEM,11.0,False,-23.7,1.0,0,2,3,4,-7.462635286033327,6.894502456504709,-8.284130965211283,7.053257532752896
22100965,2022,03/06/2022,OKC,UTA,-13.0,False,-18.5,0.0,7,1,9,7,43.72703274549757,34.559655083607694,42.740261444072146,32.085931259474194
22100966,2022,03/06/2022,LAC,NYK,-23.0,False,13.5,1.0,2,4,2,5,-11.057710130084683,-17.37254546093371,-13.04587118220008,-19.250283163001477
22100967,2022,03/06/2022,DEN,NOP,8.0,False,-2.5,0.0,0,0,4,4,0.0,7.7029669120396544,0.0,6.040577416614823
22100968,2022,03/07/2022,DET,ATL,3.0,False,-10.399999999999999,0.0,2,0,5,5,11.06910039113429,4.130417671618694,11.043981014298534,2.9915553577799656
22100969,2022,03/07/2022,PHI,CHI,15.0,False,0.3999999999999999,-1.0,3,2,5,6,-1.7853105217756706,-23.737442357588463,-1.0190009707818728,-19.356265814041357
22100970,2022,03/07/2022,MIA,HOU,17.0,False,18.700000000000003,1.0,1,1,2,3,-7.584933628713289,-35.81496767995453,-8.096605197009296,-35.14133458860066
22100971,2022,03/07/2022,MIN,POR,43.0,False,16.6,0.0,0,5,2,6,-61.272981360823245,-38.129966351173735,-60.96539421166567,-37.87749719758344
22100972,2022,03/07/2022,DAL,UTA,8.0,False,-0.6000000000000005,1.0,5,0,8,7,28.89327463185061,11.24948527179371,30.779745225234457,11.746847471109064
22100973,2022,03/07/2022,SAS,LAL,7.0,False,4.3,0.0,0,1,4,6,-19.447713897691262,-27.007281520317193,-20.124713141457566,-27.03559663350127
22100974,2022,03/07/2022,SAC,NYK,-16.0,False,2.2,1.0,3,4,8,4,-8.39555248152866,17.104652988541204,-12.0958320418667,13.970761822034692
22100975,2022,03/08/2022,CHA,BKN,-11.0,False,8.5,1.0,2,3,5,6,-6.690481868169556,-15.774856874400523,-7.240036730734634,-13.180421177582033
22100976,2022,03/08/2022,IND,CLE,-3.0,False,-0.7000000000000002,0.0,0,3,4,6,-31.09692396982008,-13.632920348552773,-30.64702904601187,-13.510844732896516
22100977,2022,03/08/2022,ORL,PHX,-3.0,False,-14.4,1.0,2,3,4,6,-42.78018986705235,-38.17716045512634,-40.760010742740924,-37.878552542995365
22100978,2022,03/08/2022,MEM,NOP,21.0,False,-2.7,0.0,1,1,1,3,0.9560799841093113,-22.626009568129497,1.1878856097464725,-22.1861860159687
22100979,2022,03/08/2022,OKC,MIL,-27.0,False,-11.7,0.0,7,3,8,4,27.663010495640368,24.621781327805007,26.627179109202743,23.449468750414027
22100980,2022,03/08/2022,GSW,LAC,15.0,False,-7.300000000000001,-1.0,3,3,4,3,-2.007189033574079,4.92422643442675,-1.0076631775253162,5.600642190344853
22100981,2022,03/09/2022,CHA,BOS,-14.0,False,-7.3999999999999995,-2.0,2,2,3,3,8.23243970098565,9.539210024892547,6.832895893839448,8.467894769735498
22100982,2022,03/09/2022,DET,CHI,-6.0,False,-2.0999999999999996,0.0,2,1,5,5,13.870559503661184,14.314390324741268,13.710135624655164,13.98569677170714
22100983,2022,03/09/2022,MIA,PHX,-21.0,False,0.8999999999999995,1.0,2,2,4,3,-26.345177602682252,-11.55174496707717,-23.49085579263684,-7.096030757471464
22100984,2022,03/09/2022,MIL,ATL,9.0,False,0.8000000000000003,-1.0,2,0,6,4,12.905208173298512,14.161402641994338,14.026064878555424,15.712214393403121
22100985,2022,03/09/2022,HOU,LAL,9.0,False,-4.6,0.0,0,1,2,5,-19.287638431607302,-7.905126528722924,-19.959065248195046,-9.808763502569882
22100986,2022,03/09/2022,MIN,OKC,30.0,False,20.2,1.0,0,8,2,9,-54.233020493612656,-34.95665494012641,-54.68529143931515,-35.029245442353
22100987,2022,03/09/2022,NOP,ORL,-6.0,False,16.1,0.0,1,2,4,3,13.906308795290862,16.020120820361612,12.784851671632477,16.625846167377432
22100988,2022,03/09/2022,DAL,NYK,-30.0,False,6.800000000000001,0.0,4,5,6,5,-15.085929257243865,-8.47175602889741,-17.208699991103,-10.43508450268703
22100989,2022,03/09/2022,SAS,TOR,-15.0,False,6.4,-1.0,3,3,4,4,-4.636585268374565,-6.1260149637569725,-5.064427905120537,-9.766199966825571
22100990,2022,03/09/2022,UTA,POR,38.0,True,19.9,0.0,0,5,1,6,-57.11510722184825,-57.9413841792273,-56.82839238254992,-55.926772671975726
22100991,2022,03/09/2022,SAC,DEN,-6.0,False,-14.9,0.0,2,0,8,4,15.970729476332037,23.921865182393322,16.639314196998235,21.94302671020983
22100992,2022,03/09/2022,LAC,WAS,6.0,False,3.4999999999999996,-2.0,3,2,6,4,5.91984544936269,2.3351756276431885,7.028469387060522,3.1266105907229402
22100993,2022,03/10/2022,PHI,BKN,-29.0,False,8.7,1.0,3,3,5,4,-10.447888775132295,-10.315923864754026,-10.114829282680484,-9.290657808513217
22100994,2022,03/10/2022,DEN,GSW,-11.0,False,9.7,-1.0,0,5,4,5,-29.990134824071028,-2.604242707888453,-30.532084730272892,-3.5486033837900273
22100995,2022,03/11/2022,ORL,MIN,8.0,False,-17.299999999999997,0.0,0,0,4,5,0.0,3.9782820716893426,0.0,2.6467489965942903
22100996,2022,03/11/2022,ATL,LAC,6.0,False,-1.5,0.0,0,3,4,5,-26.91183713675915,-15.794574024523104,-26.29417273460416,-15.549392225370212
22100997,2022,03/11/2022,BOS,DET,11.0,False,12.2,0.0,2,5,4,6,-32.68172703564184,-25.93998923707414,-30.665874061664333,-22.563894717572396
22100998,2022,03/11/2022,MIA,CLE,12.0,False,7.5,-1.0,2,3,4,5,-27.077403120464368,-18.92401265546804,-26.16034443353362,-19.474123913982904
22100999,2022,03/11/2022,HOU,DAL,-13.0,False,-8.0,0.0,0,5,2,7,-36.8724279835391,-9.567572872416179,-38.704224986770896,-13.081336248690999
22101000,2022,03/11/2022,MEM,NYK,4.0,False,5.0,1.0,1,4,4,6,-23.5335258745416,-21.606279714760433,-23.884337957069135,-20.900638609948754
22101001,2022,03/11/2022,NOP,CHA,-22.0,False,9.100000000000001,0.0,2,2,5,2,24.760601985913873,34.99577222108412,20.781129295305004,32.068728563308255
22101002,2022,03/11/2022,SAS,UTA,2.0,False,-9.0,0.0,4,3,5,6,0.027560757955946258,-4.516378816084206,0.199950119116739,-5.649852550969804
22101003,2022,03/11/2022,PHX,TOR,-5.0,False,9.7,0.0,2,4,5,8,10.605536655647548,6.978482877154374,6.973097879425936,-2.4175894033867777
22101004,2022,03/11/2022,LAL,WAS,13.0,False,-6.300000000000001,0.0,1,2,6,3,-1.9153796652109563,10.625614655445755,0.4706357244884458,12.959566491694282
22101005,2022,03/12/2022,MIA,MIN,-9.0,False,-3.200000000000001,0.0,5,1,7,6,28.15778448981186,18.447297233734588,28.963162635897348,16.014855690147193
22101006,2022,03/12/2022,CHI,CLE,10.0,False,3.5,2.0,1,3,6,7,-25.791849753700987,-13.789357381326226,-25.36972330118101,-12.306610434149917
22101007,2022,03/12/2022,SAS,IND,-11.0,False,-0.8999999999999999,-2.0,5,2,5,4,44.801551671506516,30.758106920686394,38.640369222398476,25.460585549937974
22101008,2022,03/12/2022,GSW,MIL,13.0,False,-6.3,-1.0,3,3,3,4,8.552187614428423,1.294048438375345,7.909665799460726,0.3059009483575039
22101009,2022,03/12/2022,DEN,TOR,-12.0,False,7.5,1.0,0,5,2,6,-33.1963942662923,-18.380491935471497,-36.17849024495544,-25.142405094418795
22101010,2022,03/12/2022,UTA,SAC,9.0,False,13.3,-2.0,3,1,7,6,12.191801965371566,9.634108967120447,14.229363057314632,15.801826663847763
22101011,2022,03/12/2022,POR,WAS,9.0,False,-16.299999999999997,2.0,5,3,7,3,18.86908226769706,26.49726817474353,19.211773264632782,26.142856110306717
22101012,2022,03/13/2022,BKN,NYK,3.0,False,-4.7,1.0,3,4,7,5,3.9259058422896373,28.923422299825393,2.87422175811281,30.15642029133429
22101013,2022,03/13/2022,DET,LAC,-4.0,False,-3.8,0.0,3,3,7,5,0.7656234025529827,15.292446136191032,0.7081838456650829,14.348207103369568
22101014,2022,03/13/2022,BOS,DAL,-3.0,False,8.899999999999999,0.0,2,3,6,6,-8.013337332991245,-2.0260553896644566,-6.883651505492846,1.6710376104273124
22101015,2022,03/13/2022,ORL,PHI,-2.0,False,-2.8000000000000003,-1.0,0,2,4,7,-8.813559322033898,-7.0873530182119495,-9.431207943774199,-9.350764219724454
22101016,2022,03/13/2022,ATL,IND,3.0,False,4.8,1.0,0,1,5,5,-15.839948526601464,-17.42398564146886,-16.627450494933164,-16.88432683207611
22101017,2022,03/13/2022,NOP,HOU,25.0,False,11.4,0.0,2,0,5,2,39.450339189424255,32.27236728849317,35.22128054658074,28.237335714873012
22101018,2022,03/13/2022,OKC,MEM,-7.0,False,-18.7,1.0,7,1,9,5,44.64542386218293,37.821038776865265,43.813655060987955,34.3703870082346
22101019,2022,03/13/2022,PHX,LAL,29.0,False,9.3,0.0,2,1,3,2,11.52280718296836,11.69022023806749,8.433292039075567,7.991779287086235
22101020,2022,03/14/2022,CLE,LAC,9.0,False,-8.3,1.0,2,5,6,5,-29.879780030993135,-17.564258402494403,-25.04473171463528,-12.43261751656943
22101021,2022,03/14/2022,ATL,POR,9.0,False,19.799999999999997,-1.0,2,5,4,8,-30.24531290279208,-32.08984900375509,-29.234381325121582,-33.005364704084755
22101022,2022,03/14/2022,PHI,DEN,-4.0,False,-6.199999999999999,-1.0,1,0,7,4,4.762499999999999,4.110454663887442,4.762025316455696,6.288565889860575
22101023,2022,03/14/2022,OKC,CHA,-18.0,False,-16.8,-2.0,8,2,9,2,37.872960068772784,41.91269311542437,38.13208386857032,42.37229620447737
22101024,2022,03/14/2022,SAS,MIN,-10.0,False,-15.0,0.0,3,1,4,6,5.612373477961102,-14.035215070441893,4.625170089176942,-12.939556838259115
22101025,2022,03/14/2022,GSW,WAS,14.0,False,4.9,0.0,2,2,6,3,-6.916741612497198,7.881238690974378,-3.7418184430761876,10.928991054269023
22101026,2022,03/14/2022,SAC,CHI,9.0,False,-6.0,0.0,2,2,7,6,5.879391253007635,16.984040758073817,5.183977157782568,14.892432828694929
22101027,2022,03/14/2022,UTA,MIL,-6.0,False,-4.2,0.0,1,3,6,7,-9.144422142973232,0.6362777317363175,-10.84060853992743,-1.0375014984181163
22101028,2022,03/14/2022,LAL,TOR,-11.0,False,-7.0,-1.0,1,4,4,7,-1.0404632480604512,3.7538998025916257,-1.6102415126858496,-2.3047809837433135
22101029,2022,03/15/2022,IND,MEM,-33.0,False,-4.199999999999999,0.0,0,1,2,2,-3.065481002425222,-12.37523953012129,-3.6883449948429177,-11.918997386399623
22101030,2022,03/15/2022,ORL,BKN,-42.0,False,2.2,0.0,1,3,3,5,-12.915477966774366,-13.468182861783188,-13.664575635447198,-15.703383941235636
22101031,2022,03/15/2022,MIA,DET,7.0,False,7.199999999999999,1.0,3,4,5,6,-11.935874034097694,-17.837744992544977,-12.586119803987177,-18.55963986624893
22101032,2022,03/15/2022,NOP,PHX,-16.0,False,-0.20000000000000018,0.0,1,2,5,3,-11.327609887841884,-0.8211230956346895,-10.29231850407739,1.9378188748031135
22101033,2022,03/16/2022,CHA,ATL,10.0,False,1.6,0.0,1,1,4,4,-3.1230875262602495,-5.210401182236698,-3.7718571713708773,-6.197657279868459
22101034,2022,03/16/2022,CLE,PHI,-4.0,False,-6.9,0.0,3,1,7,6,22.30754040701357,17.064874773653656,23.081170183460493,17.14544578461006
22101035,2022,03/16/2022,WAS,DEN,-18.0,False,-7.0,0.0,2,0,2,1,20.858524471182854,12.65019113784952,19.111013909805433,11.838521284436702
22101036,2022,03/16/2022,BKN,DAL,-2.0,False,-0.09999999999999987,-2.0,3,4,6,6,8.424057024604068,27.692009882223438,7.841633554754438,26.260952084240625
22101037,2022,03/16/2022,NYK,POR,30.0,False,18.5,1.0,4,4,5,5,-18.68510158244965,-18.20101281042386,-18.244390463067127,-18.196327492979528
22101038,2022,03/16/2022,HOU,PHX,-17.0,False,-14.3,2.0,0,2,3,5,-30.707053186184165,-29.79769209089403,-28.274353564421595,-24.019127211702333
22101039,2022,03/16/2022,MIN,LAL,20.0,False,21.6,0.0,1,1,2,3,-8.351083581679925,-4.590844728853206,-10.93935531166658,-8.701571593267953
22101040,2022,03/16/2022,SAS,OKC,2.0,False,10.799999999999999,0.0,3,7,4,8,-29.82257535209441,-29.45172372244322,-29.981754684205384,-29.87655674995186
22101041,2022,03/16/2022,UTA,CHI,15.0,False,5.199999999999999,0.0,4,2,5,3,19.7750209667619,22.72613923612289,18.513967347432175,23.227507547898917
22101042,2022,03/16/2022,GSW,BOS,-22.0,False,-1.5,-1.0,2,3,4,5,1.6389806399663893,10.85914683065835,0.898099369822571,9.507594166452222
22101043,2022,03/16/2022,SAC,MIL,-9.0,False,-11.600000000000001,0.0,1,4,6,7,-11.153944900092114,0.3137797184494815,-12.043238110990764,-3.00389617684349
22101044,2022,03/16/2022,LAC,TOR,-3.0,False,-4.2,0.0,2,3,5,8,7.645582459027663,-6.9266467872250175,7.4887234681732195,-13.379922143620234
22101045,2022,03/17/2022,ORL,DET,-14.0,False,-1.0,0.0,2,4,4,5,-11.804076946257993,0.4019855970268651,-14.27024785112376,-2.4063358052478634
22101046,2022,03/18/2022,PHI,DAL,10.0,False,2.7,0.0,1,2,3,3,-6.45921012400737,-2.710260226082461,-5.993463407286951,-2.6792820117122567
22101047,2022,03/18/2022,ATL,MEM,15.0,False,-6.000000000000001,-1.0,1,1,2,2,11.062277888928476,31.140661970930275,10.915573794635923,30.02809239285301
22101048,2022,03/18/2022,BKN,POR,5.0,False,25.7,0.0,3,3,5,8,-6.732228772108925,-11.147475190588388,-8.148581364579417,-13.159930889098753
22101049,2022,03/18/2022,CLE,DEN,3.0,False,-8.7,0.0,3,0,7,4,27.070478347013868,18.757640672213938,27.84330399355217,21.34309335451077
22101050,2022,03/18/2022,NYK,WAS,3.0,False,10.5,0.0,3,2,6,4,-0.9478744905220964,-2.7049512842078087,2.1015770934272986,-1.1846048903809923
22101051,2022,03/18/2022,TOR,LAL,-5.0,False,17.6,0.0,2,1,8,6,-3.1068547856322724,-15.849931450118572,-2.700555805534812,-7.594526181738146
22101052,2022,03/18/2022,MIA,OKC,12.0,False,18.4,1.0,0,6,4,7,-43.44732771083727,-15.501731333116659,-42.664858757943975,-10.747614741844998
22101053,2022,03/18/2022,HOU,IND,-3.0,False,-5.199999999999999,-1.0,1,1,3,4,-8.099524259454572,-9.990565575085373,-7.055935786697951,-7.3818734291977
22101054,2022,03/18/2022,SAS,NOP,-33.0,False,-11.0,-1.0,4,1,5,4,2.165116694010589,-1.6393537312293276,3.18284421031154,-1.493406358426558
22101055,2022,03/18/2022,UTA,LAC,29.0,False,4.5,0.0,5,3,7,3,23.4584327481126,41.01331653819139,22.534408360844058,41.5839924703303
22101056,2022,03/18/2022,PHX,CHI,27.0,False,14.8,0.0,2,2,4,3,22.598437052519564,34.362667658309626,20.197673376133658,30.502863353928923
22101057,2022,03/18/2022,SAC,BOS,-29.0,False,-12.600000000000001,0.0,1,3,6,5,-5.533277970779247,23.61278341258342,-6.752136763402668,19.18931361159774
22101058,2022,03/19/2022,MIN,MIL,19.0,False,9.9,0.0,1,3,1,5,0.4147503305308593,-32.438918672473,-2.0354563022109655,-33.36323981847644
22101059,2022,03/19/2022,CHA,DAL,21.0,False,5.2,2.0,2,2,2,4,0.12086751648260119,-11.018708182134825,-1.7879813760613548,-11.569426386266558
22101060,2022,03/19/2022,CLE,DET,4.0,False,-2.9,-1.0,2,3,7,4,0.6236771553548657,7.539523827287233,2.4265415008080033,10.016233118920368
22101061,2022,03/19/2022,WAS,LAL,8.0,False,1.6999999999999993,0.0,2,1,5,5,1.5169612799517225,12.95829914690075,-0.9874744280067844,10.21119220979611
22101062,2022,03/20/2022,IND,POR,31.0,False,20.2,0.0,1,4,4,5,-35.08620645958109,-11.936476243629443,-35.02769215297968,-11.55981434939764
22101063,2022,03/20/2022,HOU,MEM,-24.0,False,-16.1,0.0,1,3,2,3,-24.7468027049432,-16.30850265373992,-25.070591796230314,-15.464457880639008
22101064,2022,03/20/2022,ATL,NOP,-5.0,False,-6.6,0.0,1,1,5,5,-5.165499619242889,-9.137420360057384,-3.2932605118267517,-9.145361595764367
22101065,2022,03/20/2022,ORL,OKC,5.0,False,9.4,1.0,0,6,4,8,-43.177814768350274,-42.49244764647707,-42.40019963549632,-37.805046247860965
22101066,2022,03/20/2022,SAC,PHX,-3.0,False,-19.6,0.0,1,2,7,5,-23.211270265254388,0.16759742225622176,-18.491696981809863,-0.19736814174066808
22101067,2022,03/20/2022,NYK,UTA,-15.0,False,0.39999999999999947,0.0,3,4,5,7,-11.119068622162427,-18.51468843012445,-10.427983600724687,-20.078026180940334
22101068,2022,03/20/2022,DEN,BOS,-20.0,False,-6.9,0.0,1,1,1,4,4.366635152420374,-7.004128631089994,2.050072802432065,-10.089464717190921
22101069,2022,03/20/2022,PHI,TOR,-5.0,False,-0.8,0.0,2,5,6,9,-25.896913152758675,-23.191920640241463,-29.147069538986447,-30.67730235537113
22101070,2022,03/20/2022,GSW,SAS,-2.0,False,6.6,1.0,4,4,7,5,7.5997340751229885,17.845827695530055,9.0781993144195,18.96900874143975
22101071,2022,03/21/2022,CHA,NOP,3.0,False,-0.6000000000000005,1.0,1,1,4,5,-7.870060682975735,-12.808666102806882,-6.660554290413238,-13.314179580287458
22101072,2022,03/21/2022,CLE,LAL,-11.0,False,5.300000000000001,0.0,3,1,6,5,7.788694814906972,-4.035743360749514,7.890441294570074,-2.9388342548139477
22101073,2022,03/21/2022,DET,POR,-4.0,False,21.2,1.0,3,4,6,6,-22.41343403182274,-10.833238766833368,-22.1953158308376,-7.696012419732149
22101074,2022,03/21/2022,PHI,MIA,7.0,False,-5.6,-2.0,0,3,6,7,-14.907547025592205,28.891189693630086,-18.274248101222554,27.277641883542735
22101075,2022,03/21/2022,BKN,UTA,8.0,False,-3.0000000000000004,2.0,4,3,5,6,18.78801532987085,15.4839947154506,17.785762094940573,13.317533643140095
22101076,2022,03/21/2022,CHI,TOR,14.0,False,-11.1,2.0,2,5,4,6,-21.18615876508911,-19.677924728440935,-23.38773828635857,-24.64388088953197
22101077,2022,03/21/2022,HOU,WAS,18.0,False,-5.4,-1.0,1,1,3,3,0.22521411936022773,-18.303137276812038,0.7464440170640465,-17.145253576637614
22101078,2022,03/21/2022,OKC,BOS,-9.0,False,-23.9,0.0,7,2,8,7,14.716707230786426,-0.17511268730230967,17.693709242930545,-0.14753829112997607
22101079,2022,03/21/2022,DAL,MIN,2.0,False,-20.9,0.0,1,1,6,5,-9.28267409819476,-5.465623376301593,-6.907542115676592,-1.5343229584056601
22101080,2022,03/22/2022,ORL,GSW,4.0,False,-6.2,0.0,1,3,4,4,-18.483530878346958,-6.959925814529893,-18.092876917552545,-6.344028902534035
22101081,2022,03/22/2022,NYK,ATL,-6.0,False,4.9,0.0,5,2,5,5,19.637449255216644,10.393011831235093,19.980701903244793,8.767570327698117
22101082,2022,03/22/2022,MIL,CHI,28.0,False,12.1,2.0,4,2,5,6,17.514797201583,11.496037469105747,17.751360913968128,11.212472245281603
22101083,2022,03/22/2022,DEN,LAC,12.0,False,5.3,-1.0,1,1,4,3,-6.248109931060261,1.2985428035081554,-6.724848216303581,0.6246447375711242
22101084,2022,03/23/2022,CHA,NYK,-15.0,False,-2.0999999999999996,1.0,2,3,2,6,-4.025372218143305,-38.35345377514053,-5.503218947115622,-36.21141616797427
22101085,2022,03/23/2022,DET,ATL,21.0,False,-2.7,1.0,4,3,5,4,-5.497237389576014,-4.146657682503129,-6.07782897873,-4.229435407676618
22101086,2022,03/23/2022,IND,SAC,-1.0,False,7.3999999999999995,0.0,0,2,5,7,-27.32902479019967,-17.801728392092947,-28.476010545428306,-13.186995747282417
22101087,2022,03/23/2022,BOS,UTA,28.0,False,3.5,0.0,2,3,2,3,-16.150101117573335,-14.501031233209336,-14.670974070771859,-13.120656562833606
22101088,2022,03/23/2022,MIA,GSW,-14.0,False,3.1999999999999997,1.0,3,6,6,6,-51.87079136222356,-29.44511887520138,-49.72961097349044,-29.892842851521877
22101089,2022,03/23/2022,MEM,BKN,12.0,False,0.7999999999999989,1.0,2,3,5,6,2.860870591194903,-10.945493712677923,2.3490935211426454,-10.225841608406235
22101090,2022,03/23/2022,MIN,PHX,-9.0,False,7.0,-1.0,1,2,2,3,-19.366000731843883,-17.27967613482957,-18.912707868776334,-16.647107965387328
22101091,2022,03/23/2022,OKC,ORL,16.0,False,-10.0,1.0,5,2,7,6,21.844020384204008,5.254857476322549,20.40804530302637,2.287149111516335
22101092,2022,03/23/2022,DAL,HOU,19.0,False,5.3,0.0,3,0,5,1,29.989353396266594,28.118333849252064,30.955626385236464,30.180786062908563
22101093,2022,03/23/2022,LAL,PHI,-5.0,False,-3.6,0.0,1,1,7,6,14.340476191042749,44.488124968322225,15.009586293587653,43.70231181959895
22101094,2022,03/23/2022,POR,SAS,-37.0,False,-12.2,-1.0,4,4,5,4,25.210320526507456,30.977081105235808,25.731830280824155,31.179691657042177
22101095,2022,03/24/2022,TOR,CLE,13.0,False,3.4000000000000004,0.0,3,3,5,5,-18.24691631456998,-6.303087092817222,-19.20038081363157,-2.922808357585936
22101096,2022,03/24/2022,MEM,IND,30.0,False,9.2,0.0,4,3,4,5,16.686387157648376,1.957574798654825,18.060698535184898,3.299839644621045
22101097,2022,03/24/2022,MIL,WAS,12.0,False,13.0,-1.0,3,2,7,3,24.297513085028093,30.05465506665987,23.718671010795155,29.879172624322845
22101098,2022,03/24/2022,NOP,CHI,17.0,False,9.7,1.0,0,3,5,5,-27.058780920647568,0.7290531959460935,-26.467198742159447,1.693662245341983
22101099,2022,03/24/2022,DEN,PHX,-10.0,False,-10.1,1.0,1,1,4,5,-3.619427087483773,-6.384107326173883,-3.047525353292748,-5.136840039567598
22101100,2022,03/25/2022,CHA,UTA,6.0,False,0.6999999999999993,0.0,2,3,4,6,-7.251557171995898,-24.574199483920147,-7.187290110310981,-23.291266420148443
22101101,2022,03/25/2022,DET,WAS,-3.0,False,8.2,1.0,4,2,5,4,2.9326125107022314,-10.14414669190355,4.135580354193124,-7.022373835788709
22101102,2022,03/25/2022,ATL,GSW,11.0,False,-3.3,0.0,2,2,5,7,-3.4894529613990173,-4.52250331091421,-2.1702449197087006,-5.294450598124108
22101103,2022,03/25/2022,MIA,NYK,-8.0,False,-6.9,0.0,4,3,7,5,-5.401057135152692,-3.542215704763258,-1.209127250171111,1.0844113368681576
22101104,2022,03/25/2022,MIN,DAL,21.0,False,13.9,0.0,1,3,1,4,5.816642049432206,3.589624814023697,0.8703126183303898,-2.0201583166905763
22101105,2022,03/25/2022,POR,HOU,-19.0,False,-11.399999999999999,0.0,5,0,6,2,57.02970297029704,53.366059216359055,56.239183646911904,51.92761208038834
22101106,2022,03/25/2022,LAC,PHI,-25.0,False,-5.3999999999999995,1.0,1,1,2,3,9.53178086705368,6.610019712555411,9.071193600884525,5.728540604308796
22101107,2022,03/26/2022,NOP,SAS,-4.0,False,2.9,-1.0,0,4,5,5,-23.837298009570706,-4.041431711990786,-22.88829925796069,-3.7173165445771765
22101108,2022,03/26/2022,ORL,SAC,-4.0,False,-2.1999999999999993,0.0,1,3,5,7,-36.167522791860335,-18.222974341154526,-35.02210044102274,-16.76663918328923
22101109,2022,03/26/2022,TOR,IND,40.0,False,7.7,0.0,3,2,5,5,-11.924289260901554,-25.699348547068308,-9.947291020177714,-19.574460561708044
22101110,2022,03/26/2022,CLE,CHI,-4.0,False,6.3999999999999995,0.0,3,2,8,7,19.580284221690647,17.605253262202368,20.38971532937754,16.89321196089285
22101111,2022,03/26/2022,MIA,BKN,-15.0,False,-6.6000000000000005,-2.0,2,3,4,3,-15.478356405199865,-8.495881511391318,-13.884836350135304,-6.645811735851549
22101112,2022,03/26/2022,MEM,MIL,25.0,False,5.800000000000001,0.0,3,2,3,4,18.46720426524491,3.6900614081020535,17.993382107528735,3.445777608619892
22101113,2022,03/26/2022,DEN,OKC,6.0,False,9.799999999999999,-1.0,1,5,3,7,-30.126272726706837,-46.252715923849834,-30.360741994069187,-42.85483058638925
22101114,2022,03/26/2022,POR,HOU,-17.0,False,-12.7,0.0,4,1,5,3,45.63001069810539,42.193895502036085,42.45169392925388,38.348755968687044
22101115,2022,03/27/2022,DET,NYK,-2.0,False,-7.5,0.0,5,3,5,6,16.86224254892505,1.529826226137338,15.289789224271853,2.3382271280311997
22101116,2022,03/27/2022,BOS,MIN,22.0,False,1.5999999999999996,1.0,2,2,4,2,-0.7699067773413226,7.688777876958845,3.1247244885077876,12.606203544051759
22101117,2022,03/27/2022,WAS,GSW,8.0,False,-10.299999999999999,0.0,2,3,4,7,-6.6587247903738,-3.0729643720859485,-6.895336407171495,-5.864597006576268
22101118,2022,03/27/2022,PHX,PHI,10.0,False,10.0,1.0,2,1,5,7,16.049965793611445,8.422644164675038,14.6686125121687,5.68379796399088
22101119,2022,03/27/2022,NOP,LAL,8.0,False,6.8,-2.0,0,1,5,5,-19.06790945406125,-9.950955082849827,-19.731687230128614,-9.008373591010589
22101120,2022,03/27/2022,BKN,CHA,-9.0,False,4.700000000000001,-1.0,0,2,5,4,-15.880524571801931,15.3642612452016,-15.577079894187746,13.986540936500084
22101121,2022,03/27/2022,DAL,UTA,14.0,False,-9.1,0.0,2,3,3,5,-18.932527172376137,-47.70437318867542,-17.480430667339768,-46.72116453891538
22101122,2022,03/28/2022,CHA,DEN,-4.0,False,5.9,-1.0,2,1,4,4,7.871406291078712,-2.6822471360010205,8.500672524414197,-2.299989455236542
22101123,2022,03/28/2022,CLE,ORL,6.0,False,2.3,0.0,3,1,7,4,18.86227263647738,11.888950810171892,20.119531745536364,12.893246099938665
22101124,2022,03/28/2022,IND,ATL,-9.0,False,-8.0,-1.0,3,2,5,6,17.47532268568018,5.155379040510276,15.5783150899344,3.266037602918736
22101125,2022,03/28/2022,MIA,SAC,23.0,False,3.3000000000000003,0.0,2,3,5,8,-35.70557643863662,-44.624047811741406,-33.43244066377297,-35.269614329863174
22101126,2022,03/28/2022,NYK,CHI,5.0,False,13.7,-1.0,2,2,5,7,5.390747281686286,6.196915367002202,6.3220595811193725,2.812979181582378
22101127,2022,03/28/2022,TOR,BOS,3.0,False,-7.300000000000001,1.0,4,4,8,7,-59.55932856356632,-59.032305998899275,-54.72319569461143,-51.82628793125449
22101128,2022,03/28/2022,HOU,SAS,-3.0,False,-2.3,0.0,0,4,4,6,-23.841845140032948,12.386725226610732,-22.89266536030765,14.620279795176518
22101129,2022,03/28/2022,MEM,GSW,28.0,False,11.0,1.0,3,5,4,5,-29.923420522774055,-17.14259176590936,-28.529222219329256,-16.527301728418117
22101130,2022,03/28/2022,POR,OKC,-3.0,False,-7.300000000000001,0.0,5,6,7,8,5.3687353975895675,-1.8485703065879449,8.933612144627368,3.608756157819755
22101131,2022,03/29/2022,PHI,MIL,-2.0,False,-3.9000000000000004,-1.0,2,1,7,7,2.9686867410733395,-3.2843379936582373,2.4548403181058323,-1.3862942860951968
22101132,2022,03/29/2022,WAS,CHI,-13.0,False,-0.09999999999999964,1.0,2,2,4,6,12.442416431137568,18.99011683735529,11.241897524247525,13.330168750669635
22101133,2022,03/29/2022,BKN,DET,7.0,False,9.6,0.0,2,5,5,5,-24.04146442003308,-0.4521708702305389,-23.596139098437277,-1.7399993004510463
22101134,2022,03/29/2022,DAL,LAL,18.0,False,3.1999999999999997,0.0,2,0,4,3,4.120255217908511,-38.348901104456786,5.214200152434916,-36.08778592145149
22101135,2022,03/29/2022,LAC,UTA,6.0,False,-11.6,1.0,1,2,5,6,-3.2399829646005003,-14.258075667716696,-3.5140439882674723,-11.120885921663405
22101136,2022,03/30/2022,CLE,DAL,-8.0,False,-5.1,1.0,3,3,8,5,17.429601400762174,28.116792787771196,16.972344934485,28.501031240063305
22101137,2022,03/30/2022,IND,DEN,-7.0,False,-6.2,0.0,1,1,4,4,1.9530875003840702,22.490479117420616,1.5494796853275954,21.072580079384643
22101138,2022,03/30/2022,WAS,ORL,17.0,False,-0.7000000000000002,-1.0,2,2,3,3,-7.5323007744745745,-5.517614914434311,-6.259765799519904,-3.8295536289166066
22101139,2022,03/30/2022,BOS,MIA,-8.0,False,16.9,0.0,1,1,7,7,16.81042844566468,11.062035039367206,14.977946606547675,8.66297327712315
22101140,2022,03/30/2022,NYK,CHA,-11.0,False,-2.0999999999999996,0.0,3,2,5,3,12.0019917571052,19.254392655853934,13.132256108026267,17.78991913506875
22101141,2022,03/30/2022,TOR,MIN,23.0,False,0.5,-1.0,3,2,4,3,-11.320761329711193,-8.523721479802832,-8.264011892519301,-2.6644580080122147
22101142,2022,03/30/2022,HOU,SAC,-3.0,False,3.0999999999999996,0.0,3,3,5,6,-8.200717512645383,-0.2856171690914664,-5.622591070231934,4.271500109121568
22101143,2022,03/30/2022,OKC,ATL,-18.0,False,-9.3,0.0,7,2,8,5,46.60586021404552,35.50137033960789,41.194355803291074,29.57771081761313
22101144,2022,03/30/2022,SAS,MEM,-1.0,False,-18.799999999999997,0.0,3,2,5,5,-9.891216151437236,-11.767183865078415,-10.04893151427579,-13.279117822534815
22101145,2022,03/30/2022,GSW,PHX,-4.0,False,-16.0,-1.0,1,1,6,5,9.009343034462251,3.7295064342108475,8.019995791995369,4.845561344484729
22101146,2022,03/30/2022,POR,NOP,-10.0,False,-17.5,-1.0,5,0,7,5,62.53959386471221,49.4962209173699,61.7488912843086,46.97839171727858
22101147,2022,03/31/2022,DET,PHI,8.0,False,-3.9000000000000004,0.0,3,1,5,6,21.240815252773785,16.78414545806485,20.339096203244182,15.552181961849318
22101148,2022,03/31/2022,BKN,MIL,-1.0,False,5.0,0.0,2,1,5,7,7.827256675213698,4.822962173948131,7.2290851916796495,3.4725725725012815
22101149,2022,03/31/2022,CHI,LAC,5.0,False,2.3000000000000007,0.0,2,2,6,5,-8.7904598600912,-5.083195619670068,-7.7519618853518715,-4.464402774815316
22101150,2022,03/31/2022,UTA,LAL,13.0,False,7.0,0.0,3,1,4,5,-1.3993190491549043,-25.486617730457837,-1.5312564824344896,-25.395596370723613
22101151,2022,04/01/2022,ORL,TOR,-13.0,False,-17.5,0.0,1,3,6,7,-0.7544200553980822,30.477495762927607,-1.0295718750800997,23.299206285618993
22101152,2022,04/01/2022,WAS,DAL,32.0,False,-5.6,0.0,1,2,1,3,14.467794959211007,11.11700961889687,11.63707824288165,8.310074959537964
22101153,2022,04/01/2022,BOS,IND,5.0,False,20.5,0.0,2,1,6,3,10.599075832490099,9.04853999021233,10.840284850655351,9.21637862117354
22101154,2022,04/01/2022,HOU,SAC,-5.0,False,2.2,0.0,3,3,5,4,-11.106700521735192,2.5351960320610587,-8.437758476966764,5.71195712976256
22101155,2022,04/01/2022,MEM,PHX,8.0,False,2.9000000000000004,0.0,2,0,6,4,24.796170985311107,63.87707818617561,24.551910096398977,58.74440117932425
22101156,2022,04/01/2022,MIL,LAC,-34.0,False,8.3,0.0,5,6,7,7,13.388307233486387,21.869590286675667,10.798231195122028,20.17870392378166
22101157,2022,04/01/2022,OKC,DET,-9.0,False,-7.0,1.0,8,6,9,7,14.93556853233158,19.748963073243473,10.58808529977945,14.11831508284287
22101158,2022,04/01/2022,SAS,POR,19.0,False,15.2,0.0,4,5,5,6,-45.91390267146012,-27.298960379428436,-45.5536223528684,-28.63438721037801
22101159,2022,04/01/2022,DEN,MIN,-6.0,False,-0.9,0.0,1,2,4,5,-12.051075305884117,-7.28836686041204,-9.750823436984437,-6.601814382202658
22101160,2022,04/01/2022,LAL,NOP,-3.0,False,-14.899999999999999,-1.0,0,0,6,5,0.0,13.22361849928821,0.0,9.722495240867353
22101161,2022,04/02/2022,PHI,CHA,30.0,False,-5.8999999999999995,-1.0,3,2,4,2,2.5634584503496765,7.084278014130243,3.7645312901593666,7.644400358245726
22101162,2022,04/02/2022,NYK,CLE,-18.0,False,7.0,1.0,4,4,5,5,-4.660936313843472,-5.029876032930886,-5.474536248771429,-6.04140850205377
22101163,2022,04/02/2022,ATL,BKN,7.0,False,0.0,0.0,2,2,5,6,-3.2609783600398217,-24.638998891951854,-1.6592028838188462,-23.89945430575434
22101164,2022,04/02/2022,CHI,MIA,-18.0,False,-7.4,-1.0,2,0,3,5,8.19855637472498,-10.13425446344873,8.167789351898529,-14.700094653422788
22101165,2022,04/02/2022,GSW,UTA,4.0,False,-4.2,1.0,1,2,6,7,6.767914189575926,1.1587781536198491,6.270739398471703,0.10896181777326319
22101166,2022,04/03/2022,BOS,WAS,42.0,False,11.7,0.0,2,1,3,1,2.800195544381591,8.045440789626838,2.5943178540942213,9.400266870546236
22101167,2022,04/03/2022,MIL,DAL,-6.0,False,-1.1999999999999997,0.0,1,2,7,5,1.0728381453562799,13.542214834305224,-0.2550817907589842,10.39029202114979
22101168,2022,04/03/2022,LAL,DEN,-11.0,False,-8.2,0.0,0,1,5,5,-8.209758638652545,13.317336449473288,-7.273755430130906,12.617803811626345
22101169,2022,04/03/2022,IND,DET,-4.0,False,-11.9,0.0,1,6,3,8,-33.11923231827752,-37.76349269141489,-33.48614257233011,-35.32352041709724
22101170,2022,04/03/2022,CLE,PHI,-4.0,False,-8.899999999999999,0.0,3,2,6,6,27.43717615729284,22.87049795675235,27.9157585538132,23.221984099823043
22101171,2022,04/03/2022,ORL,NYK,-30.0,False,-11.8,1.0,2,3,6,3,-3.5832354685658103,21.03474978941945,-5.9500904364162785,17.25047279354318
22101172,2022,04/03/2022,TOR,MIA,-5.0,False,7.699999999999999,1.0,0,5,7,7,-35.65128241117127,-6.968907347327374,-41.06676582788323,-8.710063662763496
22101173,2022,04/03/2022,HOU,MIN,-7.0,False,-4.9,0.0,3,1,5,4,23.50489968533769,17.678020883033362,26.45906161435814,19.204811391231306
22101174,2022,04/03/2022,OKC,PHX,21.0,False,-17.7,0.0,7,3,7,3,12.911273033554444,12.911273033554444,10.745495768092113,10.745495768092113
22101175,2022,04/03/2022,SAS,POR,21.0,False,17.9,0.0,1,5,3,6,-55.88884828311405,-16.10436804058964,-55.542369972306375,-18.772032999026194
22101176,2022,04/03/2022,SAC,GSW,-19.0,False,-0.39999999999999947,1.0,3,4,5,5,2.25896255298327,11.900716283098163,0.7236713715099583,8.82802364701594
22101177,2022,04/03/2022,LAC,NOP,19.0,False,-12.3,0.0,1,0,2,3,4.404761904761905,-6.821219715956559,3.6817179187751394,-9.489992579656276
22101178,2022,04/05/2022,IND,PHI,-9.0,False,-15.1,0.0,1,0,4,6,10.048612200094087,18.176778609265057,8.724134163345965,16.441722937372603
22101179,2022,04/05/2022,ORL,CLE,5.0,False,-10.0,0.0,4,3,6,7,2.532102463446357,-0.6449908784258298,0.35218207651221434,-2.5879923560760147
22101180,2022,04/05/2022,BKN,HOU,13.0,False,5.6,1.0,4,3,6,5,-6.795761395280671,-4.7327099516341775,-7.067893543616442,-5.723169459432334
22101181,2022,04/05/2022,MIA,CHA,29.0,True,0.0,-1.0,0,0,5,2,0.0,12.56801100335067,0.0,12.70308127489848
22101182,2022,04/05/2022,TOR,ATL,10.0,False,2.1999999999999993,-1.0,2,1,6,5,-11.038959099124787,-8.325083761791792,-11.516577818921848,-4.281185402776082
22101183,2022,04/05/2022,CHI,MIL,-21.0,False,-4.800000000000001,1.0,0,1,2,3,-4.4824349029102235,5.124061089877806,-5.112088894425048,5.659908652822878
22101184,2022,04/05/2022,MIN,WAS,-18.0,False,4.7,0.0,0,1,3,4,-17.866857551896924,-26.47732694149279,-16.98224688262536,-22.44375738841851
22101185,2022,04/05/2022,OKC,POR,4.0,False,13.700000000000001,0.0,5,5,9,6,-2.8528533402583918,22.77065010253925,-8.251855770229326,14.701588770392206
22101186,2022,04/05/2022,DEN,SAS,-19.0,False,-2.5000000000000004,0.0,1,3,4,5,-28.37295741143714,-20.788543933393697,-27.021121045592118,-18.91708379489168
22101187,2022,04/05/2022,UTA,MEM,6.0,False,-14.700000000000001,0.0,2,2,7,5,-13.554995298634728,-5.567709080277268,-13.61525536605902,-7.167221464011725
22101188,2022,04/05/2022,SAC,NOP,-14.0,False,-9.5,0.0,3,0,5,5,46.70874661857529,25.477841921406934,45.01818493174974,23.129099404983457
22101189,2022,04/05/2022,PHX,LAL,11.0,False,13.7,0.0,0,1,1,4,-22.980230156388313,-30.417518895544966,-23.09279392128114,-29.95215924138826
22101190,2022,04/06/2022,DET,DAL,-18.0,False,5.3,0.0,7,1,7,3,45.22456344804736,39.52836091640179,42.99093595019296,36.62733563978061
22101191,2022,04/06/2022,NYK,BKN,-12.0,False,-0.3999999999999999,2.0,3,1,6,5,23.652052942973953,20.4640065918519,23.504591537558184,20.187805495625653
22101192,2022,04/06/2022,ATL,WAS,15.0,False,5.300000000000001,0.0,2,1,3,1,-0.41393400171992667,3.761963013752176,1.755906208320937,5.172439991516136
22101193,2022,04/06/2022,CHI,BOS,-23.0,False,-24.6,-2.0,0,1,2,2,-18.557322175732217,-11.066184263379613,-17.398058105957926,-8.955985106364967
22101194,2022,04/06/2022,UTA,OKC,36.0,False,1.2,0.0,4,5,4,9,-18.150917654655707,-50.78413320235889,-8.835258078574306,-38.833574036759394
22101195,2022,04/06/2022,LAC,PHX,4.0,False,-8.2,2.0,0,4,4,4,-71.46478421305953,-54.191401188293966,-65.81074922187372,-49.063818251403646
22101196,2022,04/07/2022,CHA,ORL,27.0,False,6.8,0.0,0,3,1,6,-38.830510479157915,-39.96817583341378,-36.32048613589279,-37.62034327094785
22101197,2022,04/07/2022,TOR,PHI,5.0,False,2.8000000000000007,0.0,3,1,8,6,-0.5907595291532548,16.4583117770006,0.2344839468040938,22.8629302541959
22101198,2022,04/07/2022,MIL,BOS,6.0,False,-17.8,1.0,1,3,7,5,-53.86600757563797,-32.55560272719217,-48.69783675705533,-28.52238532704657
22101199,2022,04/07/2022,MIN,SAS,6.0,False,-7.3999999999999995,0.0,0,3,4,4,-36.477191061223095,-22.66481442705183,-34.197773874974565,-19.004797569908497
22101200,2022,04/07/2022,NOP,POR,33.0,False,22.1,0.0,0,5,2,5,-59.35694010904025,-39.59843297402379,-58.60647655773211,-40.35705985915351
22101201,2022,04/07/2022,DEN,MEM,13.0,False,-15.8,0.0,1,2,2,3,-16.14851340422486,-13.415546158621346,-16.84043186502258,-13.798502220374552
22101202,2022,04/07/2022,GSW,LAL,16.0,False,1.8999999999999995,1.0,1,3,3,6,-38.48959783056518,-49.723187424434755,-39.407803035367195,-51.15902233380547
22101203,2022,04/08/2022,DET,MIL,-30.0,False,1.7999999999999998,1.0,6,1,7,2,34.35473987071595,36.7812941994746,33.166130990988975,35.348290451086456
22101204,2022,04/08/2022,WAS,NYK,-22.0,False,-2.0,0.0,3,3,3,4,14.670890316923014,8.060826121437408,9.530820576507715,3.039476620006596
22101205,2022,04/08/2022,BKN,CLE,11.0,False,7.199999999999999,-1.0,1,2,5,3,-14.403071147188808,13.683191307429677,-15.192662895203814,12.106663303289096
22101206,2022,04/08/2022,TOR,HOU,2.0,False,11.3,-2.0,1,3,5,5,-22.08322193672946,-9.64817721141818,-23.02778283809477,-4.244972733071762
22101207,2022,04/08/2022,MIA,ATL,4.0,False,-0.3000000000000007,1.0,1,1,8,6,-6.326281569071705,0.5185457315132567,-6.205775104113819,0.7815805185003164
22101208,2022,04/08/2022,CHI,CHA,-16.0,False,-7.5,1.0,1,1,4,2,-8.707320931188097,1.2194552024334477,-8.870114813662196,2.6731525309013975
22101209,2022,04/08/2022,DAL,POR,50.0,False,17.0,1.0,1,5,2,5,-50.118108917690115,-42.672670699950956,-49.269935376472155,-40.69041258331667
22101210,2022,04/08/2022,UTA,PHX,-6.0,False,-3.6999999999999997,0.0,2,0,5,4,10.65680317040951,4.761307939505997,10.738503323640142,5.2396198367756455
22101211,2022,04/08/2022,LAL,OKC,19.0,False,-4.299999999999999,-1.0,4,3,7,9,21.514481983656637,-20.521760215715673,28.030523622375746,-10.126191042835288
22101212,2022,04/09/2022,LAC,SAC,19.0,False,6.4,0.0,0,4,3,5,-52.84535773211339,-47.71674511705787,-50.796732839910455,-44.81928612270795
22101213,2022,04/09/2022,MEM,NOP,27.0,False,3.0,0.0,2,0,3,2,4.357212953876349,-12.881861785190251,5.308568127188257,-9.566570353017806
22101214,2022,04/09/2022,PHI,IND,13.0,False,12.6,-1.0,2,1,5,6,0.5043843053808033,-28.349887453052656,1.307768803039604,-27.330828883379375
22101215,2022,04/09/2022,SAS,GSW,-6.0,False,6.9,0.0,5,2,5,6,47.11474441122282,34.21669732591129,41.64272093989961,28.646367766670593
22101216,2022,04/10/2022,BKN,IND,8.0,False,12.399999999999999,1.0,1,2,7,6,-14.754572422916326,-0.8631927976518483,-13.067813318481505,-0.5831299610519096
22101217,2022,04/10/2022,CHA,WAS,16.0,False,2.0,0.0,1,3,1,4,-38.06845477399025,-46.580197604748726,-32.96461525472522,-41.51356337226214
22101218,2022,04/10/2022,CLE,MIL,18.0,False,-9.1,0.0,2,2,3,11,8.353770505744194,-94.26931472932978,9.563548536872563,-91.32669458918555
22101219,2022,04/10/2022,DAL,SAS,10.0,False,-1.0,1.0,3,2,3,3,-3.311222251688168,-5.927864868330783,-0.1930642605166213,-2.807443345483941
22101220,2022,04/10/2022,DEN,LAL,-5.0,False,5.3,1.0,0,4,4,8,-63.62076486840192,-8.37794912630045,-63.5572424622734,-11.295053838355116
22101221,2022,04/10/2022,HOU,ATL,-16.0,False,-5.3,0.0,4,1,5,3,22.64346574003152,18.63278480485826,23.62017670363303,18.572047486127182
22101222,2022,04/10/2022,LAC,OKC,50.0,False,6.1,-1.0,4,3,6,9,5.542312711411398,-35.77229490375436,11.828156292012629,-25.213533259185326
22101223,2022,04/10/2022,MEM,BOS,-29.0,False,0.40000000000000036,-2.0,6,1,8,2,54.70818394239902,77.74014143880888,54.17494429576479,76.27908355012184
22101224,2022,04/10/2022,MIN,CHI,-4.0,False,9.1,1.0,1,6,3,6,-45.133069831488,-22.217769356709,-55.55619455908722,-33.67332531259048
22101225,2022,04/10/2022,NOP,GSW,-21.0,False,2.8000000000000003,0.0,4,4,5,5,10.233601412294682,11.231880889690977,5.4534154268690855,6.221588688269328
22101226,2022,04/10/2022,NYK,TOR,11.0,False,-5.5,0.0,3,3,6,5,29.566563278523162,17.429628332741714,29.319961251889776,17.530172942617476
22101227,2022,04/10/2022,ORL,MIA,14.0,False,-14.2,1.0,4,2,7,10,23.531237836778338,-38.55713723195496,17.678546988724253,-39.690700910066155
22101228,2022,04/10/2022,PHI,DET,12.0,False,8.3,-1.0,2,4,6,6,-26.703913083303384,10.370929670169843,-26.48478540005159,13.95946229928056
22101229,2022,04/10/2022,PHX,SAC,-7.0,False,11.4,1.0,5,4,5,5,31.03008321185998,26.387708043169027,24.964778981699972,21.12298448967705
22101230,2022,04/10/2022,POR,UTA,-31.0,False,-19.6,0.0,6,3,6,4,45.51618818301972,29.66437553417083,44.61128086515617,27.375407849659865
22200001,2023,10/18/2022,BOS,PHI,9.0,True,7.3,0.0,1,0,5,9,19.98558038932949,2.6931974640823526,18.702647028530233,-5.358763912173131
22200002,2023,10/18/2022,GSW,LAL,14.0,False,9.0,0.0,1,0,6,10,6.210919970082274,-24.7725649624822,5.040139616055847,-38.83081654554101
22200003,2023,10/19/2022,DET,ORL,4.0,False,6.0,0.0,2,3,10,9,-8.256326913262164,12.496008100564097,-7.049311153487812,1.8946389557201968
22200004,2023,10/19/2022,IND,WAS,-7.0,False,-9.6,0.0,0,1,4,6,-10.149892933618844,-37.85043788730005,-10.08282297317826,-26.84865328861019
22200005,2023,10/19/2022,ATL,HOU,10.0,False,9.7,0.0,1,1,9,6,4.791284035786603,12.650747762242318,2.4644858145203283,19.058051200275465
22200006,2023,10/19/2022,BKN,NOP,-22.0,False,2.3000000000000003,0.0,1,0,7,6,9.925925925925924,32.93508688533248,9.33305012744265,21.82898697119623
22200007,2023,10/19/2022,MIA,CHI,-8.0,False,11.0,0.0,2,1,7,8,-3.1879704881981112,-18.85946481019075,-6.348941739475547,-19.14339151376268
22200008,2023,10/19/2022,TOR,CLE,3.0,False,12.0,0.0,0,1,6,7,-1.3015438733632987,-9.0109057313366,-2.4819230017588434,-17.816100632766187
22200009,2023,10/19/2022,MEM,NYK,3.0,False,3.1000000000000005,0.0,2,1,6,5,13.303072137385266,9.608087118428436,15.145740658106586,9.796706601287639
22200010,2023,10/19/2022,MIN,OKC,7.0,True,5.6000000000000005,0.0,0,0,7,8,0.0,-18.760575465678848,0.0,-19.175658512025905
22200011,2023,10/19/2022,SAS,CHA,-27.0,True,7.3,0.0,0,1,4,4,-21.937677053824363,-20.422424812091208,-19.04859446502506,-20.874164819198473
22200012,2023,10/19/2022,UTA,DEN,21.0,False,0.9000000000000001,0.0,1,0,11,7,7.22656030560081,51.67606854434658,6.690437087143154,53.67575878002776
22200013,2023,10/19/2022,PHX,DAL,2.0,False,-8.0,0.0,2,2,5,9,9.612649821139009,-20.919012754559063,11.77212079951613,-22.760002731848353
22200014,2023,10/19/2022,SAC,POR,-7.0,False,14.899999999999999,0.0,0,1,7,11,-10.80810607955967,-25.467321516122446,-9.798074011633835,-30.269559415722746
22200015,2023,10/20/2022,PHI,MIL,-2.0,True,4.5,-1.0,0,2,6,6,-22.279522893857365,-12.997775194654373,-22.06062817982155,-9.92323894074471
22200016,2023,10/20/2022,LAL,LAC,-6.0,False,-13.1,-1.0,0,0,9,5,0.0,21.01276622622092,0.0,32.22996956669948
22200017,2023,10/21/2022,CHA,NOP,-12.0,False,3.0000000000000004,0.0,1,0,6,5,19.102121361618156,38.72669414073535,16.58646730674358,24.335109667713727
22200018,2023,10/21/2022,IND,SAS,-3.0,True,-14.799999999999999,0.0,0,0,4,5,0.0,-1.571439131330827,0.0,8.70698858433422
22200019,2023,10/21/2022,WAS,CHI,2.0,False,2.3000000000000003,0.0,1,1,4,8,-5.890093032658369,-10.488742267242745,-6.2621940648184715,-15.310626410859072
22200020,2023,10/21/2022,ATL,ORL,10.0,False,19.4,0.0,1,3,8,6,-15.80840629618447,1.2381925249090884,-15.25085754829446,-0.7418997071054179
22200021,2023,10/21/2022,BKN,TOR,4.0,False,-5.6000000000000005,0.0,1,0,6,7,11.456164654660597,6.27925876324953,10.771887659458844,3.965607866791615
22200022,2023,10/21/2022,MIA,BOS,-7.0,False,-9.899999999999999,-1.0,2,1,5,5,-3.907808407718832,-24.542028284924925,-5.731007635134976,-16.03466678345697
22200023,2023,10/21/2022,NYK,DET,24.0,False,8.1,0.0,1,2,2,6,-11.53392743637132,-18.76528361478642,-10.231841675656511,-15.029096847486105
22200024,2023,10/21/2022,HOU,MEM,-7.0,False,-9.7,0.0,1,2,6,4,-12.600428383193968,-3.101429998822759,-14.846444234323329,-5.7979644664975325
22200025,2023,10/21/2022,MIN,UTA,-6.0,True,-10.0,0.0,0,1,4,5,-7.532137096988828,-10.61931747403947,-6.973343782945319,-7.984611874543184
22200026,2023,10/21/2022,GSW,DEN,-5.0,False,4.9,1.0,1,0,5,6,5.996533795493934,-3.973128714450734,4.866165992682458,1.1709123452799375
22200027,2023,10/21/2022,POR,PHX,2.0,False,-18.400000000000002,0.0,1,2,11,6,-8.205508043605008,18.443966603363567,-9.69177897637881,25.612830899426456
22200028,2023,10/22/2022,PHI,SAS,-9.0,True,2.7,1.0,0,0,6,3,0.0,14.268901237509532,0.0,18.327943902741303
22200029,2023,10/22/2022,IND,DET,9.0,False,-3.7,0.0,0,1,5,8,-11.367232964049995,-10.440891618636641,-11.735948590257312,-7.011821467854958
22200030,2023,10/22/2022,ORL,BOS,-6.0,False,-21.2,0.0,4,2,7,4,1.5328371721519147,3.181616604423745,3.097067127366188,10.115830044816235
22200031,2023,10/22/2022,MIA,TOR,3.0,False,0.3999999999999999,0.0,2,1,6,6,3.408973502325713,-6.606398355924416,0.3979346023071777,-1.8321736083404438
22200032,2023,10/22/2022,CHI,CLE,-32.0,False,-3.8,-2.0,0,2,5,4,-17.01466781708369,-8.696748487417537,-17.729118160796634,-7.578357966207854
22200033,2023,10/22/2022,MIL,HOU,20.0,False,2.8000000000000003,1.0,2,3,5,5,0.2086086280587054,-4.663754701879128,-1.3266624664857467,-3.1533916619086497
22200034,2023,10/22/2022,DAL,MEM,41.0,False,1.8000000000000007,2.0,2,2,5,4,-14.519485418848184,-25.22899407757844,-18.310859551332822,-25.407989153291087
22200035,2023,10/22/2022,DEN,OKC,5.0,False,11.2,-2.0,0,0,7,4,0.0,11.01414570241485,0.0,1.8645424536436792
22200036,2023,10/22/2022,SAC,LAC,-2.0,True,-15.8,1.0,0,0,7,5,0.0,18.728825474578514,0.0,22.569662556654926
22200037,2023,10/23/2022,LAL,POR,-2.0,False,9.399999999999999,1.0,0,1,9,11,-7.944736267399225,-5.2436143846101615,-7.202289964391294,-4.33417891152294
22200038,2023,10/23/2022,ATL,CHA,-17.0,False,6.4,0.0,1,1,6,5,-7.724142813809317,-34.72638430500387,-6.915519091437792,-20.28330982813042
22200039,2023,10/23/2022,CLE,WAS,10.0,False,5.1,-1.0,2,1,5,4,8.849119000632166,4.965330645647313,9.626906854937328,4.5437017879701145
22200040,2023,10/23/2022,NOP,UTA,-1.0,False,-4.800000000000001,0.0,0,1,5,5,-7.49562987996737,-10.071756849282,-6.939544959109386,0.7041004210819892
22200041,2023,10/23/2022,OKC,MIN,-10.0,False,-9.0,-1.0,0,1,4,4,-9.612555174104953,20.076730444382573,-9.22561629357645,21.92182938826103
22200042,2023,10/23/2022,GSW,SAC,5.0,True,10.0,1.0,1,0,5,5,6.017391304347826,8.166353476346735,4.883091787439613,1.084088757855909
22200043,2023,10/23/2022,LAC,PHX,-17.0,True,11.9,-1.0,0,1,3,4,-2.1111274006743876,-9.216946685614976,-2.3168728676892645,-8.840526575759206
22200044,2023,10/24/2022,PHI,IND,14.0,True,9.1,0.0,0,0,3,4,0.0,-11.3962251620056,0.0,-14.60981427417944
22200045,2023,10/24/2022,MIA,TOR,-8.0,False,2.8,0.0,3,0,6,6,22.29765146478339,-5.124405321837699,18.515796992781077,-0.3296185124102564
22200046,2023,10/24/2022,NYK,ORL,13.0,False,14.4,1.0,1,4,4,7,-28.178444256939276,-20.966481487529858,-26.030000218772333,-23.779955543759318
22200047,2023,10/24/2022,CHI,BOS,18.0,False,-18.6,0.0,0,1,4,3,-17.45248494864833,-12.807438577435523,-16.332158456582967,-9.9860827780379
22200048,2023,10/24/2022,HOU,UTA,6.0,False,-18.4,1.0,2,1,5,4,7.834308478759035,17.10649603384453,6.930821071527003,21.72931262697722
22200049,2023,10/24/2022,MEM,BKN,10.0,False,-3.1,-1.0,2,2,4,6,5.459228467553785,-8.507740452439489,8.398761087679102,0.3378355475022232
22200050,2023,10/24/2022,MIN,SAS,-9.0,False,-5.800000000000001,-1.0,2,0,4,5,14.245314041433739,3.3146950165404974,14.710344876664243,5.2995210402713795
22200051,2023,10/24/2022,POR,DEN,25.0,False,-15.1,-1.0,1,0,10,4,7.96781519095321,28.138921913873748,7.2232121314598094,41.780129775078805
22200052,2023,10/25/2022,WAS,DET,21.0,False,4.6,-1.0,1,2,3,7,-9.639384879253264,-19.679381657808985,-10.874245019125839,-18.117567345439067
22200053,2023,10/25/2022,NOP,DAL,2.0,False,-10.5,-1.0,2,2,7,8,19.213286054418354,11.030190949776959,20.42333421790758,18.406187998050555
22200054,2023,10/25/2022,OKC,LAC,14.0,False,-24.700000000000003,0.0,2,2,6,5,4.79781238014354,10.153840059825477,7.51008351010999,10.145328599154716
22200055,2023,10/25/2022,PHX,GSW,29.0,False,-5.0,0.0,2,2,5,6,-1.7458908623426712,-13.64630412975233,-0.9742597555250505,-10.89756741859772
22200056,2023,10/26/2022,CLE,ORL,11.0,False,12.399999999999999,1.0,2,4,6,8,-16.484225837940684,-12.956075995445744,-14.055524466102955,-19.287860844375345
22200057,2023,10/26/2022,DET,ATL,-5.0,False,-15.8,-2.0,2,1,7,8,6.898760805708324,1.4262970022773231,9.742766729352972,-1.671391997315851
22200058,2023,10/26/2022,NYK,CHA,3.0,False,2.1999999999999997,-1.0,1,1,4,5,-12.950789400666881,-38.60638061291724,-10.064304628019912,-25.331795399867076
22200059,2023,10/26/2022,TOR,PHI,10.0,False,-3.9000000000000004,0.0,2,0,6,6,5.743873437789884,1.177213810113109,5.519065131103526,-3.5239859215686167
22200060,2023,10/26/2022,MIL,BKN,11.0,False,0.8999999999999999,1.0,2,2,7,6,6.8249168818363035,4.777692943448585,6.65677041932096,5.642240315630403
22200061,2023,10/26/2022,CHI,IND,15.0,False,-1.6000000000000005,0.0,0,0,5,6,0.0,-25.343669874163822,0.0,-24.02186220177093
22200062,2023,10/26/2022,MIN,SAS,12.0,False,-5.5,0.0,1,1,6,4,-3.5325350742671873,3.4089506819336144,-5.362128926150845,0.5830823005172121
22200063,2023,10/26/2022,UTA,HOU,8.0,False,17.5,0.0,0,2,4,5,-20.467439785905444,-17.447734652328844,-20.75308106054884,-20.87525552384938
22200064,2023,10/26/2022,DEN,LAL,11.0,False,1.7000000000000002,-1.0,0,0,3,9,0.0,-26.4481759097281,0.0,-37.91794103412044
22200065,2023,10/26/2022,POR,MIA,-21.0,False,-15.2,0.0,1,2,9,5,-5.924606890393738,19.6665870773035,-3.684365860390322,25.497482117831535
22200066,2023,10/27/2022,BKN,DAL,-4.0,False,-11.8,-1.0,3,2,7,7,17.208078173788426,22.761058337190796,18.144023011390303,21.79204562727773
22200067,2023,10/27/2022,OKC,LAC,8.0,False,-19.5,0.0,1,1,5,4,2.2475270730416543,24.079246847035403,6.2968146591242675,25.00293078649763
22200068,2023,10/27/2022,GSW,MIA,13.0,False,0.40000000000000036,1.0,2,2,7,7,-0.6728821671326539,14.851521318624656,2.194802476395477,7.528818326032287
22200069,2023,10/27/2022,SAC,MEM,-15.0,True,-4.1000000000000005,0.0,0,2,6,5,-21.44236229415105,-12.81088494921362,-23.999111139773927,-12.147854208673294
22200070,2023,10/28/2022,DET,ATL,-24.0,False,-15.799999999999999,0.0,2,1,6,6,5.846638434508236,4.916820869009225,8.617770970252383,1.5468460700435713
22200071,2023,10/28/2022,ORL,CHA,20.0,False,-13.5,0.0,5,1,7,5,21.74811192858898,-14.535847906132467,24.418412317484982,2.3657196701968957
22200072,2023,10/28/2022,BOS,CLE,-9.0,False,4.7,1.0,2,2,5,6,8.44863666061855,5.779196596783301,6.457065570553894,2.5530346940699786
22200073,2023,10/28/2022,TOR,PHI,-22.0,False,-0.19999999999999996,0.0,1,0,3,4,2.440181657967871,-26.059018935772997,2.9509403288866523,-27.12518903909003
22200074,2023,10/28/2022,WAS,IND,-10.0,False,4.4,1.0,2,0,5,6,15.816519088401801,1.5098907584362067,16.527260958878077,0.2068802654825035
22200075,2023,10/28/2022,MIL,NYK,11.0,False,-2.6000000000000005,0.0,2,1,6,4,16.902815878146402,11.050944910468374,16.23321434716974,9.600538405926024
22200076,2023,10/28/2022,MIN,LAL,9.0,False,6.1,0.0,0,1,6,10,-3.0135922330097085,-19.866417034691395,-2.829669902912621,-37.45700052140869
22200077,2023,10/28/2022,SAS,CHI,5.0,False,6.7,0.0,2,0,6,6,17.96654086633245,-3.531343451726883,20.781154671945504,-7.451645034305162
22200078,2023,10/28/2022,DEN,UTA,16.0,False,-12.4,0.0,0,1,4,4,-7.537156772189101,-0.0969947486349092,-6.431280046052654,-1.1014215632931723
22200079,2023,10/28/2022,PHX,NOP,13.0,False,0.4999999999999998,0.0,1,1,3,5,-7.547868175409578,-21.81584054727155,-6.162648684931442,-22.24516545801215
22200080,2023,10/28/2022,POR,HOU,14.0,False,-4.200000000000001,0.0,2,1,11,4,14.974882423160476,30.348475610205874,18.851571479452893,46.55244667518937
22200081,2023,10/29/2022,SAC,MIA,6.0,False,-7.8,0.0,0,2,6,7,-13.939081356838681,-0.9314900254168279,-10.948752583618205,-1.6392918667902947
22200082,2023,10/29/2022,CHA,GSW,7.0,False,-5.5,-1.0,1,2,5,6,4.7800653046212815,26.99437950957072,2.52734735528691,16.770794930621513
22200083,2023,10/29/2022,BKN,IND,-9.0,False,4.800000000000001,1.0,0,2,5,7,-16.249585131098573,-14.936588412445893,-18.935855677304694,-25.30111377055222
22200084,2023,10/29/2022,CHI,PHI,-5.0,False,-8.9,0.0,0,0,7,5,0.0,23.973365923819184,0.0,24.357449390656512
22200085,2023,10/29/2022,MIL,ATL,8.0,False,-1.2999999999999998,0.0,2,1,6,9,12.039451923140106,-10.605182624070949,13.405696882416382,-10.928566035882021
22200086,2023,10/29/2022,DAL,OKC,-6.0,False,18.1,0.0,2,2,8,5,-11.09316183386623,-16.463747022900584,-14.024303252885794,-17.93505656278251
22200087,2023,10/29/2022,UTA,MEM,1.0,False,10.0,-1.0,2,2,6,4,-0.4288156036379398,0.24294451750161983,-4.2653743696898125,-11.308469904142434
22200088,2023,10/30/2022,LAC,NOP,-21.0,False,9.3,1.0,2,1,4,6,-2.382896343746598,-25.832196445789027,-4.1918255454705715,-28.30282716005938
22200089,2023,10/30/2022,BOS,WAS,18.0,False,15.5,0.0,1,2,4,4,1.6304824855941416,4.61830715064368,-0.2022406271914825,2.8460318099263446
22200090,2023,10/30/2022,CLE,NYK,13.0,False,1.5999999999999996,0.0,2,1,5,4,11.69694924580038,8.36457506846611,11.972549917119071,5.981786885462551
22200091,2023,10/30/2022,DET,GSW,14.0,False,-18.8,1.0,1,3,8,7,-13.62946977670454,-8.194330425984027,-14.06698052295595,-8.533038609148434
22200092,2023,10/30/2022,SAS,MIN,9.0,False,-3.0,0.0,3,0,7,4,31.15151515151515,34.42048448410736,31.87542196695918,34.87927876230789
22200093,2023,10/30/2022,DAL,ORL,9.0,False,14.899999999999999,-1.0,2,5,7,7,-33.12711236225864,-30.566964306077374,-34.5910269625681,-35.67502430507287
22200094,2023,10/30/2022,PHX,HOU,15.0,False,13.5,0.0,3,2,4,4,17.653179700039452,6.429984258000474,16.973387660212914,8.62049942487674
22200095,2023,10/30/2022,LAL,DEN,11.0,False,-4.699999999999999,0.0,1,0,9,5,3.005422153369481,10.95120701118043,2.821998450813323,25.120026968125
22200096,2023,10/31/2022,CHA,SAC,-7.0,False,10.899999999999999,0.0,1,1,5,6,14.177060640128142,35.53445608088651,10.378707785273107,18.736832839321025
22200097,2023,10/31/2022,WAS,PHI,-7.0,False,-7.4,-1.0,2,0,4,5,15.899606011965565,-7.857183410435326,16.61408153300906,-10.53424987697922
22200098,2023,10/31/2022,BKN,IND,7.0,False,3.3,0.0,0,0,6,5,0.0,16.596617436880727,0.0,14.199323186552668
22200099,2023,10/31/2022,TOR,ATL,30.0,False,-4.3,1.0,0,1,3,6,-10.521898613454626,-8.025870043350196,-8.935950356702001,-6.88521275306724
22200100,2023,10/31/2022,MIL,DET,2.0,False,21.0,1.0,2,2,6,10,6.0850224306063545,-13.015772828221557,3.592395721795068,-14.714590714433406
22200101,2023,10/31/2022,UTA,MEM,16.0,False,10.399999999999999,0.0,1,2,4,4,-12.666367428541932,-12.274360463734467,-16.10998472919461,-23.0063134011649
22200102,2023,10/31/2022,LAC,HOU,2.0,False,13.9,0.0,2,2,6,4,6.259044504767081,6.508203573560628,3.80347766488908,8.348056721357516
22200103,2023,11/01/2022,BKN,CHI,-9.0,False,2.4,-2.0,2,1,7,7,6.202534831406426,11.174663720387755,9.507248811917366,6.4185066553306385
22200104,2023,11/01/2022,MIA,GSW,7.0,False,-1.9,1.0,2,2,6,7,0.5117254668008595,-19.80263735929896,-2.3351291239240446,-14.120151783641454
22200105,2023,11/01/2022,OKC,ORL,8.0,False,-5.4,1.0,2,4,6,7,-15.034436734163666,0.07792052018076134,-13.131204502736146,-7.497027578569288
22200106,2023,11/01/2022,PHX,MIN,9.0,False,8.2,0.0,3,0,6,5,29.75536091815161,21.84877088402969,29.111221404244542,23.180145615257352
22200107,2023,11/02/2022,CLE,BOS,1.0,False,-3.0999999999999996,0.0,0,1,5,5,-17.539045589263715,-19.002050644402498,-16.413162514331386,-16.140111253299068
22200108,2023,11/02/2022,PHI,WAS,-10.0,False,11.1,0.0,0,2,6,5,-15.943810359964885,12.27337914741571,-16.660272277686726,12.418716720649677
22200109,2023,11/02/2022,MIA,SAC,3.0,False,3.9999999999999996,-1.0,2,1,7,8,-2.1503854167032337,-3.9347780534922663,-5.718043659033434,-2.348579943836974
22200110,2023,11/02/2022,NYK,ATL,-13.0,False,4.300000000000001,1.0,0,1,3,7,-10.659531772575251,-12.0421398864098,-9.052838298937568,-13.063179105102758
22200111,2023,11/02/2022,CHI,CHA,18.0,False,-7.3999999999999995,-1.0,0,1,7,5,-17.772337821297427,-24.145743204217908,-15.431809622446096,-8.015741652698011
22200112,2023,11/02/2022,HOU,LAC,-8.0,False,-11.100000000000001,0.0,2,1,5,5,3.112610067623434,10.419722722192095,3.951578220057714,7.084162134057188
22200113,2023,11/02/2022,MIL,DET,25.0,False,20.200000000000003,0.0,3,2,5,6,10.33341755710033,1.9246251219928112,7.604575545270748,2.6764217526863874
22200114,2023,11/02/2022,SAS,TOR,-43.0,False,-4.4,1.0,3,1,6,3,38.0462839341344,35.49176680017801,33.38734979582316,25.28196088431611
22200115,2023,11/02/2022,DAL,UTA,3.0,False,7.200000000000001,1.0,2,0,7,5,7.03963978451395,-14.188932640709808,5.838488443031391,-7.161386656942046
22200116,2023,11/02/2022,POR,MEM,-5.0,False,-5.1000000000000005,1.0,2,2,11,4,0.17064365800036185,26.628053395565296,-0.03994771099080907,32.750889175763454
22200117,2023,11/02/2022,LAL,NOP,3.0,False,-7.6,0.0,0,1,10,7,-17.795537045895827,-0.0009173711679437702,-16.831214528868532,2.4032289142423906
22200118,2023,11/03/2022,ORL,GSW,1.0,False,-5.1000000000000005,0.0,4,2,8,6,19.407868232770138,15.09348653444357,19.392052422932508,20.217988841372048
22200119,2023,11/03/2022,OKC,DEN,-12.0,False,-6.0,-1.0,1,0,6,6,6.030080174784932,4.360948508551118,5.594752151211576,11.832891937697429
22200120,2023,11/04/2022,DET,CLE,-24.0,False,-17.9,0.0,2,1,7,5,13.256669033849239,-8.380373995361786,13.015481513386211,-7.792275391454709
22200121,2023,11/04/2022,IND,MIA,2.0,False,-1.6999999999999997,1.0,0,3,7,6,-32.67922119374401,-0.2730883266948396,-32.45958599219451,-6.111674748748385
22200122,2023,11/04/2022,PHI,NYK,-2.0,False,-0.10000000000000009,0.0,1,0,6,2,19.245245311927526,44.91282416002098,19.740190332256976,48.87034182669869
22200123,2023,11/04/2022,WAS,BKN,-42.0,False,-0.7999999999999998,-1.0,1,4,3,5,-35.69377744430215,-30.646524127713736,-37.70408529628505,-29.711447503356883
22200124,2023,11/04/2022,BOS,CHI,4.0,False,3.0,0.0,1,1,4,7,4.369848078602903,3.173549097356478,4.197687409968344,-7.752747778542606
22200125,2023,11/04/2022,MEM,CHA,31.0,False,-4.3,0.0,2,2,3,6,-8.346404115766873,-49.06350703701746,-3.6541924147481026,-33.05099906201717
22200126,2023,11/04/2022,SAS,LAC,-7.0,False,-9.0,0.0,3,1,7,6,8.302248976299884,4.655710754616777,7.698634826616944,0.15125481852137312
22200127,2023,11/04/2022,DAL,TOR,1.0,False,6.9,0.0,2,1,7,7,4.102229321480658,-13.646781026460168,3.574605474475889,-14.137983026791979
22200128,2023,11/04/2022,NOP,GSW,9.0,False,3.5,1.0,0,6,5,9,-66.49471091146211,-54.586903373929324,-68.15304616794884,-52.44589020910878
22200129,2023,11/04/2022,MIN,MIL,-13.0,False,-9.0,1.0,0,3,5,6,-27.223392818748653,-21.92301943570685,-26.601536640234194,-21.124240012388448
22200130,2023,11/04/2022,PHX,POR,-2.0,False,16.8,1.0,2,3,5,12,-15.482736500546535,-33.558539856138324,-17.11889974813286,-45.93474438093412
22200131,2023,11/04/2022,LAL,UTA,-14.0,False,-7.9,0.0,0,0,8,3,0.0,15.209182654539532,0.0,30.075354407380487
22200132,2023,11/05/2022,ORL,SAC,-3.0,False,1.9,-1.0,4,1,7,6,29.690215184958834,27.52004123352509,28.20561336055897,27.964999462353273
22200133,2023,11/05/2022,CHA,BKN,-4.0,False,-2.0,0.0,3,3,5,5,1.908918230652759,6.3826650798210665,-5.667060740809909,-2.5874353282501446
22200134,2023,11/05/2022,ATL,NOP,3.0,False,1.7999999999999998,2.0,1,0,9,5,10.713997579669224,18.801163531956718,9.0990945656257,15.616565840935827
22200135,2023,11/05/2022,NYK,BOS,-15.0,False,-0.3999999999999999,0.0,0,2,4,5,-31.6349310571241,-20.776389281623377,-29.439139542882156,-13.161393110052458
22200136,2023,11/05/2022,MIL,OKC,14.0,False,17.1,-1.0,2,1,6,5,14.7958195713191,20.53862874970286,14.417921879927844,18.74243659265317
22200137,2023,11/05/2022,MIN,HOU,12.0,False,8.200000000000001,-2.0,1,3,5,5,-0.8949375333107739,0.6639020212710065,-3.7392795320629837,-1.3654328126192397
22200138,2023,11/05/2022,DEN,SAS,25.0,False,6.4,1.0,1,2,4,6,-2.492271518031325,-8.100602120427887,-3.23485743203962,-11.367534281373324
22200139,2023,11/05/2022,PHX,POR,20.0,False,13.5,0.0,4,2,5,10,12.355704996882523,-16.5274593136444,8.913486681088376,-29.62817373858553
22200140,2023,11/06/2022,LAL,CLE,-14.0,False,-12.200000000000001,0.0,0,1,10,6,-1.2602384234855244,24.880435431080574,-2.4031573540940183,32.581501616156686
22200141,2023,11/06/2022,TOR,CHI,9.0,False,3.3,0.0,3,2,8,7,5.879711525976411,-6.8856815625671075,1.2889062276412133,-15.413910105147913
22200142,2023,11/06/2022,MEM,WAS,6.0,False,4.699999999999999,0.0,2,2,2,4,-3.9374281102546433,-18.570712351786305,-3.1793162557170334,-18.516313262700734
22200143,2023,11/06/2022,LAC,UTA,-8.0,False,-2.7,0.0,1,0,7,5,7.383317218950514,-9.01815068333245,8.433465850716935,-2.265091984623176
22200144,2023,11/07/2022,CHA,WAS,-8.0,False,0.8999999999999995,1.0,2,2,5,4,3.969800409920598,17.548169386772912,0.08606225430888514,7.607506340760345
22200145,2023,11/07/2022,ORL,HOU,-7.0,False,4.7,0.0,4,2,8,5,18.37246638934667,15.694079002523068,19.343632919308448,24.33269711030909
22200146,2023,11/07/2022,DET,OKC,9.0,False,-5.3999999999999995,1.0,2,1,10,7,6.062910916786523,-1.9630155327817747,6.8748082885451645,-2.922387802785856
22200147,2023,11/07/2022,IND,NOP,7.0,False,-4.9,1.0,1,1,8,5,3.3107451127960315,17.898047985955245,0.7169638047265776,13.962607446107043
22200148,2023,11/07/2022,PHI,PHX,12.0,False,-8.8,1.0,1,4,7,5,-9.959425160575801,10.551713188034519,-9.506189676206379,13.71564036484478
22200149,2023,11/07/2022,ATL,MIL,19.0,False,-6.200000000000001,0.0,1,2,6,3,-13.056884709699414,19.066888748279595,-14.435909726496199,18.117587398898884
22200150,2023,11/07/2022,MIA,POR,-3.0,False,1.5,1.0,2,0,6,10,14.199937749356273,-3.270950922081987,11.153647872512483,-11.900449838873008
22200151,2023,11/07/2022,CHI,TOR,14.0,False,-7.0,0.0,1,4,6,5,-24.966877074747966,4.09028301440533,-18.89885974910623,9.755040469839667
22200152,2023,11/07/2022,MEM,BOS,-3.0,False,-4.1,-1.0,2,2,3,5,-2.342157815150543,-10.860965337976715,0.7270678505526256,-3.447698893267628
22200153,2023,11/07/2022,MIN,NYK,-13.0,False,0.6000000000000001,0.0,1,1,3,4,8.634855474422595,-1.5423917153825712,7.724201573740055,-5.839389071850537
22200154,2023,11/07/2022,SAS,DEN,-6.0,False,-9.1,0.0,2,0,6,6,13.695723265869699,0.09827017098452728,13.925808971301251,3.214423009791428
22200155,2023,11/07/2022,DAL,BKN,2.0,False,11.600000000000001,1.0,1,2,7,5,-18.160374635458062,-22.466829010455736,-18.78925876072899,-20.32917684359771
22200156,2023,11/07/2022,GSW,SAC,3.0,True,-1.2000000000000002,1.0,2,0,7,7,13.79748663874043,13.68335989338184,13.658029789092167,9.946410515061466
22200157,2023,11/07/2022,UTA,LAL,23.0,False,8.0,0.0,0,3,4,11,-33.37849929694491,-37.67144120119336,-31.580128658988535,-50.26205835283397
22200158,2023,11/07/2022,LAC,CLE,2.0,False,-17.2,0.0,1,1,7,7,7.306679471767026,2.0693640655741916,5.787377084474516,2.4263249729217478
22200159,2023,11/09/2022,CHA,POR,-10.0,False,-8.8,0.0,2,0,5,12,27.343124165554073,-3.2735055160574547,25.045978032545328,-21.349519312490628
22200160,2023,11/09/2022,IND,DEN,-3.0,False,-3.1999999999999997,0.0,1,1,6,7,-0.07805207818349746,-1.3730199439536506,-0.17789713424938824,5.237908213236622
22200161,2023,11/09/2022,ORL,DAL,7.0,False,-10.6,0.0,4,2,9,8,9.477012002632389,21.483788904868803,10.936411565225114,25.96551706825815
22200162,2023,11/09/2022,ATL,UTA,-6.0,False,-1.6999999999999997,0.0,1,0,8,5,11.202024462252213,9.530895041057228,9.513561968868032,17.68260183777251
22200163,2023,11/09/2022,BOS,DET,16.0,False,14.5,0.0,1,2,3,6,3.319948173175531,0.7224645112442509,1.2106178264268568,-1.5309290739901975
22200164,2023,11/09/2022,BKN,NYK,27.0,False,1.2,0.0,2,1,3,2,10.404211000063347,7.41946794310374,11.295147906139707,5.33084744673743
22200165,2023,11/09/2022,TOR,HOU,7.0,False,12.899999999999999,0.0,3,2,7,5,14.564190574426682,9.034619336972753,11.786370434555625,8.006681061082297
22200166,2023,11/09/2022,CHI,NOP,-4.0,False,-2.0,0.0,1,1,5,5,2.7293434915612735,-6.023149875425009,3.488516602747132,-5.033791543710933
22200167,2023,11/09/2022,MIN,PHX,-12.0,False,-10.5,0.0,0,3,5,6,-23.455047560601415,-24.017138663028817,-24.291752577432973,-24.72249393032574
22200168,2023,11/09/2022,OKC,MIL,-4.0,False,-10.799999999999999,0.0,2,4,5,6,-59.73295602375237,-42.3756009924024,-58.16770590823382,-40.726542137802745
22200169,2023,11/09/2022,SAS,MEM,-2.0,False,-7.1,0.0,1,2,7,3,-8.018721521314871,18.004995251385772,-11.350668850867008,8.238692635478685
22200170,2023,11/09/2022,LAC,LAL,13.0,False,3.2,0.0,1,0,7,11,3.5294117647058827,-16.243137161698826,3.224516988674217,-25.028518898707787
22200171,2023,11/09/2022,SAC,CLE,7.0,False,-12.1,0.0,0,2,8,6,-6.267815575611548,5.869775921088536,-6.266528559990396,11.807159694344364
22200172,2023,11/10/2022,WAS,DAL,8.0,False,-9.5,2.0,2,2,6,7,2.6282241459632942,27.658858882323663,5.8136566318691685,29.246281572867176
22200173,2023,11/10/2022,ATL,PHI,9.0,False,-1.4000000000000001,-2.0,1,1,8,4,-7.960219815833375,10.141815112229033,-10.140937125178967,10.004599787250868
22200174,2023,11/10/2022,MIA,CHA,5.0,False,7.2,2.0,2,3,6,5,-20.866901708916693,-19.120383524253377,-20.02794892390528,-9.687955942941613
22200175,2023,11/10/2022,NOP,POR,-11.0,False,0.9000000000000001,0.0,0,1,5,13,-11.62305703083725,-38.105233107561034,-14.846486733855313,-47.168005420501785
22200176,2023,11/11/2022,BOS,DEN,19.0,False,-0.6000000000000005,0.0,2,1,4,4,24.424491445755915,17.378903956772326,24.0995202078406,20.827996224974992
22200177,2023,11/11/2022,ORL,PHX,17.0,False,-12.8,0.0,3,4,7,6,-2.681942395104244,5.003303322115649,-3.4880191593850363,7.878207219671673
22200178,2023,11/11/2022,NYK,DET,9.0,False,7.9,0.0,1,1,2,10,6.350696403980966,-39.84321529513468,5.867525243732967,-39.07501768105702
22200179,2023,11/11/2022,OKC,TOR,19.0,False,-8.5,0.0,3,5,8,6,-21.539211615512656,12.753107980000408,-19.68061932996376,10.316214229688015
22200180,2023,11/11/2022,SAS,MIL,18.0,False,-15.2,0.0,1,4,5,6,-53.03502944504997,-50.1720295049931,-53.10629634160508,-52.8821052197663
22200181,2023,11/11/2022,MEM,MIN,11.0,False,3.0,0.0,2,1,3,4,11.919970775556115,3.6405925961738106,13.446916699443463,7.724295882851106
22200182,2023,11/11/2022,GSW,CLE,5.0,False,-15.6,1.0,1,2,8,8,-0.27417027417027384,4.817513110196046,-1.4091518784792978,8.640146307030271
22200183,2023,11/11/2022,LAL,SAC,-6.0,False,-6.6,0.0,1,1,11,7,13.538277179192153,27.0839203430413,13.129047400859921,33.37608222296256
22200184,2023,11/12/2022,LAC,BKN,-15.0,False,-7.1,0.0,1,2,5,4,-18.456585882967985,-11.999478160258427,-19.82479912242145,-10.797064831349193
22200185,2023,11/12/2022,WAS,UTA,9.0,False,-9.7,-1.0,2,0,5,3,22.82922623751706,21.397717556114216,24.353637060795023,28.559110525486595
22200186,2023,11/12/2022,DET,BOS,-9.0,False,-15.600000000000001,0.0,3,3,9,5,-17.995315455551335,-22.992000013555476,-13.900090582539821,-19.64361508813076
22200187,2023,11/12/2022,IND,TOR,14.0,False,-5.6,2.0,1,4,7,7,-29.32356096550775,-11.98661585414635,-27.465538990267945,-11.652935592128465
22200188,2023,11/12/2022,PHI,ATL,12.0,False,0.8,0.0,1,2,5,9,-0.778493987169373,-3.8467493312301286,1.1574459372672763,-7.672921187234593
22200189,2023,11/12/2022,MIA,CHA,17.0,False,10.6,0.0,2,2,5,5,-3.6799561297658308,-11.986703657976932,-5.078040760149358,-4.579870467366625
22200190,2023,11/12/2022,DAL,POR,5.0,False,1.6,0.0,1,0,8,12,4.365833326455319,-30.744509976522785,4.183829981399796,-39.249034497128264
22200191,2023,11/12/2022,NOP,HOU,13.0,False,7.1,-1.0,0,2,5,5,-13.343324009736255,-3.218994961648697,-12.227529216602958,3.751315005823166
22200192,2023,11/13/2022,NYK,OKC,-10.0,False,-4.5,0.0,1,2,2,6,2.1565679516561307,-25.70230833606118,2.530772679072145,-24.566798188313513
22200193,2023,11/13/2022,CLE,MIN,-5.0,False,11.1,0.0,1,1,6,6,-5.5585990198172475,22.005555389873752,-5.113126129052402,21.344610112434758
22200194,2023,11/13/2022,WAS,MEM,10.0,False,-8.7,-1.0,3,1,6,5,21.00903528056407,-16.723051651671206,23.103123315281312,-17.740138065472443
22200195,2023,11/13/2022,PHI,UTA,7.0,False,-0.7000000000000002,0.0,2,0,4,5,21.740740740740744,0.8543321894627027,22.877317952270516,8.13191228278841
22200196,2023,11/13/2022,CHI,DEN,-23.0,False,2.4000000000000004,1.0,2,2,4,4,-6.701179087434918,-7.768647575737884,-0.0706114440072021,2.0547461481302776
22200197,2023,11/13/2022,SAC,GSW,7.0,False,4.199999999999999,0.0,1,1,6,8,-2.315632160894612,-17.35268284737434,0.2503998241077676,-15.092620796470129
22200198,2023,11/13/2022,LAL,BKN,13.0,False,-13.8,1.0,0,1,10,4,-18.550487890203307,13.880205058133654,-19.89070346521232,20.66914166110918
22200199,2023,11/14/2022,DET,TOR,-4.0,False,-12.0,0.0,2,5,9,6,-35.80947082080759,-11.377394841450538,-35.56730294216061,-16.283707149609462
22200200,2023,11/14/2022,ORL,CHA,-7.0,False,10.700000000000001,1.0,3,2,7,6,8.719595501745388,4.5552700653112765,10.537576117877439,14.063509924078588
22200201,2023,11/14/2022,BOS,OKC,4.0,False,2.9999999999999996,1.0,2,3,4,8,11.835976902289836,-10.152188216291663,11.94063719246461,-9.575476398469469
22200202,2023,11/14/2022,MIA,PHX,1.0,False,-6.300000000000001,-1.0,2,3,6,6,-12.843857969792882,-11.58658355755454,-16.62326234509655,-10.706518806774206
22200203,2023,11/14/2022,HOU,LAC,-16.0,False,-3.1999999999999997,0.0,2,2,4,5,0.6939145700519642,5.156712297242127,0.48396007613148484,0.727524269096655
22200204,2023,11/14/2022,MIL,ATL,-15.0,False,3.3999999999999995,1.0,3,1,4,9,27.513194865378956,-0.5877708223163296,28.956061371543896,-1.8841640790831207
22200205,2023,11/14/2022,GSW,SAS,37.0,False,0.10000000000000053,-2.0,2,2,6,6,1.3751593057860134,-2.4637886731851637,1.9087269824417934,0.21824345932112266
22200206,2023,11/15/2022,NOP,MEM,11.0,False,-2.8,1.0,0,2,6,4,-24.515807902977627,9.470809733769755,-22.65309540260421,18.142203518641793
22200207,2023,11/15/2022,DAL,LAC,2.0,False,0.5,2.0,1,1,8,4,0.6723383767068332,7.787939676891046,0.8100492187218866,8.791650104110609
22200208,2023,11/15/2022,UTA,NYK,-7.0,False,9.5,0.0,1,1,6,4,-7.301362575544441,9.175939278229595,-7.695810708881917,3.199593365660313
22200209,2023,11/15/2022,POR,SAS,7.0,False,11.4,2.0,0,2,11,6,-13.854545904336247,17.106592194629833,-13.943802934655766,28.774281932399525
22200210,2023,11/15/2022,SAC,BKN,32.0,False,-4.8,0.0,1,1,3,3,-14.718973552000897,-19.4085546655406,-14.614670569082346,-15.543696249345224
22200211,2023,11/16/2022,CHA,IND,-12.0,False,-9.799999999999999,-1.0,2,1,5,7,11.356301989037302,5.35722639437919,10.673762168377387,-1.8943214095083718
22200212,2023,11/16/2022,ORL,MIN,-18.0,False,2.9,-1.0,4,1,7,5,35.14113185133988,42.496941843010475,30.3967915977954,43.898254770244094
22200213,2023,11/16/2022,WAS,OKC,-1.0,False,-4.6,1.0,1,3,5,7,-10.690099687703754,-14.169866685625024,-8.749022970831758,-11.766234150983145
22200214,2023,11/16/2022,ATL,BOS,-25.0,False,-5.1,0.0,1,2,6,4,-15.410954960211589,-8.541162881874172,-16.481946587947597,-3.708412824933127
22200215,2023,11/16/2022,TOR,MIA,8.0,False,-0.7000000000000002,0.0,3,4,8,7,-12.88230971961282,2.917027092643366,-10.327792094695695,-1.1459005961286692
22200216,2023,11/16/2022,MIL,CLE,15.0,False,-2.8,-1.0,2,2,6,5,2.410080740158076,20.809206276716374,2.135580068774832,20.960787988401734
22200217,2023,11/16/2022,NOP,CHI,14.0,False,1.5,-2.0,1,2,5,4,7.82763185094187,16.537673720378397,5.202189433066563,18.450453546668395
22200218,2023,11/16/2022,DAL,HOU,-9.0,False,9.3,-1.0,3,2,7,4,24.92852421008005,24.970187244790907,24.8506997304748,27.298547342010416
22200219,2023,11/16/2022,DEN,NYK,-3.0,False,9.899999999999999,2.0,1,1,6,4,15.659782684861769,36.91709807875483,14.82664298467213,31.291730762767777
22200220,2023,11/16/2022,PHX,GSW,11.0,False,5.3,0.0,3,1,6,7,20.719177446348255,13.509411521709595,22.647936457931245,13.572931507530868
22200221,2023,11/17/2022,POR,BKN,-2.0,False,-3.4,0.0,1,1,11,6,-14.942995386219849,3.999284841233809,-17.057820705394207,14.917160557803378
22200222,2023,11/17/2022,SAC,SAS,18.0,False,14.2,0.0,1,2,5,7,-10.00434903911841,-20.31607483127388,-8.61808344209189,-13.642791957370534
22200223,2023,11/17/2022,LAC,DET,5.0,False,9.2,-1.0,2,2,6,9,-9.2510926886313,-16.321767809046214,-7.046561678918273,-13.90538877357935
22200224,2023,11/18/2022,WAS,MIA,1.0,False,-3.0,0.0,1,3,5,10,-21.389679079997006,-57.44756345107853,-15.457944680635945,-59.18286969219712
22200225,2023,11/18/2022,CLE,CHA,10.0,False,13.2,0.0,1,2,7,6,-22.67399452885108,-23.98755678661866,-18.512209811452124,-16.044489651797136
22200226,2023,11/18/2022,PHI,MIL,8.0,False,0.5,1.0,2,3,4,6,-2.6884989742598897,5.882605365479584,-1.664275887146598,8.63145452808449
22200227,2023,11/18/2022,CHI,ORL,-1.0,False,-1.5999999999999999,0.0,1,4,3,9,-36.4449370410176,-45.116151342850614,-32.00932285259727,-46.740740699302926
22200228,2023,11/18/2022,HOU,IND,-8.0,False,-8.6,0.0,2,1,4,5,8.461233277956257,9.520136711376882,8.130204613757392,5.5419517706101935
22200229,2023,11/18/2022,MEM,OKC,11.0,False,1.2999999999999998,1.0,2,4,3,7,3.966781046865087,-15.70974467270997,3.005742588153897,-15.089117270408746
22200230,2023,11/18/2022,DAL,DEN,28.0,False,-7.1,0.0,1,2,4,6,-34.10211267822081,-59.61844762868323,-34.84197190878292,-52.99812201301482
22200231,2023,11/18/2022,NOP,BOS,-8.0,False,-6.3999999999999995,0.0,0,1,6,4,-12.067496164990622,14.79797699095036,-11.48410699118045,23.324453001142654
22200232,2023,11/18/2022,UTA,PHX,1.0,False,-0.5999999999999996,1.0,1,3,6,7,-20.796177276973445,-16.353880739691185,-21.836912114086818,-23.001486940607283
22200233,2023,11/18/2022,GSW,NYK,10.0,False,3.3000000000000003,0.0,1,0,5,2,5.9542734645375885,12.470854555376658,4.828770553557923,11.088558890255499
22200234,2023,11/18/2022,LAL,DET,7.0,False,0.7999999999999998,2.0,1,2,12,8,-19.05093469843457,18.01028545376205,-16.2983849803308,31.45283160994333
22200235,2023,11/19/2022,ATL,TOR,2.0,False,-7.5,0.0,3,6,8,8,-41.40785832646297,-22.209037034618433,-40.974413258849026,-19.793233185865923
22200236,2023,11/19/2022,IND,ORL,1.0,False,6.300000000000001,0.0,1,4,6,8,-31.686568528302296,-31.475786069326368,-30.524482698392042,-31.399524579473606
22200237,2023,11/19/2022,PHI,MIN,-3.0,False,7.5,-2.0,3,1,5,5,32.34586289637167,34.91167412716227,30.416082434169923,35.65760943139038
22200238,2023,11/19/2022,POR,UTA,-5.0,False,-2.7,1.0,2,1,10,6,1.7573865449395232,3.8014953707344787,1.671635958636159,20.343925117517887
22200239,2023,11/19/2022,LAC,SAS,22.0,False,14.600000000000001,0.0,2,2,4,7,-1.9986052357573278,-22.713876172075608,-2.300999606644732,-19.638381873837368
22200240,2023,11/20/2022,PHX,NYK,21.0,False,7.5,0.0,4,0,6,2,41.38935234339451,37.337801313822396,41.042476297897224,39.570227303618324
22200241,2023,11/20/2022,WAS,CHA,4.0,False,9.8,0.0,1,2,5,7,-15.6870901722192,-14.676351784294624,-11.930799141994706,-6.698251467945546
22200242,2023,11/20/2022,SAC,DET,8.0,False,17.2,1.0,0,3,6,9,-28.409000551753575,-28.98149581772997,-27.30491389374492,-20.146613855656113
22200243,2023,11/20/2022,BKN,MEM,12.0,False,1.4999999999999996,1.0,1,4,3,4,-43.83712957809384,-29.00257906185145,-44.471522877173484,-31.44079361219021
22200244,2023,11/20/2022,CLE,MIA,26.0,False,1.4999999999999998,0.0,2,4,5,7,-40.985551415409645,-30.21917102909165,-37.5464123433129,-35.407615450378565
22200245,2023,11/20/2022,HOU,GSW,-7.0,False,-7.1,0.0,2,1,5,5,8.3525378550756,-1.8510654653437086,8.28558988021171,-1.912208529187886
22200246,2023,11/20/2022,DAL,DEN,-1.0,False,0.20000000000000018,0.0,1,2,7,6,-33.69008441363551,-50.711195361879504,-34.41154855467252,-45.65865597831761
22200247,2023,11/20/2022,LAL,SAS,31.0,False,10.4,1.0,0,3,10,6,-30.570476063475134,7.278758967631916,-30.555280908461153,17.244477129138218
22200248,2023,11/21/2022,CLE,ATL,12.0,False,5.3,-1.0,3,3,7,8,1.4064489670102507,-4.937704084901789,3.942264503072497,-7.798093128032008
22200249,2023,11/21/2022,IND,ORL,21.0,False,7.1,0.0,1,4,6,7,-31.422651902065,-28.819676276768075,-30.276983368040895,-28.39591056703771
22200250,2023,11/21/2022,CHI,BOS,14.0,False,-12.1,0.0,1,0,4,4,3.9415380319095883,-6.130510374438408,6.218596109998644,-0.3297635488457651
22200251,2023,11/21/2022,MIL,POR,8.0,False,1.7000000000000002,1.0,2,3,4,11,-0.6430236543554457,-26.849091139207953,-2.975226758030839,-40.47395535131844
22200252,2023,11/21/2022,MIN,MIA,4.0,False,-2.2,1.0,0,5,5,8,-49.67066989588275,-32.04141835282298,-46.63020306795772,-33.24209644981354
22200253,2023,11/21/2022,NOP,GSW,45.0,False,-0.8000000000000003,2.0,0,4,3,8,-51.84833589029086,-67.53472042636581,-47.90086087983932,-59.79837816110559
22200254,2023,11/21/2022,OKC,NYK,-10.0,False,3.3000000000000003,2.0,2,0,5,3,12.014074801348936,17.815679710571892,12.013845858288002,19.971744520127174
22200255,2023,11/21/2022,LAC,UTA,7.0,False,1.6999999999999997,0.0,2,2,7,6,-5.739843346710408,7.747681214926814,-6.044884147264087,13.439886256559866
22200256,2023,11/22/2022,PHI,BKN,9.0,False,-1.8999999999999995,1.0,3,0,4,2,62.71090047393365,52.696578035415925,63.38771598612469,57.46701905561645
22200257,2023,11/22/2022,MEM,SAC,-4.0,True,-5.199999999999999,0.0,2,0,3,6,24.123705373936307,3.7930743214612512,22.29078484636525,-1.3504742746696081
22200258,2023,11/22/2022,DEN,DET,-2.0,False,10.700000000000001,0.0,1,3,5,9,-22.102134073369236,-27.374066698899252,-21.282383168438532,-28.169611970372962
22200259,2023,11/22/2022,PHX,LAL,10.0,False,4.5,0.0,4,2,6,11,23.059922109086607,-7.001154844071493,21.498346660384893,-11.64402357650868
22200260,2023,11/23/2022,CHA,PHI,6.0,False,-12.5,2.0,2,4,6,5,-42.53706769336755,-24.92099382779849,-46.8542870671417,-32.54561118496846
22200261,2023,11/23/2022,CLE,POR,18.0,False,5.9,0.0,3,3,6,11,-4.5684103098172795,-15.567440348455825,-6.575925988284441,-31.52552796070197
22200262,2023,11/23/2022,IND,MIN,-14.0,False,8.0,0.0,1,0,6,6,6.281897100585138,8.206394869896279,5.35675594373292,6.898610363468684
22200263,2023,11/23/2022,ATL,SAC,9.0,True,-7.300000000000001,1.0,1,0,9,6,10.641025641025642,15.37429371018819,9.03712156577969,13.007129470483157
22200264,2023,11/23/2022,BOS,DAL,13.0,False,7.300000000000001,-1.0,0,0,4,4,0.0,11.648093793043182,0.0,6.5064166023941095
22200265,2023,11/23/2022,MIA,WAS,8.0,False,-1.9000000000000001,-1.0,5,1,7,5,36.401039981457636,-1.7225101413496304,34.34498354501876,0.2861761475428892
22200266,2023,11/23/2022,TOR,BKN,-14.0,False,-2.4999999999999996,2.0,4,2,8,3,23.545356613793366,43.21708828454326,21.918249950139398,47.406739822019986
22200267,2023,11/23/2022,MIL,CHI,-5.0,False,1.9,0.0,1,0,6,5,15.051809675326034,6.6905645404384835,15.4412219136265,5.099882854465825
22200268,2023,11/23/2022,OKC,DEN,-5.0,False,-5.2,1.0,3,2,8,8,-3.120149071294872,-13.141319257957164,-2.0003403876994756,-8.586114984966642
22200269,2023,11/23/2022,SAS,NOP,-19.0,False,-20.4,1.0,0,0,5,4,0.0,0.500634008660505,0.0,-2.9682283090118595
22200270,2023,11/23/2022,UTA,DET,-9.0,False,9.8,1.0,2,3,6,9,-10.998755233214169,-13.45493378814524,-9.800268804010766,-13.666866960944468
22200271,2023,11/23/2022,GSW,LAC,17.0,False,-5.800000000000001,0.0,1,4,5,6,-29.898008615571626,-11.342558841057077,-35.532713406112045,-18.641485117413946
22200272,2023,11/25/2022,CHA,MIN,2.0,False,-6.4,0.0,3,2,7,6,19.69113714264191,31.888672365714818,16.899525056563654,26.12370983969106
22200273,2023,11/25/2022,ORL,PHI,-8.0,False,-4.9,1.0,2,4,9,5,-49.641537406650876,-17.824163904307078,-50.21121318591411,-14.333391522995683
22200274,2023,11/25/2022,NYK,POR,-3.0,False,-1.3999999999999995,1.0,0,3,3,12,-19.275826781785984,-38.892608976265805,-22.39517792042905,-55.57729323385269
22200275,2023,11/25/2022,BOS,SAC,18.0,False,2.500000000000001,0.0,0,1,2,4,-3.9912168591956583,-3.4073830550314845,-5.518719607776712,-8.43791751306258
22200276,2023,11/25/2022,IND,BKN,11.0,False,2.3,0.0,1,1,6,6,0.02755924621765793,12.130845258421541,0.42699814875913056,9.173728720329692
22200277,2023,11/25/2022,MIA,WAS,3.0,False,0.3999999999999999,0.0,3,1,8,5,22.594098339860427,15.86626508259397,21.257088588835355,18.71788908025244
22200278,2023,11/25/2022,HOU,ATL,6.0,False,-5.9,1.0,2,1,4,8,5.9806142954917725,-12.585482305048778,8.627183586971471,-12.29262010893526
22200279,2023,11/25/2022,MEM,NOP,21.0,False,-5.6,1.0,2,1,4,3,12.014608378824535,19.97283829257045,9.685621548617469,16.780303555584357
22200280,2023,11/25/2022,MIL,CLE,15.0,False,-5.699999999999999,0.0,1,3,4,6,-6.56953233534488,-9.940261963749535,-5.159435416003664,-7.926989722991003
22200281,2023,11/25/2022,OKC,CHI,4.0,False,-2.3000000000000003,0.0,3,1,6,3,9.538359206446398,25.750236070083915,7.265837904090747,25.407263608296834
22200282,2023,11/25/2022,SAS,LAL,-11.0,False,-12.3,-1.0,2,1,6,11,8.173899485531653,-21.55832323018749,9.12190533765949,-27.312892147206703
22200283,2023,11/25/2022,PHX,DET,6.0,False,7.8999999999999995,1.0,4,3,7,8,12.476394392465576,-1.2569250837230186,13.23993587601727,4.002894552580351
22200284,2023,11/25/2022,GSW,UTA,11.0,False,0.29999999999999993,0.0,1,2,6,6,-11.348719008587882,-8.998209870855156,-12.574639400701201,-4.329274099007904
22200285,2023,11/25/2022,LAC,DEN,-10.0,False,1.1999999999999997,0.0,4,2,6,6,19.888896283048716,-3.66768733987697,25.469527068712456,6.815452340346283
22200286,2023,11/26/2022,TOR,DAL,5.0,False,-3.6,0.0,5,0,7,6,48.77547273728658,38.04068957787506,45.87550715791133,35.51021791303576
22200287,2023,11/26/2022,HOU,OKC,13.0,False,-4.0,0.0,2,2,3,4,3.9098340791537414,-11.058593356292949,3.8472966889694185,-12.710831670694144
22200288,2023,11/26/2022,SAS,LAL,-5.0,False,-11.7,0.0,2,1,6,12,8.50066427829648,-35.07973491512503,8.965597636648912,-40.942168753735984
22200289,2023,11/26/2022,PHX,UTA,1.0,False,6.4,0.0,3,2,5,3,15.509577120512972,13.410188070767333,14.86135931386437,14.705588299855204
22200290,2023,11/27/2022,BKN,POR,14.0,False,0.7,0.0,1,3,6,10,-13.96421184830326,-24.326881021576046,-18.565398164374468,-37.65643115829826
22200291,2023,11/27/2022,MIN,GSW,-23.0,False,-0.9000000000000001,0.0,3,0,6,4,17.61647866601275,9.371298233985215,19.29204557702277,10.164316518535838
22200292,2023,11/27/2022,LAC,IND,14.0,False,-3.8000000000000003,0.0,4,1,7,5,29.495941569677377,22.047485219596027,34.9170315317982,27.252968896700636
22200293,2023,11/27/2022,ATL,MIA,-8.0,False,0.10000000000000009,0.0,1,3,9,8,-19.33981229744541,3.376287681308469,-20.46445901327666,2.0653445081023705
22200294,2023,11/27/2022,BOS,WAS,9.0,False,7.8999999999999995,0.0,1,1,3,4,17.47694100981241,0.802135024312058,15.402548479505759,-1.213556368868474
22200295,2023,11/27/2022,DET,CLE,-8.0,False,-7.0,0.0,1,3,6,7,-7.290007213593549,2.417747883016986,-4.46627881497956,1.7649802357969904
22200296,2023,11/27/2022,NYK,MEM,-4.0,False,-4.0,0.0,0,2,3,3,-24.017115313565945,-11.210603390787131,-22.19229350493791,-12.531804990273884
22200297,2023,11/27/2022,ORL,PHI,-30.0,False,-7.6,0.0,1,4,8,5,-53.501345409785635,-14.833986076913384,-53.175387601419835,-12.090668504758924
22200298,2023,11/27/2022,MIL,DAL,9.0,False,-0.30000000000000004,1.0,2,1,3,4,15.819638954623628,12.225834400175867,12.901858355337705,7.825752569267326
22200299,2023,11/28/2022,PHI,ATL,3.0,False,10.2,0.0,2,1,5,8,21.619918783813333,7.748381909742264,23.24531786069833,5.298070888719572
22200300,2023,11/28/2022,WAS,MIN,15.0,False,3.5999999999999996,0.0,1,3,4,5,-14.880053490069006,-3.1686738650923196,-13.341637408275487,-0.6532518634751483
22200301,2023,11/28/2022,BOS,CHA,35.0,False,15.799999999999999,-2.0,1,5,3,8,-27.298644853521488,-28.93834087906972,-26.246135908513924,-26.43044936153241
22200302,2023,11/28/2022,BKN,ORL,7.0,False,8.6,0.0,2,5,6,9,-30.492978120070127,-35.02605481365096,-32.99047328323378,-41.99349055809337
22200303,2023,11/28/2022,TOR,CLE,12.0,False,-5.7,1.0,2,5,4,7,-24.65734871833932,-30.579257805867844,-20.55408497049979,-25.491446104839767
22200304,2023,11/28/2022,NOP,OKC,4.0,False,7.2,1.0,1,2,6,5,0.4074996669354807,12.661601376413202,1.9920083328960292,21.109850336025538
22200305,2023,11/28/2022,DEN,HOU,16.0,False,2.4,1.0,1,1,5,2,-2.3552917879864,24.432156911938755,-3.1305360414702204,20.332578800649177
22200306,2023,11/28/2022,UTA,CHI,-7.0,False,-1.2999999999999998,-1.0,2,1,2,4,15.692729745003508,-0.5129980879836111,13.493572514765841,-1.8296185196096815
22200307,2023,11/28/2022,SAC,PHX,-5.0,False,2.2,1.0,1,3,6,5,-31.0914660280728,-12.754660167244232,-28.98984952081007,-6.832427006636564
22200308,2023,11/28/2022,LAL,IND,-1.0,False,-4.2,1.0,1,1,9,3,-1.3843409673693952,19.409358785001253,0.009679763517862483,24.345585462948694
22200309,2023,11/29/2022,DET,NYK,-30.0,False,0.09999999999999964,0.0,2,0,4,1,17.899779025240534,27.151361787951725,18.50244897775059,27.714777912405914
22200310,2023,11/29/2022,DAL,GSW,3.0,False,-6.4,0.0,0,0,7,3,0.0,2.223317772005789,0.0,2.3755683758032298
22200311,2023,11/29/2022,POR,LAC,-6.0,False,-5.4,0.0,2,5,10,5,-31.38762571349176,0.8634662534298414,-31.19732732795518,9.331757874391805
22200312,2023,11/30/2022,CLE,PHI,28.0,False,-3.7,0.0,2,3,3,2,-10.71168191707708,2.859842824378454,-14.135533748582894,-1.6020440997747585
22200313,2023,11/30/2022,ORL,ATL,-17.0,False,-3.6,0.0,3,0,4,2,29.288371454860737,27.255516407968365,28.14300073726131,25.89048712493211
22200314,2023,11/30/2022,BOS,MIA,13.0,False,12.299999999999999,-1.0,0,1,3,3,-21.36788610001164,-20.316374109580266,-23.87618194680356,-22.61952190215462
22200315,2023,11/30/2022,BKN,WAS,6.0,False,-2.7,0.0,2,2,6,3,1.7095862727510855,10.52102311246427,-1.1629110146565225,8.30778780196891
22200316,2023,11/30/2022,NYK,MIL,-6.0,False,2.5,-2.0,0,4,3,7,-26.499429874572403,-19.292694235663777,-26.228884984052307,-23.235909842474072
22200317,2023,11/30/2022,MIN,MEM,8.0,False,-2.8,-1.0,3,2,4,4,11.633604336043362,12.297018970189704,11.63601177529921,11.948135897849568
22200318,2023,11/30/2022,NOP,TOR,18.0,False,9.7,0.0,3,3,6,4,15.642416599337622,27.272423785471922,17.573372944531386,30.20776121695942
22200319,2023,11/30/2022,OKC,SAS,8.0,False,12.1,-1.0,3,3,3,6,6.230591996915269,-9.503282242435645,3.1160325518693526,-13.021374617186652
22200320,2023,11/30/2022,DEN,HOU,20.0,False,3.8000000000000003,0.0,2,1,5,2,9.672074977085565,24.663928514361483,9.27248300866593,20.46131642633988
22200321,2023,11/30/2022,PHX,CHI,19.0,False,6.2,0.0,2,1,3,3,23.150707403204706,15.306316508946555,19.77752167934352,13.815830499192245
22200322,2023,11/30/2022,UTA,LAC,13.0,False,-7.800000000000001,1.0,2,3,3,4,-14.614305486465895,-17.650650642038425,-19.59547557526087,-21.96916016319429
22200323,2023,11/30/2022,SAC,IND,23.0,False,1.2999999999999998,0.0,1,1,4,3,-2.722839404603169,-0.07971391669603634,-0.14617924478316002,6.07586355472516
22200324,2023,11/30/2022,LAL,POR,19.0,False,5.1,1.0,0,3,6,4,-28.59590671108996,-5.5800967613929515,-34.2346347443113,-11.532046686784234
22200325,2023,12/01/2022,DET,DAL,6.0,False,-5.8999999999999995,0.0,2,0,5,6,17.898456246958258,14.080905118580155,18.501081662676913,13.786602045532376
22200326,2023,12/02/2022,CHA,WAS,1.0,False,-9.0,1.0,3,2,5,2,22.320553448986878,27.495541009112934,19.183105296302834,25.18142441310099
22200327,2023,12/02/2022,ATL,DEN,8.0,False,-4.6,0.0,4,1,5,4,17.209481093502625,23.784212920133456,18.658050683711238,24.382550767290233
22200328,2023,12/02/2022,BOS,MIA,-4.0,False,13.5,0.0,0,0,3,2,0.0,3.425030958174702,0.0,3.5865182008641874
22200329,2023,12/02/2022,BKN,TOR,9.0,False,2.1,0.0,2,4,6,6,-1.2177135824203376,3.8248011779817226,-2.5038084617885765,4.370433618056584
22200330,2023,12/02/2022,CLE,ORL,11.0,False,14.6,0.0,1,4,2,7,-17.240051611273174,-29.579002443432145,-15.871436231153428,-28.283100963283317
22200331,2023,12/02/2022,MIL,LAL,-4.0,False,-4.5,0.0,2,1,6,8,2.221977698317766,-9.25282549510117,1.7054176671893817,-12.172523493961641
22200332,2023,12/02/2022,MEM,PHI,8.0,False,-3.6,0.0,1,2,3,4,-15.95440836041762,-15.358000957952328,-16.90988300939553,-16.371172626564857
22200333,2023,12/02/2022,SAS,NOP,-18.0,False,-22.4,0.0,3,2,6,4,4.590080717397914,8.479029658469294,5.291896229320532,8.359775082898288
22200334,2023,12/02/2022,PHX,HOU,-1.0,False,11.3,0.0,3,1,5,2,28.20737430529946,29.870619451068706,26.089161932711246,28.266328740793632
22200335,2023,12/02/2022,UTA,IND,20.0,False,-4.7,0.0,2,1,2,3,12.169243836483457,-0.1100101658271555,13.347480287931354,0.5009950437931607
22200336,2023,12/02/2022,GSW,CHI,8.0,False,6.4,1.0,0,0,3,0,0.0,17.551120420503498,0.0,19.10224380055839
22200337,2023,12/03/2022,NYK,DAL,-21.0,False,0.09999999999999998,1.0,0,0,1,2,0.0,-11.291991840455943,0.0,-12.706469037022089
22200338,2023,12/03/2022,LAC,SAC,-27.0,False,-3.8,0.0,2,1,4,3,13.784114650512205,30.433088845677744,12.888609082910861,32.31078869546483
22200339,2023,12/03/2022,CHA,MIL,-9.0,False,-7.0,0.0,3,5,5,6,-23.750080290698207,-21.7155598785087,-27.240744805700302,-24.757818222652958
22200340,2023,12/03/2022,TOR,ORL,13.0,False,7.2,0.0,4,5,4,5,-19.629219905385114,-19.629219905385114,-19.28783593483505,-19.28783593483505
22200341,2023,12/03/2022,MIN,OKC,-7.0,False,2.5,0.0,2,1,3,4,21.21373865638161,5.728340112433585,21.0975716079667,6.715155360913766
22200342,2023,12/03/2022,GSW,HOU,19.0,False,10.5,0.0,1,2,2,2,-5.9837770129887655,1.3274708812101892,-6.040887075115522,1.0109701455195186
22200343,2023,12/03/2022,UTA,POR,-5.0,False,6.4,-2.0,2,3,4,5,-9.704483131617156,-20.488437102922493,-15.253352838882144,-28.821516629714843
22200344,2023,12/04/2022,NOP,DEN,15.0,False,7.9,0.0,2,1,4,2,12.176923133932506,13.742369697486836,12.572658006797901,16.128025570446596
22200345,2023,12/04/2022,SAS,PHX,-38.0,False,-24.6,0.0,2,3,5,3,-14.011077317112225,4.929214022730903,-11.00352803506675,10.262163585356355
22200346,2023,12/04/2022,BKN,BOS,-11.0,False,-9.5,0.0,4,0,6,2,27.070567986230635,14.90387621980926,26.597801957681632,15.299286041963331
22200347,2023,12/04/2022,DET,MEM,-10.0,False,-6.1,1.0,3,1,5,3,3.525310666688924,-6.5922543592254605,5.148837044367006,-6.128029036561369
22200348,2023,12/04/2022,NYK,CLE,11.0,False,-8.6,-1.0,0,2,4,3,-23.63547280744733,1.0347606092038433,-23.349898385361055,-1.925416517325445
22200349,2023,12/04/2022,WAS,LAL,-11.0,False,-7.1,0.0,2,0,2,5,18.19753907549052,-1.3339035878880203,19.303895628410572,0.2537339209750833
22200350,2023,12/04/2022,SAC,CHI,9.0,False,13.399999999999999,-1.0,0,0,4,1,0.0,13.398601831229897,0.0,16.40795272726605
22200351,2023,12/04/2022,POR,IND,16.0,False,-4.0,-1.0,2,1,2,4,3.3119693685209075,-31.318699758409263,4.821555967538097,-32.704516006230754
22200352,2023,12/05/2022,CHA,LAC,-2.0,False,-5.6,0.0,4,1,5,4,31.477893433362684,17.319430540311266,29.160602550838117,18.202892612733613
22200353,2023,12/05/2022,ORL,MIL,-7.0,False,-15.5,0.0,4,2,6,6,25.115774544969742,5.694876586815262,24.33831664203487,6.318405386536384
22200354,2023,12/05/2022,ATL,OKC,-7.0,False,2.4000000000000004,1.0,3,2,5,3,8.244658703379002,9.644657396207606,10.052369002703788,11.831485614425244
22200355,2023,12/05/2022,TOR,BOS,-6.0,False,-12.9,1.0,2,1,8,4,1.0806686901096594,2.1102974051104226,1.4506701805056128,0.16193381995892508
22200356,2023,12/05/2022,HOU,PHI,9.0,False,-7.7,-1.0,1,1,2,3,-5.228571428571426,-13.298757763975152,-4.181504961943546,-11.885380236984807
22200357,2023,12/05/2022,MEM,MIA,8.0,False,3.6999999999999997,-2.0,2,0,5,2,33.482561166059355,59.4391494662176,33.620444879719216,59.92816867974837
22200358,2023,12/05/2022,DAL,PHX,19.0,False,-9.8,1.0,0,4,2,4,-39.4752,-31.19485317919075,-38.04952776614746,-29.48358045087481
22200359,2023,12/05/2022,GSW,IND,-8.0,False,8.1,1.0,1,2,3,7,-11.472811559496828,-39.60257058081111,-12.479874778793471,-42.0242823331199
22200360,2023,12/06/2022,CLE,LAL,14.0,False,-1.5,0.0,1,2,2,3,-1.9722445675166513,-0.6782056064107618,-1.433099752295278,-0.2770740888758745
22200361,2023,12/06/2022,MIA,DET,-20.0,False,2.0,-1.0,1,3,3,6,-0.7894875756924442,-1.2864004880709388,1.0117522131266163,-0.35549482520212194
22200362,2023,12/06/2022,DEN,DAL,-1.0,False,-3.1999999999999997,1.0,1,0,4,4,13.005535898102758,15.008927984736278,13.415847869856938,16.143972184570927
22200363,2023,12/07/2022,ORL,LAC,5.0,False,-10.3,0.0,4,4,5,5,-4.294098487498864,-4.575388316267414,-4.377409851944769,-4.471622274580099
22200364,2023,12/07/2022,BKN,CHA,6.0,False,8.899999999999999,1.0,5,4,6,4,-9.154669037862575,-7.4789781805699675,-9.571144124403638,-8.370672736664911
22200365,2023,12/07/2022,NYK,ATL,24.0,False,1.4,1.0,0,3,3,3,-23.08716323296355,-5.064952762313101,-25.225920817965235,-8.575525241943463
22200366,2023,12/07/2022,TOR,LAL,13.0,False,-7.0,1.0,3,3,4,5,-33.42246241339764,-38.410879583378716,-32.67003686618537,-39.612130971566586
22200367,2023,12/07/2022,CHI,WAS,4.0,False,-3.3000000000000003,0.0,0,3,1,3,-36.04394056756566,-27.552061217217634,-37.87748337224744,-30.30057721975524
22200368,2023,12/07/2022,MEM,OKC,21.0,False,4.300000000000001,0.0,1,4,2,5,-13.115154856566,-14.18928441440556,-13.17968452514847,-14.776262324115073
22200369,2023,12/07/2022,MIL,SAC,13.0,False,-3.7,-1.0,0,0,4,1,0.0,9.222825517553758,0.0,12.419484936010626
22200370,2023,12/07/2022,MIN,IND,6.0,False,5.0,1.0,2,1,3,4,21.090593786115743,3.27257192839215,21.410209826529933,1.2984907461282624
22200371,2023,12/07/2022,NOP,DET,6.0,False,14.7,2.0,1,3,5,5,-5.902805702391451,9.88652208083543,-5.998645605272888,13.502830090750344
22200372,2023,12/07/2022,UTA,GSW,1.0,False,-4.0,1.0,0,3,4,3,-57.57647204814793,-10.855208439466189,-54.4473530373288,-6.174808486833022
22200373,2023,12/07/2022,PHX,BOS,-27.0,False,-1.5999999999999996,0.0,2,1,2,1,0.46266842252138574,0.46266842252138574,0.7919341209866833,0.7919341209866833
22200374,2023,12/08/2022,MIA,LAC,5.0,False,-2.8000000000000003,1.0,2,3,4,4,-7.504034468870721,-1.1996769264102092,-14.49074175642334,-8.598265663257187
22200375,2023,12/08/2022,SAS,HOU,9.0,False,-14.5,0.0,3,1,6,3,21.05704824528037,32.23059639088112,22.564476758678296,35.97909793974818
22200376,2023,12/08/2022,POR,DEN,-1.0,False,-4.6,1.0,1,1,3,4,-8.266446090515043,-9.513302609467711,-8.999675931021267,-11.084587566842632
22200377,2023,12/09/2022,CHA,NYK,-19.0,False,-7.9,0.0,3,1,3,4,31.33591823110928,13.243545199787391,28.520265981132138,11.805048479314497
22200378,2023,12/09/2022,IND,WAS,10.0,False,-3.0,0.0,1,2,4,3,-22.168766700788346,-9.924739102112444,-24.266335605350314,-12.752676011885313
22200379,2023,12/09/2022,ORL,TOR,4.0,False,-11.2,0.0,4,5,6,7,7.050625703529846,7.006710647295719,7.506694123259663,7.745862919670703
22200380,2023,12/09/2022,BKN,ATL,4.0,False,6.1,0.0,1,2,7,4,-21.10530197014778,-1.8669014727037379,-23.21223388437798,-3.7805953557625216
22200381,2023,12/09/2022,CLE,SAC,-11.0,False,3.5,1.0,2,0,5,4,19.150834297042792,11.246925218949428,15.880933532609095,7.194829939393109
22200382,2023,12/09/2022,PHI,LAL,11.0,False,-3.9,1.0,3,2,4,6,17.941457330623592,5.58257296215956,17.000911787897635,5.662980929589612
22200383,2023,12/09/2022,MEM,DET,11.0,False,9.0,0.0,1,2,2,5,-0.9300892678874213,-10.561334278586447,-2.4238309285963915,-12.827019179483514
22200384,2023,12/09/2022,NOP,PHX,11.0,False,5.7,0.0,2,2,5,5,10.159341796730901,12.62028694316637,10.644904870033757,15.406822279744773
22200385,2023,12/09/2022,UTA,MIN,-10.0,False,-0.7,0.0,1,2,4,4,-15.606248298820041,7.398291271297616,-14.270070386380722,4.928905546942026
22200386,2023,12/09/2022,DAL,MIL,-1.0,False,-1.2000000000000002,1.0,0,1,4,6,-3.1241283124128314,-8.22637766672769,-3.496048349604835,-10.02798982667074
22200387,2023,12/10/2022,MIA,SAS,-4.0,False,11.8,0.0,2,3,3,4,-20.840993383309474,-21.082206358384813,-23.52281806043271,-22.196469218932535
22200388,2023,12/10/2022,IND,BKN,-3.0,False,-9.2,0.0,1,7,4,7,-93.1873623245338,-76.92955239359003,-95.76810141078343,-78.85093945430492
22200389,2023,12/10/2022,WAS,LAC,-7.0,False,1.5,-1.0,4,2,4,4,26.733902378260346,16.555393127813492,30.361872258231983,20.288573896905426
22200390,2023,12/10/2022,CLE,OKC,8.0,False,8.0,-2.0,3,3,4,4,19.739679450108124,19.37320171954803,16.2193278607164,15.912579689158449
22200391,2023,12/10/2022,CHI,DAL,29.0,False,-3.4,2.0,0,3,1,4,-44.55769930833636,-39.06252254158808,-44.929248505244146,-39.76558970405145
22200392,2023,12/10/2022,GSW,BOS,16.0,False,-8.600000000000001,0.0,1,1,2,1,1.419214083420119,8.301383009384663,0.15494611830955485,6.818445448849872
22200393,2023,12/10/2022,DEN,UTA,5.0,False,4.300000000000001,1.0,1,5,5,6,-50.1485338736296,-39.463573614764854,-50.77234135920877,-38.85387669134496
22200394,2023,12/10/2022,POR,MIN,6.0,False,-4.5,1.0,1,3,3,6,-27.19401060946126,-26.055019545442125,-26.391927116530177,-28.916775458450935
22200395,2023,12/11/2022,NOP,PHX,5.0,False,8.6,0.0,2,2,4,5,10.236400133164908,-9.684224077744737,10.724173408811229,-7.6000083954547435
22200396,2023,12/11/2022,DET,LAL,-7.0,False,-3.5,0.0,2,2,6,4,8.7166956083472,14.296974245834345,9.761001046979214,18.47147652471767
22200397,2023,12/11/2022,NYK,SAC,13.0,False,0.19999999999999973,0.0,1,0,4,3,6.2178357419809664,-3.6118914750555966,7.134296792386324,-6.602387586648405
22200398,2023,12/11/2022,ORL,TOR,12.0,False,-9.5,0.0,4,5,6,7,7.277853352575729,-3.0500069522755666,7.7222024426426685,-0.6907035590312205
22200399,2023,12/11/2022,PHI,CHA,18.0,False,8.299999999999999,0.0,2,3,3,3,-17.899136077612024,-13.70538990961693,-16.298212653108024,-11.52604472552693
22200400,2023,12/11/2022,ATL,CHI,1.0,False,-4.8,1.0,2,1,4,1,17.76303380267708,25.27010705008356,17.977489928738287,27.14804587389341
22200401,2023,12/11/2022,HOU,MIL,5.0,False,-10.9,1.0,2,1,2,5,9.526094437784707,-5.931406723385756,9.807388353853984,-3.7382994880329647
22200402,2023,12/12/2022,IND,MIA,-5.0,False,-3.1,0.0,1,2,5,4,-4.409555598522132,11.24705576583974,-4.978831903977043,10.992784640118739
22200403,2023,12/12/2022,WAS,BKN,-12.0,False,-8.5,0.0,2,3,3,5,12.932368631082394,15.19711307278805,13.012710839560668,18.006873032575093
22200404,2023,12/12/2022,MEM,ATL,25.0,False,7.6000000000000005,2.0,1,3,3,5,-22.24745488373986,-25.19553183531707,-22.158598723877212,-25.418658328768508
22200405,2023,12/12/2022,DAL,OKC,7.0,False,1.6,0.0,2,3,5,5,-8.158743892794067,-3.9707317100943023,-9.35490081810832,-2.5392625935905855
22200406,2023,12/12/2022,SAS,CLE,1.0,False,-17.7,0.0,2,2,4,4,13.077584998136773,13.88656388360798,14.677578848196354,16.500847476047344
22200407,2023,12/12/2022,POR,MIN,21.0,False,-2.5,0.0,2,2,2,3,-15.714658587655569,-21.608624341707397,-16.815245589409123,-22.275651769283765
22200408,2023,12/12/2022,LAC,BOS,20.0,False,-16.0,0.0,1,1,2,1,-4.207242629426059,2.4610394156430004,-3.5949815991614447,2.9918135798314562
22200409,2023,12/13/2022,PHI,SAC,20.0,False,1.1999999999999997,0.0,2,1,4,1,15.610877903176267,31.085285848172443,14.703354034297334,29.85605353949608
22200410,2023,12/13/2022,MIL,GSW,17.0,False,0.8999999999999995,-1.0,0,1,3,3,-15.556325823223569,-2.6211753388284933,-14.272545499484211,-3.6791815044119005
22200411,2023,12/13/2022,HOU,PHX,14.0,False,-4.3,0.0,1,3,2,4,-23.942694773756102,-24.91813637353955,-24.02051515375109,-26.00528001974798
22200412,2023,12/13/2022,UTA,NOP,21.0,False,-13.4,1.0,2,1,2,1,-1.3862178721176939,-1.3862178721176939,-2.280512174720391,-2.280512174720391
22200413,2023,12/13/2022,LAL,BOS,-4.0,False,-6.1000000000000005,1.0,2,1,4,3,-4.899122127385834,0.4845022391703786,-5.316681205361855,-2.3235243752146886
22200414,2023,12/14/2022,CHA,DET,-7.0,False,-4.1000000000000005,0.0,2,3,5,6,-2.7853594241515545,-8.162090757044474,-3.732179584205163,-9.05715947337626
22200415,2023,12/14/2022,IND,GSW,6.0,False,-13.3,1.0,1,2,5,3,-20.337589370689166,-3.472066902106228,-21.881058256320706,-3.7889362880576627
22200416,2023,12/14/2022,ORL,ATL,11.0,False,-2.1000000000000005,1.0,4,2,6,4,6.822603305723298,5.880795614759499,4.82240752366986,1.8917469353811711
22200417,2023,12/14/2022,TOR,SAC,-1.0,False,-1.2,2.0,5,1,6,4,31.109107225927126,13.772443529068727,28.6554200863551,7.04983273537573
22200418,2023,12/14/2022,CHI,NYK,-8.0,False,-5.5,0.0,0,1,1,4,-6.207988738342426,-14.356361185306268,-7.122998416329404,-14.425313752815443
22200419,2023,12/14/2022,OKC,MIA,-2.0,False,-2.0,0.0,4,3,4,3,-3.605345762596045,-3.605345762596045,-5.416698870864362,-5.416698870864362
22200420,2023,12/14/2022,SAS,POR,-16.0,False,-10.9,0.0,3,2,3,2,22.887613293267513,22.887613293267513,25.1394179799044,25.1394179799044
22200421,2023,12/14/2022,DAL,CLE,-15.0,False,-1.7999999999999998,0.0,2,2,5,3,2.204182878249881,12.748635662895545,3.298947092866289,14.34603375051121
22200422,2023,12/14/2022,DEN,WAS,13.0,False,7.9,1.0,1,3,1,3,-36.92830241810307,-36.92830241810307,-37.89890814344962,-37.89890814344962
22200423,2023,12/14/2022,LAC,MIN,11.0,False,2.5,0.0,2,3,2,4,-12.462954649472497,-26.51071371936351,-11.490601476615637,-25.622027764347905
22200424,2023,12/15/2022,HOU,MIA,-3.0,False,0.19999999999999996,1.0,1,5,3,6,-45.2165719596389,-42.35247145183703,-40.90605188794952,-39.16183269432116
22200425,2023,12/15/2022,MEM,MIL,41.0,False,2.8,1.0,1,2,1,3,-3.948478174979563,-9.141939306344963,-4.469863647537016,-8.612116150619203
22200426,2023,12/15/2022,UTA,NOP,3.0,False,-3.8000000000000003,0.0,2,2,5,5,-10.463103501924289,-15.585394391090936,-9.95846540372273,-17.372046071723723
22200427,2023,12/15/2022,LAC,PHX,-16.0,False,2.4,-1.0,4,4,6,5,5.77078878202083,22.15910272893231,10.544696619699195,27.65083112574608
22200428,2023,12/16/2022,CHA,ATL,-19.0,False,-3.0999999999999996,0.0,1,3,2,4,-34.90075495425578,-28.030831156740756,-35.63857554657635,-27.79496783658785
22200429,2023,12/16/2022,DET,SAC,-9.0,False,-4.7,0.0,3,1,6,5,18.421636685974494,12.93215282199007,18.472855700077762,10.036882197157382
22200430,2023,12/16/2022,BOS,ORL,-8.0,False,11.8,1.0,0,5,2,6,-37.78791946308725,-33.523833314435045,-36.22776485540639,-32.27805455034449
22200431,2023,12/16/2022,CLE,IND,6.0,False,9.7,0.0,2,1,4,4,4.4287203419816965,-5.685930232928808,4.401031058673926,-5.790032910815736
22200432,2023,12/16/2022,PHI,GSW,12.0,False,-0.30000000000000027,1.0,2,3,5,3,-35.63047188224309,-12.764673639286414,-34.06480331274033,-11.434125740287541
22200433,2023,12/16/2022,TOR,BKN,-3.0,False,-4.6,-1.0,5,4,8,5,21.42971892739251,32.77171332286178,19.51270089720073,31.01177253815718
22200434,2023,12/16/2022,CHI,NYK,-23.0,False,-7.5,0.0,0,1,0,3,-6.180798878766644,-18.87876664330764,-7.091800981079188,-19.25726707786974
22200435,2023,12/16/2022,OKC,MIN,-2.0,False,3.1999999999999997,0.0,3,3,4,6,-10.603424863633968,-41.593228427791125,-9.47485645439906,-42.79889845633779
22200436,2023,12/16/2022,DAL,POR,20.0,False,-3.6,0.0,2,1,4,1,8.982026294796473,15.59337710793952,9.31116319594189,14.818913194703475
22200437,2023,12/16/2022,LAL,DEN,18.0,False,-4.3,1.0,2,1,2,1,-3.811225458974281,-3.811225458974281,-4.667827325313425,-4.667827325313425
22200438,2023,12/17/2022,LAC,WAS,9.0,False,3.8,-1.0,2,1,5,3,13.50194361659848,23.684432346825705,15.072325597164461,25.315414554666788
22200439,2023,12/17/2022,SAS,MIA,-10.0,False,-8.299999999999999,1.0,2,1,3,3,4.006016214353805,-13.839169291151556,6.511830976076636,-13.360846416156221
22200440,2023,12/17/2022,CLE,DAL,1.0,False,2.7,0.0,2,5,4,7,-49.69628789775153,-46.41373522006096,-50.42679594326594,-45.579017359421684
22200441,2023,12/17/2022,HOU,POR,-12.0,False,-2.9,1.0,1,1,2,2,-1.2409755966847915,-11.566524950869027,-0.7740411469466553,-10.870678862570688
22200442,2023,12/17/2022,MIL,UTA,26.0,False,-1.8,0.0,1,1,2,1,2.1067094864304714,23.814277942376314,3.5536939925936224,28.639159614122278
22200443,2023,12/17/2022,OKC,MEM,6.0,False,-17.6,-1.0,5,2,5,3,36.364340220534835,31.74998419152478,39.54329369022052,33.7523005129319
22200444,2023,12/17/2022,PHX,NOP,4.0,False,-3.1,0.0,3,1,4,4,17.879161867797343,7.536096562207199,16.530767558520804,5.10728163459585
22200445,2023,12/18/2022,BOS,ORL,-3.0,False,6.3,0.0,1,4,3,6,-11.344747120567526,-9.757922059066495,-9.050595614432236,-6.913608350021988
22200446,2023,12/18/2022,IND,NYK,-3.0,False,-15.2,0.0,0,1,3,4,-6.212361331220285,-6.171141935167544,-7.12801549568586,-5.556753344842374
22200447,2023,12/18/2022,DET,BKN,-3.0,False,-10.1,0.0,3,4,6,5,8.841992553114363,18.545102753500487,9.432121464536877,17.512395787091833
22200448,2023,12/18/2022,TOR,GSW,-16.0,False,-3.4,0.0,5,2,6,2,-6.575349378793746,1.8289111143729286,-5.418373042477484,3.642810402187436
22200449,2023,12/18/2022,MIN,CHI,24.0,False,-2.5,0.0,3,0,4,2,30.949183751375383,29.856475418893613,29.8625252561778,28.81796372859602
22200450,2023,12/18/2022,DEN,CHA,4.0,False,13.5,0.0,1,1,4,3,4.026207846944498,8.566120494207599,5.3005459630865985,9.850247931054
22200451,2023,12/18/2022,LAL,WAS,2.0,False,7.4,1.0,3,1,5,2,28.65166554792645,34.47496334407073,24.04393047739059,31.547282019403312
22200452,2023,12/19/2022,CLE,UTA,23.0,False,5.5,0.0,3,2,3,2,-5.486781804295365,-5.486781804295365,-7.366451569530746,-7.366451569530746
22200453,2023,12/19/2022,PHI,TOR,3.0,False,10.0,2.0,2,4,4,7,-0.9277574197340321,-9.664707030007754,-1.3789919714731553,-9.849546303258919
22200454,2023,12/19/2022,ATL,ORL,1.0,False,-2.4,2.0,2,4,6,6,-14.05918751620759,-7.504896728310186,-12.371991989171264,-4.480592258885842
22200455,2023,12/19/2022,HOU,SAS,-19.0,False,4.199999999999999,0.0,2,1,2,3,1.3629691818206364,-12.98621080572348,0.17551793899317225,-16.509302476363423
22200456,2023,12/19/2022,MIN,DAL,10.0,False,-2.6,-1.0,3,2,6,5,17.089122450872416,28.333162033314643,16.001289239909987,28.971644968895767
22200457,2023,12/19/2022,NOP,MIL,-9.0,False,2.0000000000000004,0.0,1,1,4,6,3.540774365682493,0.7804481973673276,2.0789681241257476,0.16403319313922538
22200458,2023,12/19/2022,OKC,POR,2.0,False,-4.6,0.0,5,1,5,4,34.39563507299194,11.553734006066623,36.489661730106725,14.6548993321544
22200459,2023,12/19/2022,PHX,LAL,26.0,False,-1.9,1.0,4,4,4,5,-22.908095512612526,-36.18352132174429,-22.461006093660572,-35.92526730051907
22200460,2023,12/19/2022,SAC,CHA,-6.0,False,14.700000000000001,2.0,0,2,4,5,-12.901783445963112,-12.630139256977213,-11.783763922479906,-12.689036688681796
22200461,2023,12/20/2022,DET,UTA,-15.0,False,-3.1999999999999997,1.0,3,2,4,2,-1.8736980390534832,3.2672557346080637,-2.1168994136901382,2.4871140836725587
22200462,2023,12/20/2022,MIA,CHI,-10.0,False,3.6,1.0,3,0,4,1,29.941074819713375,42.44471115928337,29.68224831150874,43.545436982819965
22200463,2023,12/20/2022,NYK,GSW,38.0,False,9.200000000000001,0.0,1,4,4,4,-49.823915548053485,-32.705034429172365,-46.62322643016063,-30.327487620489933
22200464,2023,12/20/2022,PHX,WAS,-3.0,False,8.2,-1.0,4,1,5,3,34.08327050231229,14.909336507090579,32.789311370146564,12.69896712728525
22200465,2023,12/20/2022,DEN,MEM,14.0,False,-9.700000000000001,-1.0,0,1,3,1,-16.729808821210156,19.467678169524717,-15.856210132166307,21.52353064987501
22200466,2023,12/21/2022,CLE,MIL,8.0,False,2.3,0.0,1,1,5,6,3.082198753077794,-9.288108597313105,2.9561800934380758,-10.444351043672086
22200467,2023,12/21/2022,PHI,DET,20.0,False,8.0,1.0,2,2,2,3,8.434491463241542,2.7280640673401066,7.282832314223985,2.172405356671632
22200468,2023,12/21/2022,ATL,CHI,-2.0,False,2.4000000000000004,1.0,2,2,5,3,6.880540773928015,9.369283996029992,7.72744040104741,11.215512533067919
22200469,2023,12/21/2022,BOS,IND,-5.0,False,4.5,0.0,0,0,3,4,0.0,-1.2226030466325533,0.0,-3.874926160166776
22200470,2023,12/21/2022,BKN,GSW,30.0,False,6.5,2.0,3,5,4,5,-59.00862965066571,-40.40103471395685,-57.75156700583203,-38.39760809506825
22200471,2023,12/21/2022,NYK,TOR,-7.0,False,14.0,-1.0,1,4,4,7,-13.823595495441852,-7.461802438198376,-13.094253881518359,-7.944321295667898
22200472,2023,12/21/2022,HOU,ORL,-6.0,False,-6.4,0.0,2,4,2,6,-24.54404130635759,-32.087173578659325,-24.211144813347083,-31.040390962814364
22200473,2023,12/21/2022,MIN,DAL,-5.0,False,0.30000000000000004,0.0,3,3,7,5,9.201667659715266,23.406205867035503,7.316163062797671,24.05413106707055
22200474,2023,12/21/2022,OKC,POR,3.0,False,-4.4,0.0,3,1,4,3,13.071506469251638,11.543508506070625,13.710819607637447,13.590232855827663
22200475,2023,12/21/2022,SAC,LAL,14.0,False,5.4,0.0,0,2,3,4,-31.760843752182716,-41.65834925369864,-27.972698413123464,-37.96786981950915
22200476,2023,12/21/2022,LAC,CHA,21.0,False,6.0,1.0,1,2,1,3,-9.17178475119862,-20.690035143544087,-7.698802506472702,-21.123517795106885
22200477,2023,12/22/2022,NOP,SAS,9.0,False,9.8,0.0,2,1,3,2,29.582181617830493,35.58228032292893,29.700998384885246,32.17474683206204
22200478,2023,12/22/2022,UTA,WAS,8.0,False,5.699999999999999,0.0,1,0,1,2,13.571245267764478,-19.30208119979473,13.904960974700597,-19.986310589228214
22200479,2023,12/23/2022,ORL,SAS,20.0,False,9.399999999999999,1.0,2,0,4,3,13.351163412677188,2.956024713750214,12.999061658903017,1.3324440839744618
22200480,2023,12/23/2022,PHI,LAC,5.0,False,2.5,0.0,2,1,4,5,15.334020665164283,-1.6843697631494692,14.694532008265542,-2.3711319366014187
22200481,2023,12/23/2022,ATL,DET,25.0,False,1.0,0.0,0,2,2,4,-10.713651574130985,-14.137629015858261,-11.595114200655907,-13.388081761829097
22200482,2023,12/23/2022,BOS,MIN,12.0,False,-1.0,0.0,0,3,3,4,-30.06140514101917,-12.704774511884622,-29.005917489503542,-14.274611938409642
22200483,2023,12/23/2022,BKN,MIL,18.0,False,3.7,0.0,1,0,5,5,3.0160577146846634,-8.712806417134495,3.1089413263022756,-8.99593137413304
22200484,2023,12/23/2022,CLE,TOR,-11.0,False,6.4,0.0,1,2,2,8,-7.904416297831978,-28.860016178653424,-8.653114304089332,-30.640014999974973
22200485,2023,12/23/2022,NYK,CHI,-1.0,False,13.899999999999999,0.0,1,2,4,3,-10.36578215284791,-1.2886087160450863,-8.72222262577952,-0.2083494077188135
22200486,2023,12/23/2022,MIA,IND,-3.0,False,-0.30000000000000004,1.0,0,0,4,5,0.0,-10.047305511077997,0.0,-10.60790421913238
22200487,2023,12/23/2022,HOU,DAL,-6.0,False,-3.5,0.0,1,4,1,5,-19.814468439941557,-22.498237556863117,-20.862606278846634,-23.021790623526783
22200488,2023,12/23/2022,OKC,NOP,-3.0,False,-4.2,1.0,2,2,3,4,-23.993561841567523,-33.347117994474495,-25.062067816613453,-34.71863755385756
22200489,2023,12/23/2022,DEN,POR,13.0,False,-3.5,1.0,0,1,5,4,-4.9082941080993345,2.3701677851664407,-4.5809759852801255,3.853524774700375
22200490,2023,12/23/2022,PHX,MEM,-25.0,False,-9.1,0.0,2,0,2,1,31.673966863454574,28.028636186240792,31.779064665717257,28.112272456244643
22200491,2023,12/23/2022,SAC,WAS,-14.0,False,9.2,1.0,0,2,1,4,-19.186710503547328,-28.36585408216862,-18.9223843965641,-28.209661978546194
22200492,2023,12/23/2022,LAL,CHA,-4.0,False,5.5,0.0,2,0,4,5,31.508488278092152,18.893485992965488,27.75044161085728,16.733530374410197
22200493,2023,12/25/2022,NYK,PHI,-7.0,False,8.7,0.0,1,2,4,4,-13.012655151304642,-4.632092303460965,-11.846252005334861,-5.247232375962973
22200494,2023,12/25/2022,DAL,LAL,9.0,False,4.2,0.0,4,2,7,2,-4.063532747277829,4.937437184826923,2.7969668813373296,11.332951127235141
22200495,2023,12/25/2022,BOS,MIL,21.0,False,0.7000000000000001,0.0,0,0,1,5,0.0,-26.80590196699877,0.0,-28.11948079805219
22200496,2023,12/25/2022,GSW,MEM,14.0,False,-19.0,1.0,3,0,3,4,46.73485845252748,29.862680227377606,44.4350433264474,26.68908765182614
22200497,2023,12/25/2022,DEN,PHX,3.0,False,6.6,0.0,1,1,5,4,-4.8725973075490225,2.045483630010736,-4.8590821530239605,-0.4438584644366941
22200498,2023,12/26/2022,CLE,BKN,-8.0,False,-2.5,0.0,1,4,4,7,-8.675971577490373,-14.334271790890309,-10.669757341951513,-16.942538017128985
22200499,2023,12/26/2022,DET,LAC,-11.0,False,-10.8,0.0,2,2,6,3,-6.174265115368982,13.034494759061651,-8.559374174196456,8.858835169297748
22200500,2023,12/26/2022,MIA,MIN,3.0,False,-1.7,0.0,2,3,3,6,-4.11184367411289,-3.3081358874146503,-4.132301782523907,-4.391013724577363
22200501,2023,12/26/2022,CHI,HOU,-15.0,False,2.6999999999999997,0.0,1,0,3,2,9.941927990708477,15.599432184798037,9.723559158882304,16.043927965413985
22200502,2023,12/26/2022,NOP,IND,20.0,False,0.29999999999999993,0.0,2,0,5,0,25.455700222292798,63.944109241028904,25.74692960924584,63.76715356134173
22200503,2023,12/26/2022,SAS,UTA,4.0,False,-5.699999999999999,0.0,0,1,5,5,-13.685969535317177,1.6936517550261634,-14.022506301728216,2.565530044920262
22200504,2023,12/26/2022,POR,CHA,11.0,False,11.8,0.0,2,0,4,6,13.030253475061325,-10.286137085429338,13.249735871457226,-10.391075300159304
22200505,2023,12/27/2022,ORL,LAL,-19.0,False,11.5,1.0,2,2,4,3,-18.139591904836216,-17.682625926484654,-14.722010676716218,-13.881764460885467
22200506,2023,12/27/2022,WAS,PHI,5.0,False,-12.7,1.0,0,2,3,3,-19.021982951996407,-3.3397979137512976,-18.743614635534968,-2.7481291789215305
22200507,2023,12/27/2022,BOS,HOU,24.0,False,3.0,1.0,0,1,2,2,-8.12118827464096,-3.0839282024191874,-10.462370156945887,-4.254208141087263
22200508,2023,12/27/2022,IND,ATL,15.0,False,0.8000000000000003,-2.0,0,2,1,3,-19.970535941071883,-23.526305664693208,-20.206081683958242,-23.827703452702153
22200509,2023,12/27/2022,TOR,LAC,-11.0,False,-6.199999999999999,2.0,1,2,4,5,-4.325378026095846,-8.213992059041662,-5.748864134185253,-10.980990874803027
22200510,2023,12/27/2022,MEM,PHX,-17.0,False,14.899999999999999,0.0,0,3,0,3,-37.639525255313266,-37.639525255313266,-37.056346504034295,-37.056346504034295
22200511,2023,12/27/2022,OKC,SAS,16.0,False,3.0999999999999996,2.0,4,0,4,3,25.110162648517704,7.380769180399508,22.75687595710346,4.521941150615525
22200512,2023,12/27/2022,DAL,NYK,5.0,False,-12.200000000000001,0.0,3,1,5,3,14.186911140706783,-4.306285147936588,14.031034405887063,-7.283569822906095
22200513,2023,12/27/2022,GSW,CHA,5.0,False,2.9000000000000004,1.0,3,2,3,6,24.401717494746897,4.655344358904351,21.914935275539847,3.3877855255083915
22200514,2023,12/27/2022,SAC,DEN,-7.0,False,-4.1,1.0,0,1,4,2,-6.033519553072626,23.9994585032705,-6.320422665483448,24.93839114742943
22200515,2023,12/28/2022,DET,ORL,20.0,False,-14.9,1.0,2,2,5,4,1.6118620239756911,11.199907638832507,1.575778480691259,9.426808928166231
22200516,2023,12/28/2022,WAS,PHX,25.0,False,-4.1,0.0,0,3,2,3,-37.53592072667217,-13.9407400037806,-36.954347201793624,-13.547775588345068
22200517,2023,12/28/2022,ATL,BKN,-1.0,False,-11.1,-1.0,1,4,6,6,1.7974826914672235,31.083683795052362,-0.8535517466982974,29.632998246860616
22200518,2023,12/28/2022,MIA,LAL,14.0,False,1.3000000000000003,1.0,1,1,4,4,-22.706990928358927,-12.206372561338654,-19.18749202254947,-9.415466064610822
22200519,2023,12/28/2022,CHI,MIL,6.0,False,0.20000000000000018,-1.0,0,2,2,6,-27.387709497206703,-27.167019842034293,-29.594200178096226,-29.286702481045168
22200520,2023,12/28/2022,NOP,MIN,1.0,False,2.9,0.0,2,3,4,6,-4.552384141450947,-11.512782555922648,-3.217428294653555,-12.654550361181187
22200521,2023,12/28/2022,GSW,UTA,5.0,False,-3.3,-1.0,4,0,4,5,59.36901514438905,44.148907457091155,58.463949793075166,44.078438493170964
22200522,2023,12/28/2022,SAC,DEN,1.0,False,-7.8999999999999995,0.0,0,1,4,4,-6.012206728544362,-29.217775238983048,-6.298096383447068,-26.336147508189722
22200523,2023,12/29/2022,CHA,OKC,8.0,False,-7.800000000000001,0.0,0,4,5,5,-29.116289748593736,-5.838795013320855,-27.10008675274793,-5.500124483561063
22200524,2023,12/29/2022,IND,CLE,9.0,False,-2.8,-1.0,0,2,4,5,-11.832669322709165,-3.2769075954682414,-10.724545912483817,-1.6808129439987418
22200525,2023,12/29/2022,BOS,LAC,6.0,False,-2.8000000000000003,0.0,0,1,4,4,-3.7032444719983464,10.843904845627577,-4.064258723004514,8.773527545678242
22200526,2023,12/29/2022,TOR,MEM,-13.0,False,-9.9,0.0,2,2,5,4,3.687753950996351,19.366821458948696,2.347488853309061,18.700696370414718
22200527,2023,12/29/2022,SAS,NYK,7.0,False,-11.8,0.0,2,2,4,4,-1.31347109125268,-15.739495864579279,-0.2899704853696754,-17.86486647278691
22200528,2023,12/29/2022,DAL,HOU,15.0,False,4.2,0.0,3,0,5,1,20.655105973025048,26.579459204564536,21.45367361879204,26.879339129018295
22200529,2023,12/30/2022,ORL,WAS,-19.0,False,2.8,0.0,8,0,8,2,66.47316538882804,45.50755905910093,65.06374891210868,44.42740104517525
22200530,2023,12/30/2022,ATL,LAL,-9.0,False,1.3,0.0,2,2,6,5,-12.194589491950918,-10.884045189729846,-8.12459700247054,-6.738427928423761
22200531,2023,12/30/2022,TOR,PHX,9.0,False,-3.3,-1.0,3,3,5,4,-22.30369165976294,-12.323119909579578,-23.34981178603803,-12.315769325862686
22200532,2023,12/30/2022,CHI,DET,14.0,False,5.1000000000000005,0.0,0,3,1,5,-21.540888297992204,-26.768407876350327,-20.060092133160744,-25.96133597869509
22200533,2023,12/30/2022,MIL,MIN,9.0,False,-2.3,0.0,2,3,7,5,-2.3795043351523297,-0.6124963895986042,0.8626159728270686,2.154237380886876
22200534,2023,12/30/2022,NOP,PHI,11.0,False,-6.999999999999999,-1.0,1,0,4,2,15.855067936904575,28.05632464121753,16.406227786529815,28.560179454775316
22200535,2023,12/30/2022,DEN,MIA,5.0,False,1.5999999999999996,0.0,1,2,4,4,-4.742187477765378,-11.254937214306072,-4.06017714714667,-10.144787445384587
22200536,2023,12/30/2022,GSW,POR,6.0,False,-7.4,-1.0,3,4,4,5,21.979045739792603,12.264158573723755,20.97996310685826,11.655900535340564
22200537,2023,12/30/2022,SAC,UTA,1.0,False,0.20000000000000018,0.0,0,0,4,6,0.0,0.13383211288440222,0.0,2.8965800279087404
22200538,2023,12/31/2022,IND,LAC,1.0,False,-6.2,0.0,0,1,4,4,-3.7083534524384354,0.6518663547562298,-4.069865757181247,3.412748820891693
22200539,2023,12/31/2022,CHA,BKN,-17.0,False,-15.5,-1.0,1,3,3,5,1.0538960244487097,5.470762639286928,-0.6437909146708201,4.163086638542062
22200540,2023,12/31/2022,CHI,CLE,-1.0,False,-7.0,-1.0,1,1,2,3,-2.142689038005636,-28.134572443760725,-1.0335491657405944,-29.433054890628437
22200541,2023,12/31/2022,HOU,NYK,-20.0,False,-10.899999999999999,0.0,0,2,1,4,-19.626631422435157,-22.201647847649507,-18.872374485151276,-23.595295292170846
22200542,2023,12/31/2022,SAS,DAL,-1.0,False,-7.699999999999999,0.0,1,3,5,7,-13.437313333641523,0.25210560916823255,-13.75205011370167,-1.6581703182876382
22200543,2023,12/31/2022,MEM,NOP,15.0,False,7.3,1.0,3,2,2,3,-14.62383241121982,-13.131579357713793,-13.808375202216183,-15.632207995639664
22200544,2023,12/31/2022,MIN,DET,-12.0,False,5.1,0.0,3,2,6,5,13.976382383240672,6.454572430523562,14.58428921405742,7.821502610941263
22200545,2023,12/31/2022,OKC,PHI,-19.0,False,-8.3,1.0,3,3,4,4,-15.726065906597558,-14.338498583670535,-17.65953052893878,-16.798229083313288
22200546,2023,12/31/2022,UTA,MIA,-3.0,False,-3.2,0.0,0,3,6,4,-30.354948319361927,-18.7165325641477,-30.18566350018407,-19.740775591874428
22200547,2023,01/01/2023,MEM,SAC,10.0,False,11.3,-1.0,1,0,4,1,14.970453053184503,37.23885381301457,16.236676395127862,35.19996753545444
22200548,2023,01/01/2023,MIL,WAS,-23.0,False,-6.0,0.0,2,0,5,2,27.20947240118405,36.619319426729994,29.40160341130947,42.027034457773084
22200549,2023,01/01/2023,DEN,BOS,12.0,False,3.0,-1.0,1,0,3,1,5.961506826780721,21.63432957954705,6.2449856235620675,23.07444007540536
22200550,2023,01/02/2023,NYK,PHX,19.0,False,8.1,-1.0,2,1,4,2,-0.33200387823717037,3.140590416262686,-0.9701484534332465,2.446065626456111
22200551,2023,01/02/2023,CHA,LAL,-6.0,False,-4.3,-1.0,1,1,6,4,-16.538083552042657,-10.064562413440505,-12.374184224990577,-5.1429629805505925
22200552,2023,01/02/2023,CLE,CHI,11.0,False,6.3,0.0,1,0,4,1,7.188940092165899,35.87376181220759,6.778552132755216,37.28809698071754
22200553,2023,01/02/2023,IND,TOR,8.0,False,3.7,-1.0,0,1,4,5,-4.5957871950711855,1.7607778111794445,-4.26628081346888,5.383980804655767
22200554,2023,01/02/2023,PHI,NOP,9.0,False,9.600000000000001,0.0,0,2,4,3,-26.449286722056748,-11.028137718951164,-26.478968989468108,-10.940164256329915
22200555,2023,01/02/2023,BKN,SAS,36.0,False,14.0,0.0,2,2,4,2,-9.283519699017852,5.293648966299074,-9.791497056872828,4.549988067654823
22200556,2023,01/02/2023,HOU,DAL,-5.0,False,-11.1,0.0,0,3,2,5,-20.435266084193803,-19.542751713295488,-21.225334280831902,-21.03718629401756
22200557,2023,01/02/2023,MIN,DEN,13.0,False,-6.9,1.0,3,1,6,4,23.492906676784273,37.3919176220152,22.17565733674541,36.08374672330166
22200558,2023,01/02/2023,GSW,ATL,2.0,False,-4.0,0.0,5,2,5,6,41.01655078624913,24.245626977833936,38.66333243793586,21.062480416018317
22200559,2023,01/02/2023,POR,DET,29.0,False,8.0,1.0,2,2,2,3,-2.4162673187607417,-8.366233512134642,-0.55710433220837,-7.318429551951441
22200560,2023,01/02/2023,LAC,MIA,-10.0,False,3.3,0.0,1,2,5,3,-6.8970603592148585,15.14424993262024,-6.137240967886028,19.137975940452783
22200561,2023,01/03/2023,MIL,WAS,10.0,False,-11.3,0.0,1,0,7,1,11.667692726700162,29.85805885255766,13.519559236619763,32.7150653776054
22200562,2023,01/03/2023,OKC,BOS,33.0,False,-3.3,1.0,5,0,6,1,31.884730503104837,36.6669444394903,29.6443412465661,37.38889937567759
22200563,2023,01/03/2023,UTA,SAC,-2.0,False,1.6,1.0,1,0,5,4,9.89259937235199,1.7244964078600376,10.683064575349373,-0.14505257260945115
22200564,2023,01/04/2023,CHA,MEM,-24.0,False,-14.3,-1.0,1,3,3,2,-6.516240263305026,12.471396948515364,-5.99568573603238,15.292516720374568
22200565,2023,01/04/2023,CLE,PHX,2.0,False,5.800000000000001,0.0,2,1,4,3,-8.452260197515159,-3.44555412162331,-9.342719557198503,-1.5399219865567986
22200566,2023,01/04/2023,ORL,OKC,11.0,False,-2.5,2.0,7,4,7,5,25.96682248998313,21.054317750032148,27.55620645906746,21.805588579361334
22200567,2023,01/04/2023,PHI,IND,3.0,False,6.1000000000000005,0.0,0,0,5,4,0.0,24.90843253420454,0.0,22.693296723226062
22200568,2023,01/04/2023,NYK,SAS,3.0,False,15.399999999999999,0.0,1,2,4,5,-0.490054221089105,-7.152055115362145,-3.593596302402492,-7.281675344668852
22200569,2023,01/04/2023,TOR,MIL,-3.0,False,3.5,1.0,1,4,6,7,-30.531122289289357,-19.237793251786425,-36.018595269741944,-25.056732850966085
22200570,2023,01/04/2023,CHI,BKN,9.0,False,-17.2,0.0,1,3,2,6,-2.038277821552679,-4.509325630868627,-3.396355380765578,-5.217935841681157
22200571,2023,01/04/2023,MIN,POR,7.0,False,-3.8,0.0,2,2,6,5,11.43367552232861,9.454258540206364,10.152637359273047,10.174951235185382
22200572,2023,01/04/2023,NOP,HOU,11.0,False,9.9,0.0,3,0,4,0,48.75889328063241,51.07351778656126,47.511976903886094,50.54704070206632
22200573,2023,01/04/2023,GSW,DET,-3.0,False,5.6000000000000005,0.0,5,2,5,6,44.58498272501763,23.18157763784467,43.18604968625463,20.653292676460666
22200574,2023,01/04/2023,LAL,MIA,3.0,False,-4.0,0.0,1,2,4,3,20.520380972473653,54.41199309475758,16.007331751091638,47.82760882611748
22200575,2023,01/04/2023,SAC,ATL,-3.0,False,1.1,-1.0,1,2,4,5,-14.760181638491911,-11.65497512287109,-13.696823650650103,-10.276471639304777
22200576,2023,01/05/2023,ORL,MEM,-8.0,False,-7.7,0.0,4,3,5,4,-1.2240352544472728,-0.7303483613677741,-2.4138992509365096,-2.388501895839646
22200577,2023,01/05/2023,DAL,BOS,-29.0,False,4.9,1.0,3,0,4,1,20.409328891004286,21.04329389739131,21.198394303956345,21.33241431739143
22200578,2023,01/05/2023,HOU,UTA,-17.0,False,-6.500000000000001,-1.0,0,2,4,5,-10.892295759171224,-9.604401193008538,-10.677526883209016,-7.409455297973432
22200579,2023,01/05/2023,DEN,LAC,31.0,False,0.10000000000000009,0.0,1,1,2,2,-2.523664490360667,-4.102132878104044,-1.4875798947431162,-2.6234640845349446
22200580,2023,01/06/2023,IND,POR,9.0,False,-0.7999999999999999,0.0,0,2,3,5,-12.3532867680658,-13.633852720837424,-12.561366295329798,-12.195619740814685
22200581,2023,01/06/2023,PHI,CHI,-14.0,False,7.1000000000000005,0.0,1,0,4,2,27.9477044694436,23.59985159448864,27.18567971344515,24.260099204067874
22200582,2023,01/06/2023,TOR,NYK,-4.0,False,-8.6,0.0,1,1,4,4,-9.247961800779343,-13.542948576357238,-7.972297812783722,-14.697914072241845
22200583,2023,01/06/2023,MIL,CHA,-29.0,False,5.1,0.0,1,4,3,5,-10.246607037582608,-11.515637623229434,-8.93573922129028,-12.498966499158346
22200584,2023,01/06/2023,OKC,WAS,17.0,False,-4.3,-1.0,5,1,5,2,12.699554668808165,9.84977485398587,11.45172183134753,10.075967708718782
22200585,2023,01/06/2023,SAS,DET,12.0,False,1.6999999999999993,0.0,2,2,4,5,4.864541550536039,-0.502819664127486,5.997257946647901,0.7743604456542954
22200586,2023,01/06/2023,NOP,BKN,-6.0,False,-10.1,0.0,2,3,4,7,28.459396380376752,21.4650500182553,26.929970788806745,20.848222838710743
22200587,2023,01/06/2023,MIN,LAC,13.0,False,2.9,1.0,2,1,3,3,15.182250868094954,-15.066197373604766,14.872223549753972,-17.58036792484263
22200588,2023,01/06/2023,DEN,CLE,13.0,False,5.1,-1.0,1,2,1,3,-19.559611392595883,-23.694851964767537,-19.632810473495553,-23.174600283165727
22200589,2023,01/06/2023,PHX,MIA,-8.0,False,-6.1,0.0,2,2,4,5,21.936445502693893,-0.3594035060643819,21.385912069576833,3.142713928999818
22200590,2023,01/06/2023,LAL,ATL,16.0,False,-3.5999999999999996,0.0,4,2,5,4,31.894125242929398,32.28924101158111,31.06916182914204,30.490470314231032
22200591,2023,01/07/2023,SAS,BOS,-5.0,False,-7.4,-1.0,3,0,5,4,39.401845370664965,30.08730812880016,40.53551067151951,30.53073654697893
22200592,2023,01/07/2023,CHI,UTA,8.0,False,5.3,-1.0,0,2,2,5,-10.865304722841353,-7.728038743395473,-10.65106804272305,-6.485879730277631
22200593,2023,01/07/2023,DAL,NOP,10.0,False,-1.0,1.0,3,4,5,4,-43.20623429621658,-34.90155840054787,-41.20679533561425,-32.14511567102019
22200594,2023,01/07/2023,GSW,ORL,-14.0,False,-1.6,1.0,4,3,5,5,27.254684141824104,27.825207099223498,26.301587199733973,27.05688627354692
22200595,2023,01/07/2023,SAC,LAL,-2.0,False,0.09999999999999987,2.0,1,3,4,5,-39.38208258385482,-30.55332825366621,-37.337747239362905,-24.99474193033965
22200596,2023,01/08/2023,DET,PHI,-12.0,False,-12.7,0.0,2,2,5,3,-16.672857665602375,0.990395507303603,-17.225998092982408,0.6794654802302986
22200597,2023,01/08/2023,TOR,POR,12.0,False,-2.3,0.0,1,2,4,4,-8.041281524494936,-12.89313912143525,-8.560067192518988,-11.957912746223199
22200598,2023,01/08/2023,IND,CHA,5.0,False,6.1,0.0,0,4,4,7,-21.996617252014723,-21.07896367868134,-22.531530995158374,-21.201837617926707
22200599,2023,01/08/2023,MIA,BKN,-1.0,False,-8.600000000000001,0.0,2,3,4,7,-1.4746637086297465,-2.700635779047662,-1.665568937142634,-2.568541982406483
22200600,2023,01/08/2023,MEM,UTA,5.0,False,5.0,2.0,2,2,4,5,0.7487465220103502,27.01935782618617,-1.888578029629553,27.53388086157608
22200601,2023,01/08/2023,HOU,MIN,-8.0,False,-10.9,1.0,1,2,4,6,-21.14539526232755,-21.73150275798516,-20.044966596604603,-20.29247125552434
22200602,2023,01/08/2023,OKC,DAL,11.0,False,1.9000000000000001,1.0,3,4,5,5,-24.43920945274614,-21.475263352954325,-25.115772905029992,-21.987665513488324
22200603,2023,01/08/2023,PHX,CLE,-14.0,False,-5.6,0.0,2,1,4,2,22.872979034884978,40.29986626196485,23.351472207887518,42.06221180458432
22200604,2023,01/08/2023,LAC,ATL,-4.0,False,-1.7,0.0,0,2,5,5,-19.919195474946598,9.954563157121537,-20.154135674332807,10.449272766556927
22200605,2023,01/09/2023,WAS,NOP,-20.0,False,3.7,1.0,1,1,2,2,-6.74739758396532,-8.98506522875212,-5.5327472596391445,-7.8978117732286535
22200606,2023,01/09/2023,BOS,CHI,8.0,False,1.7000000000000002,0.0,0,0,3,1,0.0,13.542948315259354,0.0,13.481027089957943
22200607,2023,01/09/2023,NYK,MIL,-4.0,False,13.100000000000001,0.0,0,2,4,8,-16.152086814060247,-9.056834920442007,-17.295234750236855,-12.510378815919616
22200608,2023,01/09/2023,MEM,SAS,8.0,False,12.2,-1.0,1,1,4,5,-0.8976365747421013,1.3579297953396576,-1.1131282722796083,-0.03585162219506799
22200609,2023,01/09/2023,DEN,LAL,13.0,False,7.0,1.0,1,3,2,5,-38.11044007948412,-60.912841616127324,-37.08396825139324,-57.86949931910703
22200610,2023,01/09/2023,SAC,ORL,25.0,False,-1.0999999999999999,0.0,1,3,2,4,-12.412874106224116,-14.217547414999213,-11.206845917224125,-11.329392117642676
22200611,2023,01/10/2023,MIA,OKC,1.0,False,-2.4999999999999996,0.0,6,3,6,5,42.07192741078995,33.29833443190056,42.01996192843144,31.827908625244312
22200612,2023,01/10/2023,PHI,DET,31.0,False,13.3,0.0,0,3,1,5,-39.12176304017729,-49.15987816906196,-37.6638902147058,-49.49699066110388
22200613,2023,01/10/2023,TOR,CHA,12.0,False,4.5,0.0,1,2,5,7,-9.582521921069226,-23.672950936106854,-9.973491070300403,-25.77808478080783
22200614,2023,01/10/2023,UTA,CLE,2.0,False,-0.6000000000000001,0.0,4,1,5,3,23.87145954433405,18.41085489572442,27.415026009658597,20.95601512565851
22200615,2023,01/10/2023,GSW,PHX,-12.0,False,5.3999999999999995,1.0,3,3,5,5,-25.348285369980765,-43.041584276150374,-25.219304968847023,-42.59334180421052
22200616,2023,01/10/2023,POR,ORL,-3.0,False,4.1,1.0,2,2,5,5,4.646993196253596,-4.484673140028082,5.6959385401579095,-3.566890004328652
22200617,2023,01/10/2023,LAC,DAL,12.0,False,-4.300000000000001,0.0,3,3,5,6,9.20825278891267,10.066709121687772,8.637402823403786,8.434323442182198
22200618,2023,01/11/2023,DET,MIN,17.0,False,-9.8,-2.0,3,2,5,4,11.033873353871911,5.027953640670063,13.29132278187473,5.7587142918697865
22200619,2023,01/11/2023,WAS,CHI,3.0,False,1.7,0.0,1,1,3,2,9.990877055351348,19.386624320682262,10.342155654127435,20.17055130503348
22200620,2023,01/11/2023,ATL,MIL,-9.0,False,6.7,1.0,2,2,6,7,19.77063211854438,14.232679792642578,17.681982664277328,11.83675103590695
22200621,2023,01/11/2023,BOS,NOP,11.0,False,2.9,0.0,0,1,4,4,-24.411045089129672,-7.179164967913906,-22.99963487124475,-8.743951876206815
22200622,2023,01/11/2023,NYK,IND,6.0,False,-1.7000000000000002,-1.0,0,0,4,3,0.0,-15.520452729380576,0.0,-14.039386415256239
22200623,2023,01/11/2023,MEM,SAS,6.0,False,14.3,0.0,2,1,4,5,2.4306705547151797,-10.38717306570964,2.287511353346865,-11.618787207164981
22200624,2023,01/11/2023,DEN,PHX,29.0,False,15.9,1.0,1,5,2,5,-62.403936520285896,-55.509715499670826,-62.17371134982916,-54.82364919293106
22200625,2023,01/11/2023,SAC,HOU,20.0,False,10.399999999999999,-1.0,0,1,3,1,-2.713316672616923,18.090946292870406,-2.737973847983377,21.061506395917515
22200626,2023,01/12/2023,PHI,OKC,-19.0,False,1.7999999999999998,0.0,0,3,0,5,-22.26638075583645,-32.17319102282987,-20.804215568553772,-29.981915567005334
22200627,2023,01/12/2023,BKN,BOS,-11.0,False,4.0,2.0,1,1,7,4,12.943421945898109,4.477567096295317,10.218948281467565,3.775990520522292
22200628,2023,01/12/2023,MIA,MIL,6.0,False,8.9,1.0,6,5,6,8,-2.930043322341085,-12.07323538065824,-8.593190220601443,-18.407938158170566
22200629,2023,01/12/2023,TOR,CHA,10.0,False,5.1,0.0,1,2,5,7,-9.56438708322787,-22.842641221284577,-9.956451810735148,-25.023333119378922
22200630,2023,01/12/2023,LAL,DAL,-4.0,False,1.6,1.0,4,3,5,7,31.834305824591016,24.091735554568373,30.06510162881406,19.406101313089053
22200631,2023,01/12/2023,POR,CLE,-6.0,False,-0.8,0.0,2,1,5,4,5.137781130739908,9.661504502050192,5.761191039924783,10.151710137167502
22200632,2023,01/13/2023,DET,NOP,-6.0,False,-6.9,0.0,3,1,4,4,5.229083160839856,-4.824923493217028,6.447522986817663,-2.223978865271505
22200633,2023,01/13/2023,IND,ATL,-2.0,False,4.300000000000001,0.0,1,2,6,6,0.6086437130474245,28.365408193540784,1.2431630489937469,29.9585099166665
22200634,2023,01/13/2023,WAS,NYK,-4.0,False,0.6000000000000001,0.0,1,0,4,4,17.53479125248509,18.686698805881015,17.341246992845598,18.98394584659433
22200635,2023,01/13/2023,SAS,GSW,-31.0,False,1.2999999999999998,-1.0,2,3,3,5,0.21547737064621586,-5.213594059574916,0.5673966477236299,-5.282033474814259
22200636,2023,01/13/2023,CHI,OKC,-14.0,False,-4.1000000000000005,1.0,1,3,3,6,-14.850081018975064,1.9324669548617024,-13.91971218936408,3.0963652610873638
22200637,2023,01/13/2023,MIN,PHX,5.0,False,6.7,0.0,1,4,5,4,-42.00269617969949,-28.675518844967065,-42.686780748862354,-29.90728492523231
22200638,2023,01/13/2023,UTA,ORL,4.0,False,3.6,0.0,2,2,5,4,8.723304076151363,12.921886579369048,10.231706310641483,17.332815303029953
22200639,2023,01/13/2023,LAC,DEN,-12.0,False,-13.5,1.0,3,2,5,5,-9.85351121947398,-7.110034946200685,-9.698524109929735,-7.515897609962735
22200640,2023,01/13/2023,SAC,HOU,25.0,False,12.4,0.0,1,2,3,3,-14.469404283806648,-3.3262418982611983,-13.32017402121414,-1.0303447135804689
22200641,2023,01/14/2023,MIA,MIL,16.0,False,8.6,0.0,3,2,6,6,1.9277992097972891,-2.620168302245574,2.030341387379888,-7.408171352851632
22200642,2023,01/14/2023,CHA,BOS,-16.0,False,-12.3,0.0,2,1,4,3,-7.452202429472173,-1.8852167644895523,-5.940200726908916,1.7371412502925665
22200643,2023,01/14/2023,IND,MEM,-18.0,False,-4.199999999999999,-2.0,1,1,3,2,13.16909882392989,24.729941128311403,13.531845858779972,27.907017508191927
22200644,2023,01/14/2023,TOR,ATL,-11.0,False,3.3,1.0,2,2,5,6,-12.4840651792199,-20.912591175666044,-13.262652633595863,-21.651315669341216
22200645,2023,01/14/2023,MIN,CLE,8.0,False,1.3,-1.0,1,1,4,4,-1.3225462852540204,-3.527831663152842,-1.3456714672909662,-4.205718367536354
22200646,2023,01/14/2023,UTA,PHI,-1.0,False,-3.7,-1.0,4,0,6,4,49.29279576999338,25.502486753781724,50.26554572012956,24.55225601976784
22200647,2023,01/14/2023,POR,DAL,17.0,False,-1.5999999999999999,0.0,2,3,2,5,-6.788620253663964,-29.407359674155856,-7.322164525181854,-30.55809959858608
22200648,2023,01/15/2023,DET,NYK,-13.0,False,-8.5,0.0,2,0,5,4,24.471712455206863,31.336939298581786,23.701270496253667,29.486394496735315
22200649,2023,01/15/2023,LAC,HOU,21.0,False,8.7,0.0,2,0,4,4,24.708730030659993,-1.5674776888749946,24.79397422765498,-3.6919051544027113
22200650,2023,01/15/2023,CHI,GSW,14.0,False,0.9999999999999999,0.0,1,4,3,4,-15.900805939235223,16.03052453286778,-17.232354469880143,14.350207101936995
22200651,2023,01/15/2023,BKN,OKC,-10.0,False,2.5999999999999996,1.0,1,3,5,5,2.2932370719234036,14.038926109052028,2.3464946186549156,15.090415632053112
22200652,2023,01/15/2023,SAS,SAC,-13.0,False,-13.899999999999999,0.0,2,0,5,3,19.346821730125853,29.306763563250207,20.380795000112023,29.091649696412794
22200653,2023,01/15/2023,DEN,ORL,3.0,False,15.5,0.0,1,2,4,5,-1.692476448574011,-7.743149653718763,-0.5549767990943764,-5.414411569776835
22200654,2023,01/15/2023,POR,DAL,17.0,False,3.0,0.0,1,5,1,7,-45.3604865180902,-54.550839022728425,-45.51920680313579,-55.745991946451646
22200655,2023,01/15/2023,LAL,PHI,-1.0,False,-1.1,2.0,4,0,6,3,50.46798975672215,42.623783993347985,49.47067315669441,41.619430126062014
22200656,2023,01/16/2023,CHA,BOS,-12.0,False,-12.3,0.0,1,1,7,3,-10.32896432087855,15.132173601889761,-8.642393569542431,17.654339683605297
22200657,2023,01/16/2023,MIL,IND,13.0,False,-6.3,0.0,3,1,7,4,0.44210736935956874,19.925955857922418,2.1815037370160226,22.29113896385156
22200658,2023,01/16/2023,CLE,NOP,10.0,False,-0.39999999999999997,-1.0,0,1,3,4,-24.220565285243627,-33.73208735355259,-22.820168325518033,-32.666303916453884
22200659,2023,01/16/2023,NYK,TOR,-2.0,False,6.0,-1.0,0,1,3,5,-4.553516188904928,-7.948792750371508,-4.227040532115876,-7.501887139383239
22200660,2023,01/16/2023,WAS,GSW,-9.0,False,1.7999999999999998,2.0,0,5,4,6,-36.68710775881694,-10.408744136941973,-36.88038231006963,-10.506829399850222
22200661,2023,01/16/2023,ATL,MIA,8.0,False,-8.100000000000001,0.0,0,3,6,5,-17.922330844854244,-5.871316890788073,-19.157012303722784,-6.1954372802844055
22200662,2023,01/16/2023,MIN,UTA,-1.0,False,1.7,0.0,1,1,3,5,-5.816624571858662,-31.801437798359334,-8.312734214450849,-29.93229931026431
22200663,2023,01/16/2023,MEM,PHX,30.0,False,17.2,-1.0,0,3,1,4,-41.055774060560104,-38.109817359516136,-41.56240587906686,-38.183175957151164
22200664,2023,01/16/2023,LAL,HOU,8.0,False,18.900000000000002,0.0,3,1,5,4,26.68411609845414,21.662498492033055,26.073022141858313,20.81926968560174
22200665,2023,01/17/2023,MIL,TOR,8.0,False,-3.2,0.0,3,1,7,6,33.733998155497694,24.48316229831569,37.37575716705362,28.312355799641885
22200666,2023,01/17/2023,SAS,BKN,8.0,False,-14.100000000000001,0.0,2,3,4,4,-10.016736324682284,-20.635340623151503,-8.579289142849792,-21.244721597065634
22200667,2023,01/17/2023,DEN,POR,9.0,False,7.300000000000001,0.0,1,1,3,1,-1.7900442449170244,7.453198998326219,-2.036436430899289,8.15246415166207
22200668,2023,01/17/2023,LAC,PHI,-10.0,False,-6.5,0.0,3,0,3,0,19.0926517571885,19.0926517571885,19.9659651477467,19.9659651477467
22200669,2023,01/18/2023,NYK,WAS,-11.0,False,4.1,0.0,0,0,2,3,0.0,-7.647637270915407,0.0,-6.698910975536398
22200670,2023,01/18/2023,DAL,ATL,-8.0,False,-4.199999999999999,1.0,3,0,6,6,16.93520437196019,8.37100312709051,18.76340952305677,10.46639553206747
22200671,2023,01/18/2023,HOU,CHA,-5.0,False,-8.5,0.0,0,4,4,7,-21.986492570914002,-17.48764261509875,-22.56191292430757,-18.505882173573752
22200672,2023,01/18/2023,MEM,CLE,1.0,False,12.5,0.0,2,1,4,3,-12.410784918186547,-9.829091089757664,-12.897927731171823,-10.879194151554433
22200673,2023,01/18/2023,NOP,MIA,-26.0,False,-4.0,0.0,1,3,2,4,11.525263226504734,15.810812955803783,8.80168915326069,13.282926390286761
22200674,2023,01/18/2023,OKC,IND,20.0,False,7.5,1.0,5,1,5,3,9.792081235612926,-2.303519734251985,6.848535454298698,-5.8081493674999365
22200675,2023,01/18/2023,UTA,LAC,23.0,False,5.800000000000001,1.0,1,4,1,5,-36.101724578613315,-41.465709252942816,-37.06954286877401,-42.55985326912939
22200676,2023,01/18/2023,DEN,MIN,4.0,False,9.9,-1.0,0,2,4,5,-22.696506874399915,-15.889116176156953,-22.692273131044725,-14.153985656021558
22200677,2023,01/18/2023,LAL,SAC,-5.0,False,-6.0,-1.0,3,0,5,4,42.92753957754357,7.781077972846205,42.21115996162248,7.591592178803268
22200678,2023,01/19/2023,DET,CHI,-18.0,False,-10.7,0.0,1,1,5,2,3.2551208670041873,13.491842679956239,3.034374878575022,12.862647775957683
22200679,2023,01/19/2023,BOS,GSW,3.0,False,3.8,0.0,0,4,4,7,-23.85522949423586,-22.64291759284362,-24.111069866456734,-20.556515020380903
22200680,2023,01/19/2023,MIN,TOR,2.0,False,0.8999999999999999,-1.0,0,0,3,6,0.0,0.1551809886024742,0.0,-0.19976545725416983
22200681,2023,01/19/2023,PHX,BKN,5.0,False,-16.0,1.0,5,3,6,5,25.200834665583745,23.019689020879724,24.548224735120655,23.904492314651193
22200682,2023,01/19/2023,POR,PHI,-10.0,False,-4.199999999999999,0.0,1,0,5,3,7.974193548387096,15.218382377152636,8.515926098169365,15.478173928321137
22200683,2023,01/20/2023,ORL,NOP,13.0,False,-2.0,1.0,2,1,4,4,-17.204859141268663,-29.30281302651982,-16.692167557583645,-30.341914997701885
22200684,2023,01/20/2023,ATL,NYK,15.0,False,-5.2,0.0,0,1,3,3,-14.837265369381782,-14.438674929964943,-15.597270612931629,-14.767592687998794
22200685,2023,01/20/2023,CLE,GSW,-6.0,False,1.3,1.0,0,6,3,6,-66.18328866991197,-38.311759001975126,-67.55280814594498,-38.82124797574973
22200686,2023,01/20/2023,DAL,MIA,25.0,False,-13.2,0.0,3,3,5,4,12.553456827095534,16.078388698528233,11.566012095151951,16.218896126700454
22200687,2023,01/20/2023,SAS,LAC,-5.0,False,-1.200000000000001,1.0,2,4,5,5,-4.208531358058476,6.650477456176006,-4.277574216821641,7.325042302337717
22200688,2023,01/20/2023,DEN,IND,23.0,False,15.200000000000001,0.0,0,1,2,1,-20.604796663190825,18.69990681329179,-21.481269390524677,15.849819343572268
22200689,2023,01/20/2023,UTA,BKN,-11.0,False,0.9999999999999998,1.0,1,1,5,6,-12.874123222748814,-14.621990521327007,-9.366868712357649,-14.549136108278823
22200690,2023,01/20/2023,LAL,MEM,1.0,False,-10.4,0.0,3,0,5,4,42.62514767337294,31.071478828436966,41.91381440761073,30.431025916727368
22200691,2023,01/20/2023,SAC,OKC,5.0,False,-1.700000000000001,0.0,0,3,4,5,-22.85447150670843,-19.09778769368807,-20.931455994906454,-17.16627205785732
22200692,2023,01/21/2023,TOR,BOS,-2.0,False,-5.0,0.0,2,1,6,3,-17.27632550335867,3.28399953324201,-17.964734005968673,-1.3336568249636507
22200693,2023,01/21/2023,WAS,ORL,20.0,False,5.9,2.0,1,3,2,3,-4.015291577459444,1.5927387006383,-2.5243125131244497,3.093173302295922
22200694,2023,01/21/2023,ATL,CHA,-4.0,False,9.2,-2.0,1,4,6,7,-11.396307973956596,-27.23782539910077,-11.440564545456047,-23.928022523426208
22200695,2023,01/21/2023,CLE,MIL,12.0,False,4.0,-2.0,1,3,4,7,-17.525124716621995,-17.50892017047927,-19.976576319172814,-20.482185398322194
22200696,2023,01/21/2023,MIN,HOU,9.0,False,17.4,-1.0,1,0,4,4,1.8338164192924729,-12.970556821079889,1.8503075741422252,-12.209490128149703
22200697,2023,01/21/2023,PHX,IND,5.0,False,-3.6000000000000005,1.0,5,1,6,5,33.145118733509236,30.16633348727406,32.10223324572783,26.604637938857934
22200698,2023,01/21/2023,SAC,PHI,-2.0,False,3.5999999999999996,-1.0,0,0,4,3,0.0,-45.76428888922331,0.0,-41.67352904458155
22200699,2023,01/22/2023,MIA,NOP,4.0,False,7.8,0.0,2,1,5,4,-15.748583745014646,-22.142344854501008,-13.760482511432604,-19.496855899350113
22200700,2023,01/22/2023,TOR,NYK,9.0,False,-1.1,-1.0,0,1,5,3,-14.78887744593203,-3.157780323184628,-15.546404127925502,-5.053551624727977
22200701,2023,01/22/2023,DAL,LAC,-14.0,False,1.5,0.0,2,4,8,6,-0.6190723958297504,9.585386497843942,-2.158634765227333,11.23132920175847
22200702,2023,01/22/2023,DEN,OKC,-2.0,False,1.700000000000001,0.0,0,3,5,4,-22.677778980409137,31.587960454404133,-20.76963068917681,33.84729304684255
22200703,2023,01/22/2023,PHX,MEM,2.0,False,-19.4,-1.0,4,0,5,4,46.07063044436674,31.649932184935714,46.14781227114585,31.898699157231327
22200704,2023,01/22/2023,GSW,BKN,-4.0,False,-1.9999999999999998,0.0,2,1,6,7,-14.49588093189926,-14.086411504408677,-13.915652069823418,-14.906551933310809
22200705,2023,01/22/2023,POR,LAL,-9.0,False,-0.6000000000000001,1.0,1,3,5,5,-34.461441512722196,-26.08349405979588,-33.21164712725114,-24.088986413785726
22200706,2023,01/23/2023,DET,MIL,-20.0,False,-7.300000000000001,1.0,2,2,3,3,12.814043147530848,18.584051296751753,14.443509583833453,19.50593578044539
22200707,2023,01/23/2023,ORL,BOS,15.0,False,-10.2,0.0,2,2,6,4,-18.760084554702715,-13.438009555022358,-19.502809064504255,-13.440093059775759
22200708,2023,01/23/2023,CHI,ATL,11.0,False,0.3999999999999999,1.0,1,0,3,6,7.152034261241971,-21.51407471972761,6.639869305176107,-21.439699459682664
22200709,2023,01/23/2023,HOU,MIN,5.0,False,-15.9,0.0,1,0,3,4,16.082007989749002,14.463271878713758,15.977107787106384,12.647054143437764
22200710,2023,01/23/2023,UTA,CHA,18.0,False,6.7,1.0,1,1,1,5,0.7375644060762223,-29.895526896256545,2.5751298146081734,-26.623951059545654
22200711,2023,01/23/2023,POR,SAS,20.0,False,5.6,-2.0,1,2,1,2,-11.502167978159626,-11.502167978159626,-12.00095785735732,-12.00095785735732
22200712,2023,01/23/2023,SAC,MEM,33.0,False,-0.8999999999999986,1.0,0,0,1,2,0.0,-31.04248168473027,0.0,-29.75487425892161
22200713,2023,01/24/2023,IND,CHI,6.0,False,-11.399999999999999,2.0,1,3,5,3,5.548417014904887,26.174076065871496,4.31973619806929,29.34542616467303
22200714,2023,01/24/2023,MIA,BOS,3.0,False,-5.799999999999999,1.0,2,4,5,5,-48.83038179059223,-23.045932267048833,-49.92706521097173,-22.444482679528647
22200715,2023,01/24/2023,NYK,CLE,2.0,False,-2.5,-1.0,1,1,3,3,10.68540793531297,12.322901937910508,12.09557895358536,13.68550922284889
22200716,2023,01/24/2023,NOP,DEN,-1.0,False,-17.8,0.0,1,0,2,5,23.698676620291824,3.8473242335015385,22.328454484774774,-1.3069312071258707
22200717,2023,01/24/2023,DAL,WAS,-1.0,False,-8.5,-1.0,1,1,7,3,-0.7890039339340049,1.3567896349489459,-3.0603327869165753,2.802071084706512
22200718,2023,01/24/2023,PHX,CHA,31.0,False,-0.5,1.0,3,2,4,4,11.935545425862184,3.4819746228816015,9.333938490766556,2.8873545064846766
22200719,2023,01/24/2023,LAL,LAC,-18.0,False,5.699999999999999,0.0,3,4,5,4,18.44618973371776,24.46066670731601,16.634291257385684,22.900291182847695
22200720,2023,01/25/2023,ORL,IND,6.0,False,6.3,1.0,2,1,5,5,-13.697301712012264,-23.296988396334775,-15.486264856809242,-28.922119158016116
22200721,2023,01/25/2023,PHI,BKN,4.0,False,2.2,0.0,1,1,3,6,-21.619149278741506,-27.47156465033776,-20.043164977358728,-27.462691233486098
22200722,2023,01/25/2023,HOU,WAS,-5.0,False,-11.700000000000001,1.0,1,1,4,4,-2.3288874759990392,-15.03522012489777,-4.050027834112008,-15.886056152160364
22200723,2023,01/25/2023,MIL,DEN,8.0,False,-11.1,1.0,2,0,7,4,18.034115417292988,-38.30685916165743,17.317177377600746,-38.2920065037064
22200724,2023,01/25/2023,NOP,MIN,-9.0,False,-7.3,-1.0,2,1,4,4,22.117945431575755,21.680080503129208,21.304825519607007,20.672173785523434
22200725,2023,01/25/2023,OKC,ATL,-5.0,False,6.8,1.0,4,0,5,6,26.494329959761004,5.115461365193941,24.650727870851743,3.7767627040603955
22200726,2023,01/25/2023,GSW,MEM,2.0,False,-4.2,1.0,1,2,6,4,-18.203293212845306,6.666654425461616,-17.494923913899115,6.240422531269601
22200727,2023,01/25/2023,POR,UTA,10.0,False,-4.4,0.0,1,1,4,4,-4.079750868024485,-6.1228973982669785,-5.644861714494505,-4.919923663055901
22200728,2023,01/25/2023,SAC,TOR,-18.0,False,10.1,-1.0,0,2,4,7,-8.13576469869119,-13.180106029949204,-7.49899441860501,-11.527137590084761
22200729,2023,01/25/2023,LAL,SAS,9.0,False,6.6,-1.0,1,2,6,5,-11.131094838111604,-0.47495718210183924,-9.89269310862647,2.42882161042629
22200730,2023,01/26/2023,BOS,NYK,-3.0,False,6.2,0.0,1,2,3,3,-7.564871275412713,-2.8338032157343136,-8.033571721013452,-4.002399198786083
22200731,2023,01/26/2023,BKN,DET,-8.0,False,9.6,-2.0,2,2,5,5,13.113870093353917,13.983069576828132,11.89912110230134,12.3229493002911
22200732,2023,01/26/2023,CHA,CHI,15.0,False,-10.899999999999999,0.0,2,2,7,3,6.008841481174635,18.443170690887506,4.944343332134119,16.940944610259994
22200733,2023,01/26/2023,HOU,CLE,-18.0,False,-12.3,-1.0,3,0,4,3,32.53503925559756,7.267386157585939,34.401152837877476,7.095346012567028
22200734,2023,01/26/2023,PHX,DAL,-4.0,False,0.9999999999999996,0.0,3,1,3,5,13.378554181516702,-0.38281518667998427,13.600098886462643,-2.072296573177347
22200735,2023,01/26/2023,LAC,SAS,38.0,False,8.5,1.0,1,3,3,5,-19.31674379646271,-26.659721282033914,-18.59098211624987,-23.45048723961736
22200736,2023,01/27/2023,IND,MIL,-10.0,False,-8.1,0.0,1,2,5,7,2.4849991361710018,2.192714195055487,4.078874437079758,7.046497842940738
22200737,2023,01/27/2023,MIN,MEM,11.0,False,-1.6,0.0,2,2,5,4,-13.593630780411724,-23.906685168732597,-11.810099883112247,-21.934492430981283
22200738,2023,01/27/2023,MIA,ORL,5.0,False,3.9,1.0,2,3,4,6,-3.607427408603373,-11.04897398590693,-1.4366708334509823,-8.069947026767096
22200739,2023,01/27/2023,OKC,CLE,12.0,False,4.1,1.0,4,1,4,4,18.785768151598283,-6.978042220091005,16.87125484756043,-9.828844075257585
22200740,2023,01/27/2023,GSW,TOR,12.0,False,-4.2,0.0,1,0,6,6,4.298658322039438,15.766321855600104,3.8297137778169543,15.345333020135651
22200741,2023,01/28/2023,PHI,DEN,7.0,False,-4.6000000000000005,0.0,0,0,3,5,0.0,-8.134827070957392,0.0,-8.94254225800432
22200742,2023,01/28/2023,BKN,NYK,7.0,False,-1.0999999999999999,0.0,1,1,6,3,10.27860458603434,31.08979758789523,8.108417941585484,28.926264493832836
22200743,2023,01/28/2023,DET,HOU,-3.0,False,3.0,0.0,2,2,4,3,-12.74552492174,-26.496304118040015,-13.923641494651672,-24.524321098436406
22200744,2023,01/28/2023,ORL,CHI,-19.0,False,-2.5,-1.0,3,1,5,2,4.5645665568079625,9.255304205488688,3.523663113716199,8.336951110206135
22200745,2023,01/28/2023,ATL,LAC,-7.0,False,-3.0000000000000004,1.0,2,2,5,6,-8.794848653301196,-21.75541628125339,-9.24040573291499,-20.194211821407087
22200746,2023,01/28/2023,MIN,SAC,7.0,False,-8.700000000000001,-2.0,2,0,4,4,8.81936856633504,-2.022338836100271,9.434980132242162,-1.5622730581422335
22200747,2023,01/28/2023,NOP,WAS,-10.0,False,-3.8,0.0,2,1,4,4,18.20449913966047,-1.7542997153346604,17.931041297866877,-2.8339319870368485
22200748,2023,01/28/2023,SAS,PHX,-10.0,False,-10.0,0.0,2,3,6,6,-11.900605286788746,-0.3556644553246926,-10.482862799925766,-3.39177031069206
22200749,2023,01/28/2023,BOS,LAL,4.0,False,5.4,-1.0,1,1,4,6,3.6583375960641344,6.320798558884128,1.5815517416610554,3.949105056198839
22200750,2023,01/28/2023,UTA,DAL,8.0,False,6.0,1.0,0,2,4,6,-43.30306723193903,-41.20474659738745,-42.79373054022615,-43.84493131755154
22200751,2023,01/28/2023,POR,TOR,-18.0,False,-0.10000000000000009,2.0,2,2,4,4,-3.6393013129205087,21.450654576944228,-5.357963278748848,19.18372594483192
22200752,2023,01/29/2023,CHA,MIA,5.0,False,-10.7,1.0,4,3,7,5,13.339589531527118,15.00084763180569,11.225599094791876,12.932780346033823
22200753,2023,01/29/2023,MEM,IND,12.0,False,11.1,0.0,2,1,4,5,1.8950487523423583,2.7591960736109513,-0.1488399258326254,0.19175215386044187
22200754,2023,01/29/2023,CLE,LAC,23.0,False,-5.5,1.0,0,6,2,6,-69.01581911446438,-56.689125587334054,-65.44285551180134,-52.54459790720458
22200755,2023,01/29/2023,MIL,NOP,25.0,False,9.6,1.0,3,4,4,6,-35.00922215234614,-39.729155259241814,-35.4026471700011,-41.394466274141934
22200756,2023,01/30/2023,PHI,ORL,-10.0,False,9.8,0.0,0,0,3,5,0.0,-8.378269617706236,0.0,-7.310072633740315
22200757,2023,01/30/2023,BKN,LAL,17.0,False,-0.4999999999999998,0.0,1,3,3,4,-31.032924726845508,-11.901378760545256,-27.75908298095092,-9.174046112695969
22200758,2023,01/30/2023,MIN,SAC,-7.0,True,-5.800000000000001,0.0,0,0,4,4,0.0,3.0059218095022047,0.0,3.156157506541547
22200759,2023,01/30/2023,OKC,GSW,-8.0,False,6.4,0.0,4,1,4,6,23.023043998328767,-2.0512041312879887,22.48130309461058,-2.126281979025034
22200760,2023,01/30/2023,SAS,WAS,-21.0,False,-13.2,0.0,3,2,5,4,16.12360198316615,10.288884045829562,16.399704086768352,9.278903032417166
22200761,2023,01/30/2023,DAL,DET,6.0,False,4.6,0.0,1,2,5,5,2.3931597112188996,-1.555412903993247,2.1375820805525763,2.1189423593915144
22200762,2023,01/30/2023,PHX,TOR,8.0,False,-2.5,0.0,3,1,4,4,19.6127081413419,17.25502866929134,17.481692447201034,15.307399585561122
22200763,2023,01/30/2023,POR,ATL,4.0,False,-0.9,0.0,2,0,5,6,12.023422251138584,-14.62686748672921,11.688678858588737,-14.499818652666743
22200764,2023,01/31/2023,CLE,MIA,-3.0,False,1.7000000000000002,0.0,0,3,5,5,-13.140078678936561,-1.8790869005156168,-14.531556620737415,-1.2152449241356358
22200765,2023,01/31/2023,NYK,LAL,-6.0,False,0.6000000000000001,2.0,1,2,3,6,-0.47542749809829843,-8.531277047626045,-1.9615045863119231,-9.087965549099458
22200766,2023,01/31/2023,CHI,LAC,-5.0,False,-1.1,1.0,1,1,1,7,-0.08939690768149244,-28.8013008351264,-1.1912668076351132,-29.458459497386798
22200767,2023,01/31/2023,MIL,CHA,9.0,False,12.9,0.0,3,5,7,7,-7.772413710580409,-4.196965729398549,-7.597899421626767,-4.140547160791051
22200768,2023,01/31/2023,DEN,NOP,9.0,False,16.700000000000003,1.0,0,2,4,4,-25.879145842798735,-16.816521255079486,-25.505665717592386,-16.568139829240586
22200769,2023,03/07/2023,DET,WAS,-2.0,False,-10.200000000000001,-1.0,6,0,7,2,65.13664920829738,51.96949882530292,66.94430598569252,55.03770174718402
22200770,2023,02/01/2023,PHI,ORL,11.0,False,4.1000000000000005,0.0,0,0,2,6,0.0,-22.50435015782985,0.0,-20.684268532497086
22200771,2023,02/01/2023,MEM,POR,-10.0,False,0.19999999999999996,1.0,1,2,5,3,4.573724780293729,18.70598446038013,3.289122507283972,17.899882639956765
22200772,2023,02/01/2023,BOS,BKN,43.0,False,4.5,1.0,1,3,2,3,-35.62366587175224,-33.66601227924964,-34.00123364281878,-32.049750747219264
22200773,2023,02/01/2023,HOU,OKC,6.0,False,-16.1,1.0,2,4,4,4,1.0925216709918644,8.874613396301257,2.938428407001794,11.269600812515307
22200774,2023,02/01/2023,MIN,GSW,5.0,False,-0.6000000000000001,0.0,0,1,5,6,-4.309394177384002,-0.836105685904581,-3.839278448942111,0.8204894329773076
22200775,2023,02/01/2023,SAS,SAC,-10.0,True,-22.6,0.0,2,0,4,4,19.439731070914036,19.585654406850914,20.478669796014596,19.018928807763675
22200776,2023,02/01/2023,UTA,TOR,3.0,False,2.5,1.0,1,2,4,5,-12.040275769336068,-4.120946595525755,-13.77642684247815,-7.701485633307383
22200777,2023,02/01/2023,PHX,ATL,-32.0,False,-3.0,0.0,3,0,4,0,31.479160991555432,35.33642059384364,31.112252226358503,34.59670769662045
22200778,2023,02/02/2023,IND,LAL,-1.0,False,-9.100000000000001,1.0,0,1,4,6,-8.022722307188115,-8.299774449991585,-10.154882634607672,-9.47358168824034
22200779,2023,02/02/2023,CLE,MEM,15.0,False,2.9,1.0,0,3,4,4,-24.150943396226413,-15.424121587176298,-22.99177111578612,-13.412091412689435
22200780,2023,02/02/2023,NYK,MIA,2.0,False,-5.3,0.0,1,4,3,6,-4.209139246706444,2.4910685430476818,-4.470809758860707,5.66822122797727
22200781,2023,02/02/2023,CHI,CHA,16.0,False,7.800000000000001,0.0,1,5,1,7,-21.681980085072297,-31.124277158512385,-21.162532455205582,-30.642668449204358
22200782,2023,02/02/2023,DAL,NOP,5.0,False,7.5,1.0,1,2,6,6,-7.8242569230891945,-12.2601872482998,-8.037768804836432,-11.89800064783077
22200783,2023,02/02/2023,DEN,GSW,17.0,False,0.20000000000000018,1.0,0,2,3,5,-17.15111263366891,-11.833000239065758,-16.740255927205297,-8.694586892321965
22200784,2023,02/02/2023,MIL,LAC,1.0,False,0.7000000000000002,0.0,3,1,7,7,14.137629103390363,-0.23193508332228419,12.682741951544394,-1.8720334396466924
22200785,2023,02/03/2023,DET,CHA,6.0,False,-1.1000000000000005,2.0,2,5,5,6,-13.261585688563912,-3.7656896711596595,-12.54996443318889,-3.2525717859202175
22200786,2023,02/03/2023,IND,SAC,3.0,False,-17.299999999999997,-1.0,0,1,6,4,-21.77631731039152,-1.0290382041642516,-23.231761422744764,-1.7400155037211604
22200787,2023,02/03/2023,WAS,POR,-8.0,False,0.5999999999999996,1.0,1,3,4,5,-23.473884783189387,-14.470804024574836,-22.79718910792956,-14.932023167337416
22200788,2023,02/03/2023,BOS,PHX,-12.0,False,8.0,0.0,1,3,3,7,-20.009199360024738,-34.44927218165836,-19.576134073466463,-35.35936593835281
22200789,2023,02/03/2023,HOU,TOR,-6.0,False,-8.9,0.0,2,2,3,5,14.180255566724558,10.469228358661397,13.367707713605862,10.017641974132633
22200790,2023,02/03/2023,MIN,ORL,-7.0,False,4.4,0.0,0,0,1,5,0.0,-30.266512896970248,0.0,-29.580136825975217
22200791,2023,02/03/2023,SAS,PHI,-12.0,False,-16.6,0.0,5,0,6,0,48.59344894026975,52.601156069364166,48.968403563841946,52.637828394054786
22200792,2023,02/03/2023,UTA,ATL,-7.0,False,-1.5999999999999996,0.0,0,0,3,5,0.0,-6.572849635070744,0.0,-6.901153106339406
22200793,2023,02/04/2023,BKN,WAS,2.0,False,-8.9,2.0,1,2,4,4,6.9338647097034745,40.27848101265823,6.032276631198048,38.079530107722746
22200794,2023,02/04/2023,DET,PHX,-16.0,False,-7.3,0.0,2,3,4,6,-15.923789428852636,-22.98741256317247,-15.886535320980984,-23.325582764417913
22200795,2023,02/04/2023,NYK,LAC,-6.0,False,-6.0,0.0,1,1,3,8,7.006117614571819,-18.746690023851436,7.169267576991202,-18.17119397914496
22200796,2023,02/04/2023,CHI,POR,8.0,False,1.2000000000000002,1.0,1,3,2,5,-18.596949446196902,-13.48537001570947,-18.148333942420347,-15.74636384765856
22200797,2023,02/04/2023,MIL,MIA,8.0,False,4.8999999999999995,0.0,3,5,8,6,-5.565547775511032,2.508254020333169,-8.803577079518181,-0.20606576791355025
22200798,2023,02/04/2023,NOP,LAL,5.0,False,-10.2,0.0,2,1,6,5,17.949174069176394,27.097554814966966,15.442837143337531,25.658823046511014
22200799,2023,02/04/2023,OKC,HOU,32.0,False,11.1,2.0,4,3,4,4,-6.056682542942262,-9.030935112969615,-7.355532873622103,-11.095263481597549
22200800,2023,02/04/2023,GSW,DAL,6.0,False,1.9,0.0,1,3,5,5,-42.30416748769922,-31.899121306742558,-42.001701105568,-33.1017076344955
22200801,2023,02/04/2023,DEN,ATL,20.0,False,0.0,1.0,0,0,3,2,0.0,-2.7417629455910912,0.0,-1.0449823341507418
22200802,2023,02/05/2023,CHA,ORL,-6.0,False,-5.6,0.0,5,3,7,6,8.39045833157094,4.7184689800737445,9.579561939138774,5.483988234528674
22200803,2023,02/05/2023,IND,CLE,-19.0,False,-13.5,-1.0,0,0,3,2,0.0,-6.385207480883892,0.0,-6.2151735828067345
22200804,2023,02/05/2023,NYK,PHI,11.0,False,-9.7,-1.0,1,0,3,2,14.300414937759337,23.50462267657852,15.032921236397339,24.57056436413389
22200805,2023,02/05/2023,MEM,TOR,-3.0,False,-4.7,1.0,4,2,5,7,12.756337368372854,19.009197321898156,12.783019627926521,19.151780457744533
22200806,2023,02/05/2023,MIN,DEN,30.0,False,-4.6,1.0,1,4,3,5,-71.81622554545174,-70.96242411460362,-68.28808332022119,-67.05430257296041
22200807,2023,02/05/2023,NOP,SAC,32.0,False,-14.0,-1.0,3,2,4,3,17.39717095049163,29.53582887700535,16.61117630186791,27.33170810769841
22200808,2023,02/06/2023,DET,BOS,-12.0,False,-9.8,-1.0,1,1,5,4,-1.110030479641269,-10.092633201559348,-1.920168802422502,-11.198928819322116
22200809,2023,02/06/2023,WAS,CLE,-23.0,False,-1.7999999999999998,1.0,1,1,2,2,9.74726031743847,18.082654194831896,10.345420412072235,17.465181541442725
22200810,2023,02/06/2023,BKN,LAC,-8.0,False,-7.3,0.0,4,1,5,7,54.60357335273104,40.57912079723837,50.221269854679576,36.24821272222191
22200811,2023,02/06/2023,CHI,SAS,24.0,False,17.6,-1.0,1,5,2,6,-40.95430479221444,-35.072449082390165,-41.85660187282792,-37.13480179705256
22200812,2023,02/06/2023,HOU,SAC,-20.0,False,-6.7,1.0,1,1,3,2,14.222969622568856,15.86103018005246,13.668704299659005,16.68064743352728
22200813,2023,02/06/2023,UTA,DAL,-13.0,False,4.199999999999999,1.0,0,4,5,5,-50.83848190644306,-29.676672710730916,-50.35124959617008,-30.87175358159816
22200814,2023,02/06/2023,GSW,OKC,27.0,False,-5.199999999999999,0.0,2,3,4,3,-0.5284801221942885,10.361598617963189,1.2322579599167547,10.793612087391818
22200815,2023,02/06/2023,POR,MIL,-19.0,False,-9.2,0.0,1,3,2,5,-6.226998035468032,-13.273320754382187,-6.049437860023948,-11.644517780367657
22200816,2023,02/07/2023,ORL,NYK,-4.0,False,3.8000000000000003,0.0,1,1,6,3,-5.809999143558059,8.599801494622543,-7.4280551410452595,5.0604273333545216
22200817,2023,02/07/2023,BKN,PHX,-4.0,False,-8.0,-2.0,3,2,6,5,21.39062871444121,34.87444266423655,20.575783824994385,32.100263714940866
22200818,2023,02/07/2023,NOP,ATL,9.0,False,-6.0,-1.0,2,0,6,5,25.026362038664328,32.48701631869396,24.665189035334286,31.983075920767785
22200819,2023,02/07/2023,MEM,CHI,15.0,False,-14.8,1.0,4,1,5,2,17.22951177951631,-1.1432429695148727,17.30157505538185,-0.49874527225287224
22200820,2023,02/07/2023,DEN,MIN,34.0,False,-2.7,0.0,0,1,4,2,-5.753004076015034,21.914624965277156,-5.657761327127693,19.387386763582825
22200821,2023,02/07/2023,LAL,OKC,-3.0,False,-4.8,2.0,0,3,5,6,-23.62582867881192,-17.50541631581337,-23.16767906495977,-17.728597471511126
22200822,2023,02/08/2023,CLE,DET,28.0,False,16.7,0.0,0,1,3,2,-10.547062270281788,32.64478072015856,-9.803973792148298,32.586558121972004
22200823,2023,02/08/2023,WAS,CHA,14.0,False,8.3,-1.0,0,5,2,7,-29.0547263681592,-9.271326330287863,-28.008450667667034,-9.230733924478152
22200824,2023,02/08/2023,BOS,PHI,7.0,False,0.6999999999999997,-1.0,1,0,4,3,11.63561076604555,27.750304886695595,11.699422786379309,28.93713874094395
22200825,2023,02/08/2023,MIA,IND,5.0,False,7.999999999999999,0.0,4,0,6,6,25.999768223432614,7.670591193235211,27.314505325940452,7.814687199243252
22200826,2023,02/08/2023,TOR,SAS,14.0,False,16.8,1.0,1,5,5,6,-35.248478342438816,-28.798566329781636,-33.89660570920795,-27.845830068157095
22200827,2023,02/08/2023,HOU,SAC,-2.0,False,-9.4,0.0,1,1,5,4,14.211364978279889,19.148432655979185,13.656156203686615,19.139583606163676
22200828,2023,02/08/2023,UTA,MIN,-25.0,False,-0.7,1.0,0,1,4,4,-5.802197802197802,-10.168471676116823,-5.706140636069008,-11.760350712325874
22200829,2023,02/08/2023,LAC,DAL,-6.0,False,6.1,0.0,1,2,5,6,-20.983027352293615,-35.68975206871941,-20.232764044028077,-35.15444504783374
22200830,2023,02/08/2023,POR,GSW,3.0,False,-4.4,0.0,1,2,4,6,-7.540755664280782,-7.673514360600109,-10.02320181773835,-7.720670355950574
22200831,2023,02/09/2023,ORL,DEN,11.0,False,-7.2,0.0,1,0,6,5,8.529271775345075,-10.1521082935174,7.641522470098725,-8.448082447579253
22200832,2023,02/09/2023,ATL,PHX,9.0,False,-4.8,0.0,0,3,5,7,-31.431705979155232,-50.46790949366502,-30.888298239584635,-48.95593421683987
22200833,2023,02/09/2023,BKN,CHI,11.0,False,-8.1,0.0,2,1,6,1,31.700647865952085,72.14102853398717,29.7930243030194,69.3918091708855
22200834,2023,02/09/2023,LAL,MIL,-9.0,False,-11.7,-1.0,0,3,7,7,-24.835032993401317,25.967383341637316,-24.47878551738261,23.245882243828888
22200835,2023,02/10/2023,DET,SAS,7.0,False,6.100000000000001,0.0,4,1,4,8,20.19187117433207,-52.3626902438467,17.327217642744486,-52.56367665015571
22200836,2023,02/10/2023,IND,PHX,-13.0,False,-11.0,1.0,0,2,4,6,-15.227179697093739,-34.10779570640908,-14.948705406368155,-31.123702395619997
22200837,2023,02/10/2023,PHI,NYK,11.0,False,4.9,-1.0,0,1,3,3,-14.432160804020102,-6.294771043233077,-15.171415485643882,-8.11750706103668
22200838,2023,02/10/2023,BOS,CHA,11.0,False,11.399999999999999,0.0,2,5,4,7,0.44741060517834796,-11.493989316405532,2.6975949459233455,-5.992554471986011
22200839,2023,02/10/2023,TOR,UTA,-6.0,False,5.6,0.0,1,0,6,5,11.689636386311374,-29.280756332784758,13.454788599173279,-26.344257004898285
22200840,2023,02/10/2023,MIA,HOU,2.0,False,8.4,0.0,3,1,5,4,7.201990457428508,-1.2282563478965045,8.674536799917274,0.7936135069302992
22200841,2023,02/10/2023,MEM,MIN,21.0,False,-8.4,1.0,2,0,2,3,20.304438391283448,-0.2333596807612004,19.57164044474287,0.14353178395936794
22200842,2023,02/10/2023,NOP,CLE,-11.0,False,-13.799999999999999,1.0,2,1,4,2,18.165549742890626,22.061959926204118,19.19038434412453,22.818384705439765
22200843,2023,02/10/2023,POR,OKC,-9.0,False,-1.7,-1.0,4,4,4,4,15.410986195911672,15.410986195911672,14.306363784514495,14.306363784514495
22200844,2023,02/10/2023,SAC,DAL,-8.0,False,-2.0,0.0,1,2,5,5,-28.778457070802414,-30.158113052851483,-28.147349780165094,-29.52990919743965
22200845,2023,02/10/2023,LAC,MIL,-13.0,False,-3.0999999999999996,1.0,4,2,6,5,15.052216795269025,12.91773782605975,14.48230998090957,14.24274065690961
22200846,2023,02/11/2023,BKN,PHI,-3.0,False,-5.5,1.0,1,0,5,4,7.752259594013929,26.853119823028415,7.153526505012293,26.01630514145205
22200847,2023,02/11/2023,CHA,DEN,-14.0,False,-11.399999999999999,-1.0,3,1,5,5,10.812720451087323,-11.676209703399849,9.655544849270825,-11.058443028146264
22200848,2023,02/11/2023,ORL,MIA,-4.0,False,3.4000000000000004,1.0,2,3,6,5,-14.340405426238252,-2.3931139509632686,-16.251998627465948,-6.991109290698251
22200849,2023,02/11/2023,WAS,IND,14.0,False,11.100000000000001,2.0,1,1,3,4,8.131410514255952,10.175473401048638,8.379146417570695,7.295938060540653
22200850,2023,02/11/2023,ATL,SAS,19.0,False,16.3,1.0,2,4,2,5,-25.625932522635335,-35.92492555129529,-26.11990593205656,-34.164819952195984
22200851,2023,02/11/2023,NYK,UTA,6.0,False,-0.8999999999999999,0.0,1,0,4,2,14.512379989893887,2.5004157067741666,15.255743717246753,2.732878225742059
22200852,2023,02/11/2023,CLE,CHI,8.0,False,9.4,-1.0,0,1,4,1,-7.415356151711378,12.266019206454807,-6.8843344285304156,13.318088861773212
22200853,2023,02/11/2023,GSW,LAL,-6.0,False,6.300000000000001,1.0,2,1,5,8,-1.2472714838667045,-28.411677370239673,3.233098807420898,-25.18696132921297
22200854,2023,02/11/2023,SAC,DAL,5.0,False,-0.9,0.0,2,1,6,4,9.19561225574854,6.893129205391716,8.891390350717767,6.440727063302948
22200855,2023,02/12/2023,BOS,MEM,10.0,False,7.3999999999999995,0.0,2,4,5,6,1.9705100015961108,13.847055751352386,3.9063357424961183,15.702136508890241
22200856,2023,02/12/2023,TOR,DET,1.0,False,12.1,0.0,3,2,6,5,3.1771125592889113,-2.0309167674817274,5.1658186230277465,1.1810559184318024
22200857,2023,02/13/2023,CHA,ATL,6.0,False,-10.799999999999999,0.0,3,0,5,6,17.76322253152121,11.532528589326699,16.019327097413623,5.4971499568612
22200858,2023,02/13/2023,CLE,SAS,8.0,False,29.4,0.0,0,3,4,7,-30.556930693069308,-37.14299530458358,-30.092439957434053,-34.846707577427814
22200859,2023,02/13/2023,IND,UTA,-6.0,False,-3.3999999999999995,0.0,0,0,7,2,0.0,34.77491660457063,0.0,36.16340114310732
22200860,2023,02/13/2023,PHI,HOU,19.0,False,9.3,-1.0,0,1,2,4,-15.469463711723902,-25.509523273990226,-15.368559031215918,-24.133907243874255
22200861,2023,02/13/2023,MIA,DEN,-4.0,False,-2.8,0.0,3,1,6,5,15.706246860337435,-8.093767897230649,17.652815286639804,-1.383432401501473
22200862,2023,02/13/2023,NYK,BKN,18.0,False,3.0999999999999996,0.0,1,1,1,5,7.0796314327125796,-26.199951681831223,8.291033082717163,-23.68714422674165
22200863,2023,02/13/2023,CHI,ORL,-9.0,False,1.0,0.0,1,2,2,5,-2.9064022354198578,-13.35875917676329,-3.6307364679722873,-14.848872701754011
22200864,2023,02/13/2023,OKC,NOP,-3.0,False,3.0999999999999996,0.0,3,2,4,5,-11.163403769812065,-30.622156717452295,-10.524408816507329,-29.24247559241985
22200865,2023,02/13/2023,DAL,MIN,-3.0,False,0.40000000000000013,-1.0,1,0,5,6,2.556101176688595,2.5005039742369455,3.576923130110589,6.5210955803684705
22200866,2023,02/13/2023,GSW,WAS,9.0,False,-3.2,0.0,2,1,5,4,16.94430869816845,6.589565553351747,19.461543108219345,7.562792308645413
22200867,2023,02/13/2023,POR,LAL,12.0,False,3.5,1.0,2,1,4,5,23.575787197424567,-3.476583633379427,25.332346127607902,-0.42881949147957954
22200868,2023,02/14/2023,TOR,ORL,10.0,False,3.1,1.0,1,2,5,6,0.6070931483156059,-4.655057497753898,2.467776296481061,-3.8625932980334134
22200869,2023,02/14/2023,MIL,BOS,6.0,False,6.799999999999999,1.0,1,2,5,5,-12.045992649671332,-30.843499318541657,-13.153948490382996,-35.22918820351047
22200870,2023,02/14/2023,PHX,SAC,11.0,False,7.300000000000001,0.0,2,2,4,5,7.75301826955592,9.961230887339262,6.6840655295447995,9.385495462540824
22200871,2023,02/14/2023,LAC,GSW,10.0,True,0.6000000000000001,2.0,0,3,5,4,-33.18321456848773,-9.020467820916682,-36.36024077946304,-11.410589614395523
22200872,2023,02/14/2023,POR,WAS,-25.0,False,-3.0,0.0,2,1,4,2,21.551680929983977,26.34453630257709,23.25379250050763,27.08198138655559
22200873,2023,02/15/2023,CHA,SAS,10.0,False,11.3,0.0,3,3,5,5,-5.292772764123875,5.057081381494854,-7.286611539733666,-0.25821639905935
22200874,2023,02/15/2023,IND,CHI,4.0,False,-8.700000000000001,0.0,0,2,6,3,-28.658128078817732,-6.829869161343993,-30.789211053182513,-9.09339572834935
22200875,2023,02/15/2023,PHI,CLE,6.0,False,-8.1,0.0,1,0,3,4,3.062743707904998,-8.991133375629037,3.342279839975692,-9.40847072679909
22200876,2023,02/15/2023,ATL,NYK,-21.0,False,1.2000000000000002,0.0,0,1,1,2,-13.885576148267528,-14.53690172628658,-14.596833271441415,-15.50426260993091
22200877,2023,02/15/2023,BOS,DET,18.0,False,12.8,-2.0,2,2,5,3,6.29745738896462,22.38692530416472,8.759832050781268,24.753509825575676
22200878,2023,02/15/2023,BKN,MIA,11.0,True,-5.0,0.0,0,3,6,5,-31.86363746106859,-3.6107760890362073,-33.65702686787966,-6.081432232563486
22200879,2023,02/15/2023,MEM,UTA,6.0,False,-1.6,1.0,4,0,6,2,24.274947241483268,-3.90587520306498,23.52171998556054,-1.6603918868204026
22200880,2023,02/15/2023,OKC,HOU,37.0,False,10.4,0.0,3,1,1,3,-1.133347085478766,-19.531608378633837,-0.2665762442900679,-18.846883126059822
22200881,2023,02/15/2023,DEN,DAL,9.0,False,2.2,0.0,1,2,4,5,-4.471177412705001,5.800211835846824,-7.664227644847645,0.7801920607574218
22200882,2023,02/15/2023,LAL,NOP,18.0,False,-0.7999999999999998,0.0,1,1,4,3,-2.035110645152929,4.123341877344846,-2.8773957059114017,3.4941757088892587
22200883,2023,02/16/2023,CHI,MIL,-12.0,False,-9.3,-1.0,4,3,4,3,2.7194916547126553,2.7194916547126553,6.097831085563016,6.097831085563016
22200884,2023,02/16/2023,MIN,WAS,-8.0,False,-3.5,1.0,0,1,5,4,-5.9668508287292825,-4.082811560877268,-5.235362536989207,-2.942176478160583
22200885,2023,02/16/2023,PHX,LAC,-9.0,False,-0.20000000000000018,0.0,2,1,4,9,6.2468554379238945,-18.046186216282024,7.895750727472157,-16.213757460438003
22200886,2023,02/23/2023,CLE,DEN,-6.0,False,6.699999999999999,0.0,1,2,5,4,-17.229843180466908,-7.1538391754179,-16.88594339425117,-5.04536891018207
22200887,2023,02/23/2023,IND,BOS,-4.0,False,-15.7,0.0,0,0,7,3,0.0,14.440531990143722,0.0,14.281750001429554
22200888,2023,02/23/2023,ORL,DET,2.0,False,5.8,0.0,2,1,4,3,3.2465234325901937,0.831405215190081,2.699416791438657,-0.2594812282823966
22200889,2023,02/23/2023,PHI,MEM,5.0,False,3.8,0.0,0,4,4,5,-26.590257879656164,-9.769091231646545,-27.32714861998212,-10.733444734676684
22200890,2023,02/23/2023,TOR,NOP,5.0,False,5.199999999999999,0.0,1,0,7,5,3.8983710412713912,9.0985709797466,3.905134643164727,6.3431207438611
22200891,2023,02/23/2023,DAL,SAS,26.0,False,14.2,0.0,1,2,4,5,-8.806461698173589,-28.634459424443307,-7.026034414479774,-28.74616823262315
22200892,2023,02/23/2023,UTA,OKC,1.0,False,-8.8,0.0,1,1,2,4,8.831219573026285,-0.8006172022792377,8.165938208100503,-1.915880553156562
22200893,2023,02/23/2023,LAL,GSW,13.0,False,-4.0,0.0,1,3,4,3,-31.737219449704888,-13.293492783317877,-35.01203792398194,-15.897867191944975
22200894,2023,02/23/2023,SAC,POR,17.0,False,2.5,0.0,1,2,1,6,-26.88050939266183,-79.2448764388775,-25.757982380767338,-75.41703410412498
22200895,2023,02/24/2023,WAS,NYK,-6.0,False,1.7999999999999998,0.0,0,1,3,3,-4.085603112840467,1.1089494163424156,-3.81655975041189,-0.6509752056236024
22200896,2023,02/24/2023,ATL,CLE,17.0,False,-9.7,2.0,1,0,2,1,11.241304683876951,6.513926175709853,12.343568466935764,6.220414691683237
22200897,2023,02/24/2023,MIL,MIA,29.0,False,12.299999999999999,0.0,1,1,3,2,-5.361456116800575,4.575571237268926,-6.800419899781527,2.0574273496698154
22200898,2023,02/24/2023,MIN,CHA,-8.0,False,4.8,0.0,1,5,6,5,-25.180989892923158,-3.334128243235348,-24.135865116374838,-2.688315547947674
22200899,2023,02/24/2023,PHX,OKC,9.0,False,-2.4,2.0,1,1,6,3,3.0365117096421663,0.9999180398839442,2.166468007225223,1.9418403174132735
22200900,2023,02/24/2023,CHI,BKN,44.0,False,1.1999999999999997,0.0,0,1,1,5,-1.4245437008458228,-35.72363159604896,-2.146754228251379,-34.67854260236812
22200901,2023,02/24/2023,GSW,HOU,15.0,False,12.299999999999999,-2.0,3,2,4,2,2.8565098786732364,17.696516062009145,5.760474288756313,19.65091706759125
22200902,2023,02/24/2023,LAC,SAC,-1.0,False,-0.49999999999999994,2.0,3,1,9,5,16.964305477681688,34.56884660760862,17.096250071288708,35.349167917486135
22200903,2023,02/25/2023,DET,TOR,-4.0,False,-11.3,0.0,2,2,3,6,-0.6372614848041422,-6.936074734234282,0.18862786892473693,-6.011264559484275
22200904,2023,02/25/2023,CHA,MIA,5.0,False,-0.7000000000000002,0.0,4,1,5,4,12.28992450727985,10.287026275812089,9.643247190052858,6.912337572476698
22200905,2023,02/25/2023,ORL,IND,-13.0,False,8.3,0.0,2,0,4,5,7.441805260893432,-8.68288585236725,6.3387371294182335,-9.206589928744101
22200906,2023,02/25/2023,NYK,NOP,22.0,False,6.9,-1.0,0,0,1,0,0.0,4.102230180693473,0.0,3.832091899811256
22200907,2023,02/25/2023,MEM,DEN,18.0,False,-7.2,0.0,4,2,1,3,1.9990082376382894,-13.131222181817085,2.54470723811799,-13.548330683584416
22200908,2023,02/25/2023,PHI,BOS,-3.0,False,-5.199999999999999,0.0,1,0,4,4,6.088006902502156,-1.4634824947832108,6.063566931901703,-2.675717693156191
22200909,2023,02/25/2023,UTA,SAS,16.0,False,11.8,0.0,1,3,2,6,-11.493621267420854,-22.486922367519888,-11.827167289982556,-23.705217262488958
22200910,2023,02/26/2023,MIL,PHX,3.0,False,10.8,0.0,1,1,5,6,-3.5777006525872186,6.280338248707423,-3.1076055121614363,6.053139434758982
22200911,2023,02/26/2023,ATL,BKN,2.0,False,10.3,0.0,0,2,5,7,-10.351292491241358,-33.93713115378418,-11.886086700196874,-33.427008926070755
22200912,2023,02/26/2023,CHI,WAS,20.0,False,-0.10000000000000009,0.0,2,1,2,3,-16.66303346657954,-35.66094578390731,-14.373116077839615,-31.512352889176782
22200913,2023,02/26/2023,DAL,LAL,-3.0,False,4.3,0.0,1,0,5,5,2.5827490624490466,-8.497857108925661,3.6142132967966307,-6.610254902631237
22200914,2023,02/26/2023,CLE,TOR,25.0,False,5.700000000000001,1.0,0,1,1,2,-17.33766979146738,-16.235234219741542,-15.23678785612214,-14.584305668350208
22200915,2023,02/26/2023,OKC,SAC,-9.0,False,2.6,0.0,2,1,3,5,29.21424234264039,21.333843567071654,28.030708112882028,20.29753662114924
22200916,2023,02/26/2023,GSW,MIN,5.0,False,2.5,0.0,3,1,4,6,32.68012976168958,10.927266085616026,36.1371048463934,15.101132344707509
22200917,2023,02/26/2023,POR,HOU,17.0,False,8.3,1.0,3,2,6,3,-2.9416432715702783,6.753359535841284,-4.386680162039042,5.783526780374245
22200918,2023,02/26/2023,DEN,LAC,10.0,False,5.1,-1.0,2,3,5,6,5.628585364911299,-4.603256949222661,3.7146597834215314,-7.455222473622008
22200919,2023,02/27/2023,CHA,DET,11.0,False,3.6000000000000005,0.0,3,3,4,5,-14.879741182422588,-29.18949506633954,-14.262900699237374,-29.197784210769285
22200920,2023,02/27/2023,PHI,MIA,-2.0,False,9.1,0.0,1,2,4,5,-7.328157541749774,-6.828092400907934,-9.457794756155364,-9.954056766011128
22200921,2023,02/27/2023,NYK,BOS,15.0,False,-1.7000000000000002,0.0,0,1,4,1,-16.975055257341335,-1.2981855823650008,-17.791023660960036,-0.009693704240980594
22200922,2023,02/27/2023,NOP,ORL,-8.0,False,-1.4000000000000001,0.0,1,3,5,6,-3.1155850541297543,2.842222706788217,-2.37522143264275,4.241097788115191
22200923,2023,02/28/2023,ATL,WAS,-3.0,False,3.7,0.0,0,2,6,4,-35.0734150975989,-23.759458583190796,-32.83403450842208,-19.59355170723932
22200924,2023,02/28/2023,BKN,MIL,-14.0,False,-20.700000000000003,0.0,2,1,5,2,10.210090794343923,34.967753387586924,10.614357293341218,34.454254535918906
22200925,2023,02/28/2023,TOR,CHI,6.0,False,-2.8000000000000003,0.0,0,2,6,4,-5.710344827586207,1.9274524949791463,-6.873661724956999,0.07043500788522117
22200926,2023,02/28/2023,HOU,DEN,-21.0,False,-18.2,0.0,1,1,2,4,1.7957569420826287,4.224113278117223,3.4559104509968703,5.562460485954411
22200927,2023,02/28/2023,MEM,LAL,12.0,False,1.0999999999999999,1.0,1,1,4,3,-8.186347574262713,-14.280869537735537,-7.999541085534661,-14.026546084226407
22200928,2023,02/28/2023,OKC,SAC,-6.0,False,2.6,0.0,3,0,4,3,34.30968192939532,10.777025111434856,33.10190466258179,9.186050481171552
22200929,2023,02/28/2023,DAL,IND,-2.0,False,7.4,-1.0,1,0,6,5,2.589928057553957,-8.37849789739328,3.6242593442206887,-4.9728068753666435
22200930,2023,02/28/2023,UTA,SAS,-8.0,False,12.1,0.0,2,2,3,6,16.502081989095508,-6.933656555730629,17.301616863301675,-7.7860899008091025
22200931,2023,02/28/2023,GSW,POR,18.0,False,4.1,0.0,3,3,3,5,6.382340496123902,-3.651426990610304,10.723740994298499,1.024485092493613
22200932,2023,02/28/2023,LAC,MIN,-7.0,False,2.7,0.0,2,1,8,6,3.9098326412891447,9.124913701413256,3.9767521144777813,10.118379269651683
22200933,2023,03/01/2023,CHA,PHX,-14.0,False,-2.3,-1.0,4,2,5,6,22.818842802158784,16.095134341799856,21.969605136180892,14.776220910661685
22200934,2023,03/01/2023,DET,CHI,-2.0,False,-10.2,1.0,3,1,4,4,28.531223689755105,22.70935230963966,27.604869873648894,20.67843337795907
22200935,2023,03/01/2023,BOS,CLE,4.0,False,-6.1000000000000005,-1.0,0,0,4,4,0.0,5.191734002390984,0.0,7.47917526533692
22200936,2023,03/01/2023,MIA,PHI,-23.0,False,-7.8999999999999995,0.0,2,1,3,5,7.4034453300771075,-33.37771137860847,9.54182201829405,-31.34889977345241
22200937,2023,03/01/2023,NYK,BKN,24.0,False,15.5,1.0,1,2,2,4,-13.137739312473098,-13.973008582734845,-13.542923903400862,-15.421853536882011
22200938,2023,03/01/2023,HOU,MEM,-14.0,False,-20.0,0.0,0,1,0,4,-15.475113122171948,-24.085326438267618,-13.961813013046411,-23.082510392553083
22200939,2023,03/01/2023,MIL,ORL,22.0,False,10.200000000000001,-1.0,3,0,3,2,17.20404581641218,7.912081770663084,18.088012424731076,8.762453252514993
22200940,2023,03/01/2023,OKC,LAL,-6.0,False,2.6,0.0,3,3,4,5,-18.547611577444556,-18.551446622549946,-17.39767098224003,-17.24759129854693
22200941,2023,03/01/2023,POR,NOP,-11.0,False,-3.5999999999999996,-1.0,2,2,7,4,-1.8775792040911554,-0.8333970786716378,-3.4049083227839105,-2.1900230062307386
22200942,2023,03/02/2023,WAS,TOR,11.0,False,-1.4,0.0,1,4,3,6,2.6892671746823407,8.535091025704276,2.5934695831654633,6.323536176333164
22200943,2023,03/02/2023,DAL,PHI,7.0,False,-1.9000000000000004,1.0,2,1,7,3,-0.3528132380287321,9.906395399016093,0.9815050274619583,12.148132211208166
22200944,2023,03/02/2023,SAS,IND,11.0,False,-8.9,0.0,3,0,5,5,26.62712711849796,-3.9492854715154735,25.00129509755905,-5.357223841436003
22200945,2023,03/02/2023,GSW,LAC,24.0,False,5.3,0.0,3,3,3,7,26.2288657085894,-0.6659938764026307,29.590639618817377,0.1973387031207139
22200946,2023,03/03/2023,CHA,ORL,-11.0,False,-0.19999999999999996,0.0,4,1,5,4,29.07773531244335,28.629201262252177,27.70808136374285,26.78988151724982
22200947,2023,03/03/2023,ATL,POR,18.0,False,7.0,1.0,0,2,4,5,-15.151418041980449,-25.53797790534187,-14.157362858165385,-23.09377851302733
22200948,2023,03/03/2023,BOS,BKN,-10.0,False,14.3,0.0,0,3,2,6,-18.965634747961936,-10.188092097822945,-20.538935158884357,-12.932532905828115
22200949,2023,03/03/2023,MIA,NYK,-2.0,False,-18.3,0.0,2,0,5,4,13.666285252742817,11.870729723233456,15.806760572977083,12.063132706136578
22200950,2023,03/03/2023,CHI,PHX,-21.0,False,-5.7,0.0,0,1,1,5,-6.380566801619433,-22.609520761412767,-5.957538749620606,-21.585431120638052
22200951,2023,03/03/2023,OKC,UTA,27.0,False,2.4000000000000004,-1.0,4,2,5,3,17.410022687316967,20.747735077341567,16.160113744297547,19.739671263191113
22200952,2023,03/03/2023,DEN,MEM,16.0,False,-1.4,1.0,1,2,2,2,-12.441382562114445,-5.861350866393366,-12.031440931169232,-5.079694806884369
22200953,2023,03/03/2023,GSW,NOP,9.0,False,7.0,-1.0,2,3,3,5,3.998423454630167,-9.446475750245021,8.985970868976793,-5.550397382383316
22200954,2023,03/03/2023,SAC,LAC,1.0,False,3.6999999999999997,2.0,0,6,4,8,-44.28232675240119,-50.95868593293309,-43.718905927024466,-50.795621938338115
22200955,2023,03/03/2023,LAL,MIN,-8.0,False,2.3,-1.0,2,1,4,7,35.63198451174795,14.338433097969244,33.900660018207155,12.353937644319743
22200956,2023,03/04/2023,WAS,TOR,-7.0,False,1.5999999999999999,0.0,1,4,2,6,2.6239189679191632,4.9605325192995,2.5349886045710104,3.1974215078984294
22200957,2023,03/04/2023,CLE,DET,24.0,False,15.7,0.0,0,4,1,5,-50.39895053630681,-52.25586705599245,-51.654105590553854,-52.73771363395024
22200958,2023,03/04/2023,MIA,ATL,8.0,False,-6.699999999999999,0.0,2,0,5,6,13.728813559322035,7.689385705067938,15.879082345342624,8.242818062431695
22200959,2023,03/04/2023,SAS,HOU,-12.0,False,7.399999999999999,-1.0,4,1,7,3,32.5173841959229,37.38078737534359,30.511402379703505,36.00427853293072
22200960,2023,03/04/2023,MIL,PHI,-3.0,False,8.7,1.0,1,0,4,4,3.494788473329246,-5.92533666657523,3.50089397380676,-4.729352632969547
22200961,2023,03/04/2023,SAC,MIN,-4.0,False,4.5,0.0,1,1,3,7,2.4155740942282056,-21.434246364134758,1.9825979726522207,-21.201651268142122
22200962,2023,03/05/2023,DAL,PHX,-4.0,False,-2.9000000000000004,1.0,1,1,6,5,-3.1342482987412104,-0.9099919674725463,-2.359333915712199,1.2652128012581656
22200963,2023,03/05/2023,CHI,IND,-3.0,False,4.8,-1.0,0,0,3,5,0.0,-22.545641738583004,0.0,-21.446132034960225
22200964,2023,03/05/2023,LAL,GSW,8.0,False,-4.6,0.0,2,1,4,4,26.609093293135125,18.031406262417494,23.20076110977955,14.481230665598915
22200965,2023,03/05/2023,BKN,CHA,16.0,False,-5.300000000000001,0.0,2,3,5,4,-14.309144746446137,-6.800461666696378,-13.877354169440363,-5.508055659556192
22200966,2023,03/05/2023,ORL,POR,-3.0,False,7.3,0.0,1,3,5,8,-21.49889100558602,-8.504122033876008,-20.49221963492595,-7.209562670240764
22200967,2023,03/05/2023,HOU,SAS,32.0,False,-4.199999999999999,0.0,0,5,2,7,-42.86746823647067,-43.4666978646046,-43.53847347280218,-45.00171411091023
22200968,2023,03/05/2023,OKC,UTA,10.0,False,9.8,0.0,1,2,5,4,-22.88325646900306,-11.305169434222005,-22.88788383591132,-6.475922345536844
22200969,2023,03/05/2023,BOS,NYK,-2.0,False,-8.1,0.0,1,0,5,4,14.173678361644704,8.960621542174536,14.54815957181412,8.770766775231877
22200970,2023,03/05/2023,LAC,MEM,6.0,False,-8.7,0.0,4,4,8,6,-34.64841901973669,-20.102879642959103,-35.774153122838854,-21.44022643325389
22200971,2023,03/06/2023,CLE,BOS,4.0,False,5.3999999999999995,1.0,0,3,3,3,-49.653876272513706,-37.02585015498482,-50.75301696304609,-37.93782235739014
22200972,2023,03/06/2023,IND,PHI,-4.0,False,-8.9,-1.0,0,0,4,5,0.0,-10.546754789074189,0.0,-10.538464664701468
22200973,2023,03/05/2023,WAS,MIL,-6.0,False,-9.100000000000001,0.0,2,2,3,3,15.390208009354788,18.556445739031076,14.653461030011092,16.787841824149154
22200974,2023,03/06/2023,MIA,ATL,2.0,False,-7.6,0.0,2,1,5,6,13.253832125953162,11.873346310577553,16.366929711850077,13.11723887139594
22200975,2023,03/06/2023,DEN,TOR,5.0,False,8.0,1.0,1,4,5,7,-4.230547071271322,10.19303113235284,-3.715903335413386,8.0212504153603
22200976,2023,03/06/2023,SAC,NOP,15.0,False,3.6,-1.0,0,3,4,5,-27.983805668016196,-7.507237834041476,-26.511685829959514,-6.685093469521007
22200977,2023,03/06/2023,DET,POR,-6.0,False,-3.2,1.0,3,3,6,8,13.066183605700715,10.391128375455637,13.865500773450414,12.24271086041783
22200978,2023,03/07/2023,ORL,MIL,-11.0,False,-12.2,0.0,3,3,5,5,-34.36187211097871,-20.43100785865994,-33.85202168678127,-19.377632252455
22200979,2023,03/07/2023,NYK,CHA,-7.0,False,13.1,0.0,0,3,4,5,-28.8933601609658,-0.7284144286191605,-28.916793724902448,0.07866174320240304
22200980,2023,03/07/2023,MIN,PHI,-23.0,False,-8.0,2.0,1,0,4,3,7.341269841269842,-19.6581290939869,7.035040431266847,-19.22359409591913
22200981,2023,03/07/2023,HOU,BKN,-22.0,False,-2.6000000000000005,0.0,0,2,1,7,-11.657510525899426,-34.92896265276967,-13.00220589708792,-36.27832392288289
22200982,2023,03/07/2023,OKC,GSW,9.0,False,0.6000000000000005,0.0,2,1,6,4,13.994695352342722,20.549871645327023,10.64651991512206,16.756418184347446
22200983,2023,03/07/2023,DAL,UTA,4.0,False,7.4,0.0,1,1,6,5,-7.5990617693636455,-33.52705912482493,-7.0092458364923385,-24.842928737002925
22200984,2023,03/07/2023,LAL,MEM,9.0,False,-3.6000000000000005,0.0,2,3,5,5,-16.93589136356563,-2.6482390247838907,-16.437028013079516,-3.116104531865183
22200985,2023,03/08/2023,WAS,ATL,-2.0,False,-2.4,-1.0,0,1,3,6,-3.631096088845968,-5.112013490367218,-3.0735941737491967,-7.146973853116478
22200986,2023,03/08/2023,BOS,POR,22.0,False,6.2,0.0,1,2,2,4,0.1113295706862587,-6.288532415833661,0.8724364233536672,-3.950275811887309
22200987,2023,03/08/2023,MIA,CLE,-4.0,False,-10.5,0.0,1,0,5,5,8.873039160365648,3.9526869418561184,10.284001596107728,5.967281959630888
22200988,2023,03/08/2023,NOP,DAL,7.0,False,-8.4,1.0,2,3,4,4,2.849830976142229,1.2192348638522397,3.8299239623487296,3.672019988353849
22200989,2023,03/08/2023,DEN,CHI,-21.0,False,5.3,-1.0,1,1,3,2,4.418755861916453,13.72859064308728,3.6870219284876846,12.523012179748463
22200990,2023,03/08/2023,PHX,OKC,31.0,False,0.5999999999999996,2.0,1,3,3,3,-41.82525546138174,-16.849376757039906,-39.247130930198,-15.7639375309843
22200991,2023,03/08/2023,LAC,TOR,8.0,False,-2.3000000000000003,1.0,4,4,8,7,8.298155349193637,19.175950373486643,8.73729903399847,19.02000131508614
22200992,2023,03/09/2023,DET,CHA,-10.0,False,-5.5,0.0,4,3,4,3,15.528994022084476,15.528994022084476,16.381229689737776,16.381229689737776
22200993,2023,03/09/2023,IND,HOU,9.0,False,7.300000000000001,1.0,0,2,4,3,-21.477532368621475,-3.667009047507559,-20.844335724824013,-3.3108068113601625
22200994,2023,03/09/2023,ORL,UTA,-7.0,False,-0.09999999999999964,0.0,3,1,6,5,12.156280856736448,-1.2972635179623282,13.607313014364351,3.772399314723522
22200995,2023,03/09/2023,MIL,BKN,5.0,False,15.9,0.0,2,5,4,5,-27.79666489481171,-20.755881165709383,-28.167407680034778,-20.627255423223552
22200996,2023,03/09/2023,MEM,GSW,21.0,False,-1.5,0.0,3,1,4,4,36.70822264598789,19.414395050025178,32.94808129620732,16.042295101819466
22200997,2023,03/09/2023,SAC,NYK,5.0,False,-7.800000000000001,1.0,0,0,4,3,0.0,-3.0330686330808625,0.0,-4.908623264869089
22200998,2023,03/10/2023,PHI,POR,1.0,False,14.399999999999999,1.0,0,1,3,7,-1.5350573917853685,-10.096848719588845,-1.0688967703753078,-10.649701227584583
22200999,2023,03/10/2023,WAS,ATL,-7.0,False,-1.0,0.0,0,1,3,6,-3.6487142163998056,-5.6684464343181205,-3.088507294436966,-8.776542723771861
22201000,2023,03/10/2023,MIA,CLE,4.0,False,-10.6,0.0,2,0,5,5,12.626244030279075,-11.206353364487036,13.834107351181572,-6.251524040395385
22201001,2023,03/10/2023,MIN,BKN,-1.0,False,3.0,2.0,3,1,7,8,7.074544272047316,-8.160104418852107,5.324820601825673,-10.757498143158962
22201002,2023,03/10/2023,SAS,DEN,8.0,False,-15.7,1.0,0,1,7,4,-6.742857142857143,9.665463337362958,-6.1718620876515615,9.58001151414793
22201003,2023,03/10/2023,LAL,TOR,10.0,False,4.7,1.0,2,4,5,6,19.48082241318487,25.69462361439114,18.881187503685297,24.058572950453545
22201004,2023,03/11/2023,LAC,NYK,11.0,False,-12.100000000000001,1.0,4,1,8,4,0.0013316673958918557,5.700496507217913,0.2837116084685398,3.702288007547324
22201005,2023,03/11/2023,CHA,UTA,-8.0,False,4.7,0.0,1,1,4,4,8.395207314438075,7.438322560053315,8.970180329370933,13.531812415756754
22201006,2023,03/11/2023,DET,IND,-6.0,False,-7.2,0.0,5,1,5,5,46.0101005871071,-10.438613388721848,46.488827058733925,-8.42088808507443
22201007,2023,03/11/2023,ORL,MIA,12.0,False,2.1999999999999997,1.0,2,3,5,5,-9.085094902363007,-6.960466894441115,-7.469238287031198,-6.918940212505834
22201008,2023,03/11/2023,ATL,BOS,-9.0,False,-0.7999999999999999,-2.0,2,2,5,5,-2.7848987642668384,-10.41279063265318,-6.0378109919023935,-14.337565293996722
22201009,2023,03/11/2023,HOU,CHI,-8.0,False,-14.2,-1.0,0,0,3,4,0.0,-1.802782715345245,0.0,-2.6115918844363257
22201010,2023,03/11/2023,MEM,DAL,4.0,False,2.1,-1.0,5,1,6,6,28.51955605966305,-3.4064142337739653,25.39297653855023,-3.4911103160720955
22201011,2023,03/11/2023,NOP,OKC,-14.0,False,-8.8,0.0,2,2,5,5,-1.006251830023018,10.748279176611355,-0.20710237536316,14.229779878654448
22201012,2023,03/11/2023,GSW,MIL,9.0,False,-9.5,0.0,2,2,4,4,-9.040779663076524,-5.565119120788342,-7.571468366091796,-4.484493452834904
22201013,2023,03/11/2023,PHX,SAC,-9.0,False,3.799999999999999,1.0,1,0,4,4,22.906802517231046,22.60930440892074,21.69429068753854,21.952888537871125
22201014,2023,03/12/2023,DEN,BKN,-2.0,False,5.3,0.0,1,1,4,8,-2.576145338919771,-18.146643823735932,-3.9487727687516676,-18.99812423607839
22201015,2023,03/12/2023,CHA,CLE,-6.0,False,-2.5999999999999996,-1.0,1,0,5,4,19.011890805560206,18.764329326121633,19.34855004315731,20.621862208441243
22201016,2023,03/12/2023,PHI,WAS,19.0,False,7.699999999999999,0.0,0,0,1,1,0.0,1.8563865690183468,0.0,0.45443809608525054
22201017,2023,03/12/2023,NOP,POR,17.0,False,1.5999999999999996,-1.0,2,0,2,3,22.708352808205788,-14.14561079051758,24.891953220752818,-7.334391950696407
22201018,2023,03/12/2023,SAS,OKC,-12.0,False,-9.4,1.0,1,2,7,6,-30.002686959402965,-8.927068882560562,-28.096618920842644,-5.728638675570785
22201019,2023,03/12/2023,LAL,NYK,-4.0,False,-3.4000000000000004,1.0,2,1,5,4,11.42279748908052,7.906594082687178,10.566391352476725,4.907736272598434
22201020,2023,03/13/2023,DET,IND,20.0,False,-9.7,0.0,6,4,6,5,8.28356764599745,-0.34183551787906197,9.322909662201283,1.7490795981297396
22201021,2023,03/13/2023,ATL,MIN,-21.0,False,4.7,-1.0,0,2,1,5,-9.842271293375395,-22.948478457822336,-9.173561578676765,-22.758351109760632
22201022,2023,03/13/2023,MIA,UTA,4.0,False,-4.2,0.0,2,1,5,4,-1.2684056532998351,-10.522701944837522,0.13192005705485954,-3.416079804236329
22201023,2023,03/13/2023,DAL,MEM,-16.0,False,-3.4,0.0,1,4,4,4,-25.541524400322235,14.75017459114401,-22.55049041526427,14.549023518588776
22201024,2023,03/13/2023,HOU,BOS,2.0,False,-12.8,0.0,0,2,3,3,-17.193363312141415,2.5852444226716678,-18.81316218782893,2.5125918449782354
22201025,2023,03/13/2023,GSW,PHX,11.0,False,-5.299999999999999,0.0,1,1,4,4,-12.276207061408584,-2.106019545889353,-9.576641388578611,-0.36445443108183895
22201026,2023,03/13/2023,SAC,MIL,-9.0,False,-4.2,0.0,0,1,4,5,-8.003817184145054,-7.538962858111793,-7.724163358567132,-8.993613270314718
22201027,2023,03/14/2023,CHA,CLE,-16.0,False,-4.0,0.0,2,2,2,3,-5.779254915451716,-8.171139592440504,-4.206199141143337,-6.542147521669747
22201028,2023,03/14/2023,WAS,DET,20.0,False,-0.39999999999999947,1.0,1,7,2,7,-54.97726204547225,-49.59862477816699,-53.9270434853579,-48.71631372899869
22201029,2023,03/14/2023,TOR,DEN,15.0,False,-4.5,1.0,2,1,5,3,-3.354974527621562,-5.806535371433357,-3.293199971540952,-5.035741347282542
22201030,2023,03/14/2023,NOP,LAL,-15.0,False,-9.899999999999999,0.0,1,2,3,2,-24.37505697156636,-12.425657036438235,-21.668741051757486,-9.132542326119815
22201031,2023,03/14/2023,OKC,BKN,14.0,False,4.9,0.0,3,3,5,8,7.348767786082284,-2.4101992157761387,4.82065752609396,-6.063578109385155
22201032,2023,03/14/2023,SAS,ORL,18.0,False,-5.6000000000000005,-1.0,3,1,7,4,18.120990120990122,29.62342287342287,17.25419014417941,29.806778601881522
22201033,2023,03/14/2023,PHX,MIL,-12.0,False,-2.8999999999999995,0.0,1,3,5,4,-0.6350848141804768,15.204474927409628,-3.063277153436669,12.768986247230373
22201034,2023,03/14/2023,POR,NYK,-16.0,False,-13.0,0.0,0,0,4,4,0.0,-9.337314910057511,0.0,-10.05033449707691
22201035,2023,03/15/2023,CLE,PHI,-9.0,False,-1.7999999999999998,-2.0,1,0,5,4,20.376554174067497,17.229250082788926,18.993305096324637,14.948477176479283
22201036,2023,03/15/2023,MIA,MEM,19.0,False,-7.5,0.0,3,3,4,3,-21.98099974744396,-15.495786452494997,-19.85844056213068,-12.232121220338964
22201037,2023,03/15/2023,CHI,SAC,-3.0,False,-0.09999999999999964,1.0,1,1,3,4,-2.024341480680035,-0.2760920432891574,-1.2905641749402097,0.8183535661471311
22201038,2023,03/15/2023,HOU,LAL,4.0,False,-10.0,1.0,0,3,3,5,-53.3417882054534,-47.71027380875536,-53.59289868655688,-46.50308432423596
22201039,2023,03/15/2023,MIN,BOS,-2.0,False,-1.1,0.0,2,2,7,4,-7.509781438462282,1.74989277617793,-9.815894448589214,-1.3820386928327721
22201040,2023,03/15/2023,SAS,DAL,-9.0,False,-5.5,-1.0,4,1,7,6,17.140371151116835,-5.170719141402479,15.074522867900491,-3.5815147770618907
22201041,2023,03/15/2023,LAC,GSW,8.0,False,-5.2,1.0,4,2,7,4,4.327917158467043,6.287263359856269,2.2267799787804385,4.703050284245922
22201042,2023,03/16/2023,DET,DEN,-19.0,False,-5.9,0.0,6,1,6,4,51.308227079903375,36.308227079903375,53.33294922181287,38.32873875898522
22201043,2023,03/16/2023,BKN,SAC,-5.0,False,-4.4,1.0,3,1,6,3,11.340733868921088,21.26097485294979,12.51251405766831,22.583373162127305
22201044,2023,03/16/2023,TOR,OKC,17.0,False,-5.6,0.0,1,2,5,2,-10.443618291375076,6.523216085871047,-8.965587240045306,9.708964562819446
22201045,2023,03/16/2023,MIL,IND,-16.0,False,7.2,-1.0,1,2,4,5,-8.042138203428307,-10.76587958065246,-5.411717693869813,-7.494691005605965
22201046,2023,03/16/2023,PHX,ORL,3.0,False,7.6,0.0,1,1,6,5,17.238605677266715,23.98691871225717,16.008398326800343,25.372373449727192
22201047,2023,03/17/2023,CHA,PHI,-39.0,False,-10.8,1.0,2,0,2,2,33.762933381738975,20.046228495515653,34.599076367884805,20.432672589722007
22201048,2023,03/17/2023,ATL,GSW,8.0,False,-2.7,1.0,2,3,6,5,-18.967712852643295,-18.7017120654509,-20.531861306031168,-17.791000838050245
22201049,2023,03/17/2023,CLE,WAS,23.0,False,7.0,-1.0,1,0,2,0,20.143985952589993,22.503950834064973,18.77652461673533,21.081299673834177
22201050,2023,03/17/2023,CHI,MIN,8.0,False,5.7,0.0,0,2,2,6,-9.81619473422752,-19.219623104920437,-9.149256729321104,-18.572253145345933
22201051,2023,03/17/2023,HOU,NOP,2.0,False,1.2000000000000002,-1.0,1,1,3,5,-2.9498062457260086,-18.20542511967176,-3.4652176230294547,-18.554475096825612
22201052,2023,03/17/2023,SAS,MEM,-6.0,False,-9.7,0.0,3,2,6,5,-13.686989947102813,-7.294444918698552,-14.70564333676019,-7.630073811448845
22201053,2023,03/17/2023,POR,BOS,-14.0,False,-8.4,1.0,0,2,6,4,-17.384760112888056,-4.729648946081689,-19.022590616072243,-7.681623311611311
22201054,2023,03/17/2023,LAL,DAL,-1.0,False,1.2999999999999998,0.0,2,1,5,5,8.878946352175944,7.207875140453034,5.796322800715934,3.7901830456038113
22201055,2023,03/18/2023,NYK,DEN,6.0,False,5.5,1.0,0,0,4,5,0.0,-11.010215212189948,0.0,-9.485025667959246
22201056,2023,03/18/2023,LAC,ORL,-5.0,False,4.5,1.0,5,2,8,5,25.617940026548304,19.257066582428564,23.12895196752823,18.142840053917084
22201057,2023,03/18/2023,IND,PHI,-20.0,False,-10.2,1.0,3,0,6,3,36.247779644260824,17.857983673052168,34.51811796462989,17.31562599840973
22201058,2023,03/18/2023,TOR,MIN,15.0,False,-0.30000000000000004,1.0,1,0,4,4,3.765729377038993,-19.09185698073118,3.9377235415226983,-17.31681473569277
22201059,2023,03/18/2023,WAS,SAC,-14.0,False,-6.8,-1.0,0,0,1,3,0.0,-4.197244070420332,0.0,-3.291755871689272
22201060,2023,03/18/2023,CHI,MIA,14.0,False,7.2,-2.0,0,3,2,4,-14.228999605626395,-17.523615570712348,-16.124627669918606,-20.35752018470832
22201061,2023,03/18/2023,MEM,GSW,14.0,False,0.5999999999999999,0.0,3,2,3,3,21.555227404834568,14.17729412378251,20.354947962355496,13.44383892299647
22201062,2023,03/18/2023,UTA,BOS,1.0,False,-4.5,2.0,1,4,4,4,-28.257090921070358,-5.46518640628053,-31.54909976668943,-14.094816092087953
22201063,2023,03/19/2023,BKN,DEN,-6.0,False,-3.0,2.0,3,0,6,4,15.951701582528816,7.155275506019521,16.55693451142858,5.502721166171494
22201064,2023,03/19/2023,OKC,PHX,4.0,False,-2.1,0.0,2,2,3,5,-29.002425239680782,-33.0583205793575,-26.83450735798675,-32.3505332726121
22201065,2023,03/19/2023,SAS,ATL,8.0,False,-3.6,0.0,3,1,8,6,22.047105441711505,24.838190119236852,19.454719529088443,23.082428561684623
22201066,2023,03/19/2023,DET,MIA,-12.0,False,-6.2,2.0,4,2,6,5,33.133576668291816,28.012371011597804,32.825885448288936,26.694348974654197
22201067,2023,03/19/2023,HOU,NOP,-10.0,False,2.8,0.0,1,1,3,4,-2.9143065220909525,-11.686357015698334,-3.4250408380206334,-12.525091518501885
22201068,2023,03/19/2023,MIL,TOR,7.0,False,5.0,2.0,2,3,5,7,4.449949729136332,2.247090558332669,6.152758923776315,4.428192051102037
22201069,2023,03/19/2023,POR,LAC,-15.0,False,-9.3,1.0,1,3,7,7,-5.087354789529034,-3.443763766981405,-2.7845938637075545,-1.785682110588077
22201070,2023,03/19/2023,LAL,ORL,6.0,False,4.699999999999999,1.0,2,2,5,5,16.641552422528683,6.464633264891241,14.760484719077839,5.849333625539636
22201071,2023,03/20/2023,CHA,IND,6.0,False,-7.6,1.0,2,1,2,5,13.667578009565581,-10.19706301477261,14.75334645127101,-7.16823564847995
22201072,2023,03/20/2023,PHI,CHI,-4.0,False,9.4,0.0,0,1,4,3,-2.4430871737923376,7.59908068648981,-2.6118822876179904,6.415243184838287
22201073,2023,03/20/2023,NYK,MIN,-6.0,False,6.0,0.0,0,0,4,5,0.0,-16.05551162773512,0.0,-14.06492489324435
22201074,2023,03/20/2023,HOU,GSW,-13.0,False,0.3999999999999999,-1.0,1,2,4,4,-4.985344513822737,8.480079170561485,-6.84237043621104,9.88740823686284
22201075,2023,03/20/2023,MEM,DAL,4.0,False,4.0,-1.0,3,0,5,6,36.631359611043585,0.9632838803993664,36.87530538163517,0.426707774588472
22201076,2023,03/20/2023,UTA,SAC,8.0,False,-6.5,0.0,3,0,5,2,45.00774926812468,38.217713614634114,46.092396958652515,34.51373173716439
22201077,2023,03/21/2023,ORL,WAS,10.0,False,0.2999999999999998,-1.0,2,1,6,3,-0.29987480778856934,11.954706558435323,-1.580797494961919,11.480942647768593
22201078,2023,03/21/2023,ATL,DET,22.0,False,6.5,0.0,2,5,2,6,-33.42108091112075,-38.75359700060894,-31.54066515984597,-37.37686171812863
22201079,2023,03/21/2023,BKN,CLE,-6.0,False,-8.8,-1.0,3,0,7,5,16.1554190598805,19.820171759696155,16.76838135387952,17.20697580908952
22201080,2023,03/21/2023,NOP,SAS,35.0,False,0.0,0.0,1,5,1,7,-47.607007612986955,-56.011100580388316,-43.62235443708193,-52.770510439235835
22201081,2023,03/21/2023,SAC,BOS,-23.0,False,-0.10000000000000009,-2.0,1,1,1,2,9.63207393042003,4.6352048008019935,7.746804024114954,2.35153871540434
22201082,2023,03/21/2023,LAC,OKC,-1.0,False,-3.5,0.0,4,1,6,4,10.580379631381021,0.6529270415640198,9.826112230765258,-0.1180098920973407
22201083,2023,03/22/2023,WAS,DEN,-14.0,False,-8.1,-2.0,1,0,2,2,14.96316703599449,22.963484633862127,16.31062152311753,23.504510478241627
22201084,2023,03/22/2023,MIA,NYK,7.0,False,-0.8,1.0,1,0,6,4,4.755643934963153,9.791381808038725,5.67019084553299,12.879166891477368
22201085,2023,03/22/2023,TOR,IND,-4.0,False,4.4,1.0,1,0,6,5,3.953033268101761,-3.1777932043989026,4.133582263010699,4.213080108934868
22201086,2023,03/22/2023,DAL,GSW,-2.0,False,1.0,0.0,0,2,7,4,-15.093592729818123,23.44221962219765,-16.538355894767534,18.91171351336289
22201087,2023,03/22/2023,CHI,PHI,-25.0,False,-8.299999999999999,0.0,1,0,2,2,2.308095820947718,-19.439049855109644,2.4675642594859237,-19.40705339879861
22201088,2023,03/22/2023,MEM,HOU,5.0,False,2.5,0.0,3,2,5,3,8.328635377203538,8.734308199792974,10.77291139088812,11.683294970475618
22201089,2023,03/22/2023,MIL,SAS,36.0,False,10.5,2.0,2,5,3,8,-23.868105790219815,-41.87796887155192,-22.73927185816244,-40.40620237627091
22201090,2023,03/22/2023,MIN,ATL,1.0,False,-1.2,1.0,2,2,7,5,-13.10888397643388,9.178501768528342,-14.784151193347343,7.815479412661077
22201091,2023,03/22/2023,UTA,POR,-12.0,False,9.2,-1.0,2,3,3,7,-5.555197320397529,-13.425010496621429,-7.038586159797681,-20.63896480058833
22201092,2023,03/22/2023,LAL,PHX,11.0,False,0.30000000000000027,0.0,2,2,5,5,-9.620788556857512,-14.133871803993173,-9.045402419369236,-13.533270819695765
22201093,2023,03/23/2023,ORL,NYK,5.0,False,-0.4,1.0,2,0,6,4,14.508780466227273,-0.22781559522718453,14.570346767299272,-1.529185933011604
22201094,2023,03/23/2023,BKN,CLE,-2.0,False,-5.1,0.0,3,0,7,5,16.20658080458713,20.026161541699942,16.821484256552033,17.414632353815623
22201095,2023,03/23/2023,NOP,CHA,19.0,False,11.2,-1.0,1,2,1,2,-26.466426439427366,-26.466426439427366,-26.377177301403236,-26.377177301403236
22201096,2023,03/23/2023,LAC,OKC,22.0,False,-3.3,0.0,5,1,5,1,26.473099955574327,26.473099955574327,26.471171274969645,26.471171274969645
22201097,2023,03/24/2023,BOS,IND,25.0,False,7.3999999999999995,1.0,0,0,3,2,0.0,5.312742732076305,0.0,9.85615384997222
22201098,2023,03/24/2023,WAS,SAS,12.0,False,3.500000000000001,0.0,2,3,4,8,12.626979175132533,-14.140796696646127,15.14329796740833,-12.629218452650989
22201099,2023,03/24/2023,TOR,DET,21.0,False,11.0,-1.0,1,5,6,6,-43.76546107860218,-15.46478455444526,-44.121199446243985,-9.662183517908552
22201100,2023,03/24/2023,MEM,HOU,37.0,False,6.300000000000001,0.0,3,2,3,3,1.9152884196548694,-1.4943056762860927,3.3352853486660905,0.038405107136401995
22201101,2023,03/24/2023,DAL,CHA,-8.0,False,7.6,1.0,0,1,7,4,-20.10270940322295,-22.639564232983872,-20.45868466578578,-23.117844314874446
22201102,2023,03/24/2023,UTA,MIL,-28.0,False,-9.899999999999999,0.0,4,3,5,4,22.659008142163977,24.474212435645015,22.35020570563986,18.520676201646527
22201103,2023,03/24/2023,GSW,PHI,8.0,False,-17.2,0.0,2,0,4,5,15.058154935343271,-19.64677080423183,16.49952598411327,-18.601158370383754
22201104,2023,03/24/2023,POR,CHI,-28.0,False,-8.7,0.0,2,2,6,3,3.322280942253453,44.40070027096829,1.909316577779375,40.334108257630334
22201105,2023,03/24/2023,SAC,PHX,8.0,False,-1.9000000000000001,1.0,0,2,2,6,-41.11950244335851,-52.40058746317344,-38.711863291427726,-51.2550930652998
22201106,2023,03/24/2023,LAL,OKC,5.0,False,4.8,1.0,2,1,5,4,21.535836517207564,20.98710347957197,19.63994537449911,19.405888235940257
22201107,2023,03/25/2023,ATL,IND,13.0,False,2.7,2.0,1,0,5,5,6.683442375440363,-11.589732516245377,6.561978928446199,-9.208636021598032
22201108,2023,03/25/2023,MIA,BKN,-29.0,False,2.3000000000000003,1.0,3,2,4,5,0.043216237313760786,-10.033499030471788,0.4798896108325721,-6.785415736083895
22201109,2023,03/25/2023,DEN,MIL,23.0,False,-8.1,2.0,0,2,2,3,-11.330013360864811,-2.9895013133284483,-12.899173886620872,-4.516848998548495
22201110,2023,03/25/2023,PHX,PHI,20.0,False,-12.4,0.0,2,0,4,3,40.91351112420804,16.957924804334425,38.517933226316686,15.33858040590021
22201111,2023,03/25/2023,SAC,UTA,8.0,False,8.0,0.0,0,4,2,5,-47.43824961837609,-23.050060143557907,-47.01040841973992,-18.46329068742849
22201112,2023,03/25/2023,LAC,NOP,-21.0,False,0.6000000000000001,0.0,4,1,4,3,26.445187074717424,16.65378777270398,25.62074000821749,16.18958677896203
22201113,2023,03/26/2023,CHA,DAL,6.0,False,-4.199999999999999,0.0,1,0,4,6,18.044825941821646,34.247587287753944,18.364360563931378,35.254574130666086
22201114,2023,03/26/2023,LAL,CHI,-10.0,False,2.4,0.0,1,2,5,3,-1.7438683872915242,22.777028148818957,-2.1658678434997958,21.391956315606954
22201115,2023,03/26/2023,ATL,MEM,-4.0,False,-6.800000000000001,-1.0,1,3,5,4,-9.121127686290636,1.6713756110248532,-10.653304445815596,0.8868207024637016
22201116,2023,03/26/2023,BOS,SAS,44.0,False,19.4,0.0,0,2,2,5,-16.271125762615792,-13.019400598198061,-14.782011419144304,-7.551277708121784
22201117,2023,03/26/2023,CLE,HOU,17.0,False,16.8,1.0,1,2,4,3,-11.845540174936449,-2.197906586812536,-11.140122309779162,-1.2441868970375545
22201118,2023,03/26/2023,ORL,BKN,13.0,False,-3.2,2.0,1,3,3,5,-13.228532801250445,-15.683764465634292,-14.117660360887502,-14.906083195307637
22201119,2023,03/26/2023,TOR,WAS,10.0,False,9.6,0.0,1,3,4,4,-42.40900129898578,-30.465988131062215,-42.79211411862641,-29.187501702277267
22201120,2023,03/26/2023,POR,OKC,-6.0,False,-7.1,0.0,4,1,6,4,50.654090488856205,39.738184188929495,49.91977202559444,39.97514143026888
22201121,2023,03/26/2023,GSW,MIN,-3.0,False,-0.7999999999999999,-1.0,2,2,5,6,6.743809303853988,4.485987611853254,8.698636475825417,5.618573416486374
22201122,2023,03/27/2023,DET,MIL,-9.0,False,-15.8,1.0,4,1,5,4,23.86152381611767,-3.1258403948583435,25.05634258380185,-0.1905590953562779
22201123,2023,03/27/2023,IND,DAL,-23.0,False,-2.0,1.0,2,0,6,1,18.84190022901199,58.64725406065879,17.893207652739175,57.852711732971635
22201124,2023,03/27/2023,NYK,HOU,22.0,False,7.8,2.0,0,2,3,2,-13.584078875296694,13.506979369165979,-13.562083611596218,12.723193675696425
22201125,2023,03/27/2023,UTA,PHX,-14.0,False,-4.5,0.0,4,1,6,4,9.371822109486317,5.771659143693022,9.92447176713469,-0.29417312541406204
22201126,2023,03/27/2023,DEN,PHI,5.0,False,-8.9,0.0,0,1,5,2,-32.10324380885944,-29.448894964474796,-29.99785701568593,-26.000335408019904
22201127,2023,03/27/2023,POR,NOP,-34.0,False,-16.4,-1.0,4,1,6,1,56.544283657852866,69.64073035836049,54.92727954790376,67.72926413353096
22201128,2023,03/27/2023,SAC,MIN,-4.0,False,2.5999999999999996,1.0,0,2,4,7,-20.39239360096589,-23.884752893270058,-19.531307388994012,-23.414546946581925
22201129,2023,03/27/2023,LAC,CHI,12.0,False,-2.0,1.0,4,2,5,3,27.128259889494714,22.438293238901508,28.90970876356229,23.881074740476684
22201130,2023,03/28/2023,WAS,BOS,19.0,False,-19.9,0.0,2,0,3,1,34.35852061582021,40.94295400699436,35.12105822158378,43.958691816543066
22201131,2023,03/28/2023,ATL,CLE,2.0,False,-5.6,0.0,1,2,6,6,-1.737971539218889,-17.03963455949375,-1.9233833623328094,-15.438356295349067
22201132,2023,03/28/2023,TOR,MIA,14.0,False,5.5,-1.0,1,2,7,3,-5.612002307884673,-1.5874036133977185,-6.41203630407149,1.2605142695523988
22201133,2023,03/28/2023,MEM,ORL,5.0,False,9.2,0.0,3,2,5,4,6.912470607095424,19.519009841223834,7.990404795958744,19.733579678257115
22201134,2023,03/28/2023,OKC,CHA,-3.0,False,2.6999999999999997,0.0,3,2,4,6,6.676039812102516,-31.475879292573325,6.454545949787487,-31.402478805045064
22201135,2023,03/28/2023,GSW,NOP,11.0,False,-12.299999999999999,1.0,2,1,4,5,7.530945687969012,-0.1955807740182145,7.978876708573849,0.025732237156059767
22201136,2023,03/29/2023,IND,MIL,-13.0,False,-13.0,0.0,3,1,5,3,30.720613026268442,30.913376596093627,28.82329463188706,30.725041827369036
22201137,2023,03/29/2023,BKN,HOU,9.0,False,8.5,1.0,3,2,7,3,1.624595721648765,18.531198824125358,2.377184567452323,18.210547594610325
22201138,2023,03/29/2023,NYK,MIA,9.0,False,3.4000000000000004,1.0,0,3,4,4,-17.593566194591396,-4.3327135961215255,-19.796150118439485,-4.87860971122651
22201139,2023,03/29/2023,PHI,DAL,8.0,False,9.0,0.0,0,1,5,6,-2.5599999999999996,1.2023640418949384,-2.2574028856825747,3.2887615067127314
22201140,2023,03/29/2023,CHI,LAL,-11.0,False,1.5999999999999996,-1.0,0,2,2,2,-9.545454545454547,0.9302269083134913,-9.540103138029405,1.8760943614213677
22201141,2023,03/29/2023,MEM,LAC,-9.0,False,2.0999999999999996,-1.0,2,3,6,7,-10.292584694236234,15.093369161261194,-12.481155228596108,13.026554212318615
22201142,2023,03/29/2023,OKC,DET,1.0,False,10.5,-1.0,3,5,4,5,-10.554328311387273,-4.955913918949406,-11.231364979577279,-5.647830280374407
22201143,2023,03/29/2023,SAS,UTA,-11.0,False,-7.4,1.0,4,4,8,6,-6.725240843489203,-11.779288601938198,-9.112120232707305,-3.354985165620036
22201144,2023,03/29/2023,PHX,MIN,7.0,False,2.7,0.0,0,1,6,7,-2.3181406580138844,-0.3051500397779634,-1.940602178407741,-0.0656385313365746
22201145,2023,03/29/2023,POR,SAC,-40.0,False,-14.4,0.0,4,0,8,0,64.42329407969027,86.80109695112114,63.71615356374045,85.67983176352152
22201146,2023,03/30/2023,MIL,BOS,-41.0,False,-5.1,-1.0,0,0,1,1,0.0,0.05205671537825607,0.0,-1.0532375542734007
22201147,2023,03/30/2023,DEN,NOP,-19.0,False,-7.9,1.0,0,1,3,5,-6.887061587514684,15.233122497886153,-7.819684510823964,15.473559194692712
22201148,2023,03/31/2023,CHA,CHI,-30.0,False,-7.6,1.0,2,0,5,2,31.042906357657376,57.170356918348816,31.101548153140676,53.91112903543677
22201149,2023,03/31/2023,IND,OKC,4.0,False,-8.5,0.0,2,1,6,5,16.467976814465246,25.64163840974441,15.68442535903539,24.012059531476275
22201150,2023,03/31/2023,PHI,TOR,7.0,False,2.000000000000001,-1.0,0,0,4,6,0.0,0.5133314032025851,0.0,-1.0194476834201112
22201151,2023,03/31/2023,WAS,ORL,-7.0,False,-5.199999999999999,0.0,2,2,3,5,25.140542680275924,33.414261554980186,25.565860833882535,32.04734463410966
22201152,2023,03/31/2023,BOS,UTA,8.0,False,16.7,-1.0,0,4,3,6,-45.42849562218095,-25.485782166664066,-45.58246573631547,-19.19832856095131
22201153,2023,03/31/2023,BKN,ATL,17.0,False,-1.4,-1.0,3,1,5,1,4.739736278243463,12.191223988463385,4.939387444189684,12.145722535923023
22201154,2023,03/31/2023,CLE,NYK,-14.0,False,3.6000000000000005,1.0,2,1,4,4,-7.496180781932502,0.846039695126592,-7.495511377601732,-3.056805012309411
22201155,2023,03/31/2023,HOU,DET,6.0,False,-0.5,0.0,2,5,2,5,-32.47998915879678,-32.47998915879678,-33.01854319610677,-33.01854319610677
22201156,2023,03/31/2023,MEM,LAC,14.0,False,0.5,0.0,3,3,5,4,-9.108653493789628,-5.184577842135518,-10.694596111009318,-6.0487418110193225
22201157,2023,03/31/2023,MIN,LAL,-12.0,False,-3.6999999999999997,0.0,1,1,7,4,4.466095280598367,18.633938107988236,3.5453045167940154,17.87212432996378
22201158,2023,03/31/2023,GSW,SAS,15.0,False,16.0,1.0,2,3,4,8,-13.939528536757301,-28.409235944551455,-10.695394526312345,-28.032810725199845
22201159,2023,03/31/2023,POR,SAC,-24.0,False,-19.3,0.0,5,1,7,1,63.951230156025,73.34137747108915,62.96186919447857,72.05360612869376
22201160,2023,03/31/2023,PHX,DEN,7.0,True,-2.8,1.0,0,0,6,6,0.0,-53.414490404721626,0.0,-53.57412293483393
22201161,2023,04/01/2023,MIA,DAL,7.0,False,-1.7000000000000002,0.0,2,0,5,6,9.717570607348163,15.32487592162985,10.714460072806144,20.26166895753055
22201162,2023,04/01/2023,NOP,LAC,8.0,False,9.1,1.0,1,2,5,7,-14.30729800979362,-12.896445167345853,-16.332917212774607,-15.26169892360236
22201163,2023,04/02/2023,CHA,TOR,-20.0,False,-15.9,0.0,2,0,7,4,30.76827564799007,70.6493311335071,30.826398650621815,64.98370394002704
22201164,2023,04/02/2023,BKN,UTA,1.0,False,5.699999999999999,0.0,3,3,7,5,-12.865094216806995,-2.480117090545164,-11.41399425930377,-1.8351898976628078
22201165,2023,04/02/2023,CHI,MEM,21.0,False,-1.7999999999999998,0.0,0,2,2,2,-14.206241519674355,-6.300359166733179,-14.88047743164529,-6.716051156095281
22201166,2023,04/02/2023,MIN,POR,-2.0,False,17.3,0.0,1,6,6,8,-61.19980003426748,-53.151168022249976,-61.13802503638674,-52.717538251860965
22201167,2023,04/02/2023,ATL,DAL,2.0,False,0.30000000000000004,1.0,1,0,6,5,10.56194989844279,9.99117551706609,11.09862914716158,10.98153512217564
22201168,2023,04/02/2023,NYK,WAS,9.0,False,8.8,0.0,1,4,4,4,-50.603482916665364,-30.34348620776295,-47.22723641948858,-23.718623250534456
22201169,2023,04/02/2023,ORL,DET,26.0,False,11.6,0.0,2,5,3,5,-36.814857728692225,-30.73994569021184,-36.997930860326534,-30.476176209634335
22201170,2023,04/02/2023,SAC,SAS,-8.0,False,20.9,0.0,1,3,4,7,-23.403092303131572,-25.299893397328056,-22.80059312609646,-26.269034648431237
22201171,2023,04/02/2023,HOU,LAL,-25.0,False,-14.2,0.0,2,1,2,1,7.12556694150785,7.12556694150785,7.127982934417199,7.127982934417199
22201172,2023,04/02/2023,OKC,PHX,-10.0,True,-3.0,0.0,1,0,5,4,9.40019967744413,14.090543458955068,9.466946657402312,13.670062215558836
22201173,2023,04/02/2023,CLE,IND,10.0,False,13.7,0.0,1,2,5,6,-19.066640087973333,-38.318822010030544,-17.558379921922317,-35.00795679631618
22201174,2023,04/02/2023,MIL,PHI,13.0,False,-3.6999999999999997,1.0,0,0,1,1,0.0,-0.6000376119299644,0.0,-1.2234941405128104
22201175,2023,04/02/2023,DEN,GSW,2.0,False,-0.9000000000000001,0.0,0,1,5,5,-4.445186658367366,26.544956714938024,-4.505913252060909,28.934514601134737
22201176,2023,04/04/2023,CHA,TOR,-20.0,False,-20.1,0.0,5,0,7,3,67.7578338910861,73.61799772009533,64.23623540133032,68.48886552637755
22201177,2023,04/04/2023,DET,MIA,-13.0,False,-8.7,-1.0,6,0,6,6,54.12247180538726,25.01794339878532,54.76218833202508,23.01936939075164
22201178,2023,04/04/2023,ORL,CLE,-4.0,False,-2.1,0.0,1,1,6,5,-0.5713441021870977,7.673003137318542,-1.3640377190543953,6.85023845431591
22201179,2023,04/04/2023,WAS,MIL,-12.0,False,-7.4,0.0,5,2,7,4,54.705019487728926,60.33084234974086,53.858143133956304,58.74871941295093
22201180,2023,04/04/2023,BKN,MIN,-5.0,False,4.2,0.0,1,1,8,7,-1.3976803208942883,-0.7328083532660941,0.38779148429737376,-0.13703957832026958
22201181,2023,04/04/2023,PHI,BOS,2.0,False,-8.6,-1.0,0,1,5,3,-13.810945273631843,-15.79584924979325,-14.01449893390192,-16.016854446213124
22201182,2023,04/04/2023,CHI,ATL,-18.0,False,7.1000000000000005,0.0,0,1,2,3,-10.496215306980655,-24.473612144714718,-11.029554415715829,-24.733062069254174
22201183,2023,04/04/2023,HOU,DEN,21.0,False,-15.2,0.0,2,0,3,3,13.53711790393013,3.110825642197284,13.51519867916894,2.596626512385832
22201184,2023,04/04/2023,MEM,POR,10.0,False,22.200000000000003,0.0,2,6,5,10,-55.862042590440836,-69.05212669703198,-54.20890506601911,-67.22394292931139
22201185,2023,04/04/2023,NOP,SAC,-18.0,False,6.200000000000001,1.0,1,1,2,1,4.67488825626309,14.002363754742303,5.857947962638008,14.75757621542611
22201186,2023,04/04/2023,UTA,LAL,-2.0,False,-12.5,0.0,4,1,5,5,49.54116084669967,28.19474774143226,49.42636015912222,29.62239327978473
22201187,2023,04/04/2023,GSW,OKC,11.0,False,6.300000000000001,0.0,1,1,3,4,-4.960269279396558,1.6994358233932765,-4.9961890836628875,-2.3104173089176676
22201188,2023,04/04/2023,PHX,SAS,21.0,True,17.8,0.0,0,6,2,7,-57.78514927277367,-51.07193351600152,-55.1594514397835,-48.58168131448976
22201189,2023,04/05/2023,DET,BKN,-15.0,False,-16.8,0.0,6,0,7,5,53.7069922308546,33.30239434496522,54.34179787405634,32.83992917766156
22201190,2023,04/05/2023,IND,NYK,-9.0,False,-14.8,0.0,2,2,6,4,-13.667034548273989,4.30095707674716,-13.3823384832275,1.228289501449261
22201191,2023,04/05/2023,ATL,WAS,18.0,False,10.3,0.0,1,6,2,7,-79.97556217309251,-73.1275733275362,-77.10147233979302,-71.45919948495614
22201192,2023,04/05/2023,BOS,TOR,4.0,False,3.5999999999999996,0.0,1,0,4,5,13.945196434466823,36.95590246663208,12.330665995902049,35.81115674857482
22201193,2023,04/05/2023,MIL,CHI,13.0,False,-0.2999999999999998,0.0,2,1,5,4,7.121228164668512,27.051517595351918,7.268803728707125,26.617192440724796
22201194,2023,04/05/2023,NOP,MEM,7.0,False,5.2,0.0,1,3,5,6,-8.514945853121459,-33.44859181790112,-8.608276167209638,-31.681863866095107
22201195,2023,04/05/2023,DAL,SAC,4.0,False,-7.300000000000001,2.0,0,1,6,4,-2.2438294689603593,2.5683371047735477,-2.0015874711889245,3.184636996893655
22201196,2023,04/05/2023,LAC,LAL,7.0,False,-4.0,2.0,1,0,7,4,16.367352500340647,23.219840322979096,17.14433643756697,26.890240929371576
22201197,2023,04/06/2023,ORL,CLE,-24.0,False,-0.5,0.0,1,6,7,6,-91.01754705064496,-9.833886327065429,-87.04311457231817,-9.62267705870498
22201198,2023,04/06/2023,PHI,MIA,-28.0,False,1.6,0.0,0,0,2,3,0.0,6.0391698725078236,0.0,1.9865661456567487
22201199,2023,04/06/2023,SAS,POR,2.0,False,-0.6999999999999993,0.0,5,6,6,10,-28.88688425620979,-51.17904004116902,-28.8910946983994,-48.31401625027609
22201200,2023,04/06/2023,UTA,OKC,-16.0,False,-1.0,0.0,5,2,6,2,47.81442861177938,60.884308129851675,46.944013209989485,59.060194223990926
22201201,2023,04/06/2023,PHX,DEN,4.0,True,4.300000000000001,0.0,0,0,4,6,0.0,-71.52329413146433,0.0,-72.49024591899786
22201202,2023,04/07/2023,CHA,HOU,-3.0,False,-1.0,0.0,5,2,6,3,52.97068057737019,59.07917327188785,49.53868748633147,53.91153338243727
22201203,2023,04/07/2023,IND,DET,-7.0,False,3.3000000000000007,0.0,2,5,6,7,-17.613284872516058,15.212952463684601,-18.799921769757507,10.655362111147312
22201204,2023,04/07/2023,WAS,MIA,6.0,False,-8.3,1.0,5,4,6,5,12.788237029738013,8.123048442525388,10.427823871594086,4.866718700195051
22201205,2023,04/07/2023,ATL,PHI,-5.0,False,8.1,1.0,0,4,5,6,-77.45741878841088,-83.40496328491108,-74.2937141281174,-79.74853525288798
22201206,2023,04/07/2023,BOS,TOR,19.0,False,5.8999999999999995,0.0,0,1,3,3,-2.577234429208657,33.0161044787684,-2.793141019509849,34.13927520938801
22201207,2023,04/07/2023,BKN,ORL,17.0,False,1.1999999999999997,1.0,0,3,4,5,-29.62459935311078,-31.2975506355614,-28.849733253521137,-29.440352861994157
22201208,2023,04/07/2023,MIL,MEM,-23.0,False,2.5,0.0,6,3,8,4,79.76683083362458,93.49287680581963,71.53170593544209,84.81109826605642
22201209,2023,04/07/2023,NOP,NYK,8.0,False,5.7,0.0,1,2,5,4,-31.815811059804748,-27.18229260400232,-29.889482711629324,-26.860080560523585
22201210,2023,04/07/2023,DAL,CHI,-3.0,False,-2.3,0.0,5,3,5,4,7.060299056271063,-1.1851538189815614,6.357620160234497,-2.4781964286414038
22201211,2023,04/07/2023,SAC,GSW,-22.0,False,1.7999999999999998,-1.0,1,1,5,3,-2.2257071345271795,62.31118728891214,-2.499761246790993,57.46476232053891
22201212,2023,04/07/2023,LAL,PHX,14.0,False,-0.5999999999999996,1.0,0,5,3,5,-78.0286462344063,-62.87400705914857,-78.27741375308624,-64.32069042058107
22201213,2023,04/08/2023,UTA,DEN,4.0,False,-6.3,0.0,7,0,7,3,92.07619047619048,70.06068660022149,89.05370210204843,65.99591317821017
22201214,2023,04/08/2023,SAS,MIN,-20.0,False,-13.1,-1.0,5,1,7,3,29.227201106915473,46.91293910644205,29.223040522643448,44.43522428324944
22201215,2023,04/08/2023,LAC,POR,11.0,False,16.1,1.0,2,7,2,10,-49.123365606776595,-67.22173277468602,-45.061661278000834,-62.205353725514776
22201216,2023,04/09/2023,BOS,ATL,6.0,False,9.399999999999999,0.0,2,5,6,5,-42.410480828589066,17.982961794361742,-43.407430252822735,18.422312839503363
22201217,2023,04/09/2023,BKN,PHI,-29.0,False,8.9,0.0,4,6,11,7,-65.07989875648855,-0.7012713073104493,-63.56308042057333,-5.1433525773642685
22201218,2023,04/09/2023,CLE,CHA,-11.0,False,16.9,1.0,4,5,4,6,-8.412464726194692,-17.859347957098997,-5.913583593132465,-14.532938232220005
22201219,2023,04/09/2023,MIA,ORL,13.0,False,-1.0,0.0,0,1,1,4,-7.889755935580277,-19.71484092620342,-8.130461353587076,-22.72905818785328
22201220,2023,04/09/2023,NYK,IND,-5.0,False,14.100000000000001,0.0,2,2,4,6,13.008388088703281,-20.823290041574488,12.740021315392589,-15.043956794310631
22201221,2023,04/09/2023,TOR,MIL,16.0,False,0.7000000000000002,0.0,4,7,6,7,-43.63438539269135,-37.533030651095764,-36.39184912252795,-29.306533111926754
22201222,2023,04/09/2023,WAS,HOU,-5.0,False,5.500000000000001,0.0,7,2,8,2,74.71539686665054,78.50592055742362,74.71824946501567,78.54867340516529
22201223,2023,04/09/2023,CHI,DET,22.0,False,13.100000000000001,0.0,0,6,1,7,-48.979813524033666,-49.12725252519194,-48.79367997364095,-48.48939268391379
22201224,2023,04/09/2023,DAL,SAS,-21.0,False,17.099999999999998,1.0,6,7,9,7,11.518736451804486,34.78848262869239,11.70180774236281,34.84520767666104
22201225,2023,04/09/2023,MIN,NOP,5.0,False,-11.899999999999999,-1.0,2,1,5,6,6.297498735545887,-3.0070512456603673,4.114800286040232,-4.240932893149413
22201226,2023,04/09/2023,OKC,MEM,15.0,False,-9.2,1.0,7,2,9,11,81.12159699194721,-19.42329682799769,78.73138928483996,-13.660952794472678
22201227,2023,04/09/2023,DEN,SAC,14.0,False,-4.2,-1.0,0,1,6,2,-2.252675051623803,78.99782276214755,-2.009478091968907,81.41197799116267
22201228,2023,04/09/2023,LAL,UTA,11.0,False,14.3,1.0,0,6,5,6,-71.12342847924036,-45.218542908716095,-70.13525693396366,-45.81491021357162
22201229,2023,04/09/2023,PHX,LAC,-5.0,False,1.7999999999999998,1.0,6,2,7,6,64.71224345723707,57.39312371625253,60.56346560702153,53.335275642724206
22201230,2023,04/09/2023,POR,GSW,-56.0,False,-20.4,-1.0,7,1,11,2,61.496722661390436,80.25352049095447,60.32276266058341,78.65067603252284
22300001,2024,11/03/2023,IND,CLE,5.0,False,-4.0,0.0,0,2,5,5,-11.720844245878908,17.681604771810278,-11.190646031958789,16.811924133184327
22300002,2024,11/03/2023,MIL,NYK,5.0,False,-9.3,0.0,1,0,7,4,3.5940742861232375,1.006468787470471,2.4756147359824197,-4.034105136862802
22300003,2024,11/03/2023,MIA,WAS,7.0,False,10.9,0.0,1,1,8,9,0.036562026469908915,-0.9794015352854544,-0.39908531495325406,-1.6368379032322338
22300004,2024,11/03/2023,CHI,BKN,-2.0,False,-4.800000000000001,0.0,0,2,4,6,-28.650449007125083,-31.485493633596956,-26.72902786444349,-29.341739064093915
22300005,2024,11/03/2023,OKC,GSW,-2.0,True,-14.2,0.0,1,0,7,4,23.40317038022392,27.396178917425022,25.87216287732493,36.094650072536666
22300006,2024,11/03/2023,DEN,DAL,11.0,False,2.4,0.0,1,2,4,6,-6.11619857648507,-7.598074478196619,-4.835693090100414,-5.778951811489325
22300007,2024,11/03/2023,POR,MEM,2.0,False,-3.8,0.0,2,2,6,6,-8.981217704197359,-2.250194707889861,-3.443344935543852,2.8583327112736114
22300008,2024,11/10/2023,DET,PHI,-8.0,False,-14.0,0.0,4,0,5,6,28.932570291117194,7.043023699048536,23.54947165200268,8.24698024983677
22300009,2024,11/10/2023,WAS,CHA,-7.0,False,-1.0,0.0,1,3,11,5,-17.39486266513758,15.170092465811422,-17.554433946846185,18.904546142119774
22300010,2024,11/10/2023,BOS,BKN,14.0,False,12.0,0.0,1,4,3,6,-26.87757568241451,-22.4356897142208,-27.77515124850889,-23.532544727525305
22300011,2024,11/10/2023,HOU,NOP,3.0,False,12.3,0.0,0,3,6,6,-33.98823529411765,-18.197570464507855,-36.251702803623395,-18.041018458390468
22300012,2024,11/10/2023,MEM,UTA,-6.0,False,4.9,0.0,3,2,7,7,18.033570154607304,0.39332626248970826,15.588878200515364,4.148626387081748
22300013,2024,11/10/2023,SAS,MIN,-7.0,False,-20.3,0.0,0,2,7,8,-8.708580298107723,7.051565306811753,-9.431585403667537,6.726645020991221
22300014,2024,11/10/2023,DAL,LAC,18.0,False,-5.199999999999999,0.0,1,2,6,3,-9.676698465756534,9.171704067763418,-9.988790118865555,8.969692171843118
22300015,2024,11/10/2023,PHX,LAL,-3.0,False,2.5999999999999996,0.0,2,2,11,5,4.488001890657504,27.658972766338444,8.045915099333126,34.41921901722198
22300016,2024,11/10/2023,SAC,OKC,7.0,False,-11.2,0.0,2,0,5,5,27.62256193990511,14.14078739744766,25.0164684824029,12.809817136220676
22300017,2024,11/14/2023,CHA,MIA,-6.0,False,-4.4,0.0,3,4,6,7,-10.056237459791,2.85795171704752,-4.097681591882008,4.057463571305583
22300018,2024,11/14/2023,DET,ATL,-6.0,False,-7.199999999999999,-1.0,4,1,5,5,8.583236842366258,-1.0404113895907763,4.482605132555026,-2.5807398394259096
22300019,2024,11/14/2023,PHI,IND,-6.0,False,10.1,0.0,2,0,8,4,18.49616372997817,21.62399244759461,15.938615619735511,14.054220689942134
22300020,2024,11/14/2023,BKN,ORL,20.0,False,-2.4,-1.0,2,2,6,5,-7.410548875574264,0.0948419289996778,-1.2148378828102544,2.4174396693088482
22300021,2024,11/14/2023,OKC,SAS,36.0,False,13.0,0.0,1,3,3,6,-23.223873513508266,-31.6866230141081,-23.22627506869887,-33.69493931925309
22300022,2024,11/14/2023,NOP,DAL,21.0,False,-13.6,0.0,3,2,4,5,23.343644616257638,18.765728416831692,26.212397476193786,18.33367711101072
22300023,2024,11/14/2023,UTA,POR,16.0,False,2.6000000000000005,1.0,2,4,7,6,-21.11040404114764,-9.108824968822667,-26.308566302462054,-18.535706163059736
22300024,2024,11/14/2023,DEN,LAC,3.0,False,6.3999999999999995,0.0,2,2,3,6,8.313217273647343,-1.0859012664735594,13.26301789585727,4.323199059426578
22300025,2024,11/14/2023,GSW,MIN,-3.0,False,-5.8999999999999995,0.0,1,1,4,7,16.63539195039439,10.557784344854372,13.425243756358487,4.460076237212931
22300026,2024,11/14/2023,LAL,MEM,27.0,False,0.5999999999999996,0.0,2,3,4,4,-6.639427033657935,-0.5523624280848054,-11.562726244695686,-8.604942707961818
22300027,2024,11/17/2023,CHA,MIL,-31.0,False,-6.0,1.0,3,1,4,6,10.411570654598515,-4.073084577856974,15.171299527277426,2.5576397677141713
22300028,2024,11/17/2023,WAS,NYK,-21.0,False,-10.9,0.0,3,0,9,2,9.869443270449917,12.095117622946667,11.248931007425544,16.576150201153915
22300029,2024,11/17/2023,ATL,PHI,-10.0,False,-4.6,0.0,0,2,6,8,-18.521390550042717,-21.746146392887855,-15.960354213434556,-19.007270246846794
22300030,2024,11/17/2023,CLE,DET,8.0,False,4.699999999999999,-1.0,3,4,7,4,-7.7699268820457235,23.09937757157595,-6.354929771115589,27.530594119631886
22300031,2024,11/17/2023,TOR,BOS,-3.0,False,-17.2,0.0,2,0,5,6,7.108690719310188,-4.279023073115006,8.832850837432108,-3.596769191420787
22300032,2024,11/17/2023,SAS,SAC,-9.0,False,-14.7,1.0,1,2,6,6,-2.9264847018669453,13.86248441048457,-0.6125031704588668,14.325644298551833
22300033,2024,11/17/2023,CHI,ORL,-6.0,False,-1.4000000000000001,0.0,1,2,3,6,-22.82997279155422,-32.440405379580994,-20.001590252051532,-34.30060151794653
22300034,2024,11/17/2023,NOP,DEN,5.0,False,-13.5,0.0,3,2,6,4,11.38586023577708,15.049347582586329,9.648771996877471,8.833284528517652
22300035,2024,11/17/2023,UTA,PHX,-3.0,False,-5.6,1.0,2,2,6,9,1.3423604315908744,-3.173500858674977,0.5661805600669076,-6.557833040765523
22300036,2024,11/17/2023,POR,LAL,-12.0,False,-3.5,0.0,4,2,7,4,20.59729578668865,31.09835440105952,29.130164650287696,44.164040215286704
22300037,2024,11/17/2023,LAC,HOU,6.0,False,-3.7,0.0,2,0,6,6,13.342953041186991,-6.104538322664965,13.260339671541072,-4.747358496001045
22300038,2024,11/21/2023,ORL,TOR,19.0,False,-0.09999999999999998,0.0,2,2,3,4,19.750154883839272,16.545782415095438,14.137017801287815,13.994134122322421
22300039,2024,11/21/2023,ATL,IND,-5.0,False,4.8,1.0,1,0,6,4,4.896360372123389,-6.553216400559418,1.5107387459272557,-8.220275449267607
22300040,2024,11/21/2023,PHI,CLE,-3.0,False,6.700000000000001,0.0,1,4,7,8,-26.00277718521742,-23.280433439302165,-27.05296757845972,-32.567979046310725
22300041,2024,11/21/2023,PHX,POR,13.0,False,8.7,0.0,3,4,9,6,-8.916899951174983,4.391025711742039,-14.643514644155445,-3.4510041336711197
22300042,2024,11/21/2023,LAL,UTA,32.0,False,1.6,0.0,2,2,4,3,-1.2171781763139577,3.054231498109292,-4.719619289763074,-3.095782221719311
22300043,2024,11/24/2023,ORL,BOS,17.0,False,-1.7999999999999998,0.0,3,0,5,5,30.674468740375733,-0.8687062565631791,33.08869141679755,3.0152825589911814
22300044,2024,11/24/2023,MEM,PHX,-21.0,False,-9.2,0.0,5,4,6,11,21.178313576627268,-20.27020340024815,18.38888041860985,-21.263568861084124
22300045,2024,11/24/2023,NYK,MIA,2.0,False,-3.5999999999999996,1.0,0,4,4,8,-25.656633115489193,-37.382759559592536,-23.202771177673338,-36.144842927578125
22300046,2024,11/24/2023,TOR,CHI,13.0,False,1.5,0.0,1,0,6,3,3.0466221334618835,10.673436879636146,3.542803660413279,12.414516080222164
22300047,2024,11/24/2023,IND,DET,23.0,False,15.2,-1.0,0,2,5,4,-6.464489875012111,17.027859580737815,-5.876642235039524,18.287197728380264
22300048,2024,11/24/2023,HOU,DEN,19.0,False,6.4,0.0,0,2,7,3,-20.365774772125842,12.48659161503814,-24.94772789186092,6.409923134994244
22300049,2024,11/24/2023,MIL,WAS,3.0,False,14.0,0.0,2,1,6,12,5.481158465690401,-25.423132730178068,2.499128267431214,-33.886191908184145
22300050,2024,11/24/2023,MIN,SAC,-13.0,False,10.5,0.0,2,3,6,6,-6.775262468538232,0.4866893308772404,-6.838257997352375,-1.991416697423631
22300051,2024,11/24/2023,GSW,SAS,6.0,False,12.1,0.0,1,2,5,7,4.98512225650702,-3.4663487361235568,2.540556421636081,-8.500749317827086
22300052,2024,11/24/2023,LAC,NOP,-10.0,False,0.8999999999999999,0.0,2,3,6,6,-18.511179353608956,-13.324621970018981,-19.85559209364183,-15.018139803023502
22300053,2024,11/28/2023,BOS,CHI,27.0,False,11.7,0.0,1,0,4,1,18.42964824120603,28.615065762403596,18.022245483891464,28.26858132935955
22300054,2024,11/28/2023,BKN,TOR,12.0,False,1.6,0.0,2,2,5,6,14.417497246537112,16.424200893838147,14.560955310213103,14.755294680630143
22300055,2024,11/28/2023,CLE,ATL,23.0,False,-0.40000000000000013,0.0,3,1,8,3,0.15316787173780888,9.74434475570673,1.757924711598795,15.783913448440074
22300056,2024,11/28/2023,MIA,MIL,-7.0,False,-0.40000000000000036,1.0,3,2,8,6,8.626578820007877,31.164413963207185,9.492403119576124,36.84560816475291
22300057,2024,11/28/2023,NYK,CHA,24.0,False,15.5,0.0,0,3,2,4,-29.943203105096735,-30.47123788006827,-26.38186582501882,-26.503367588396777
22300058,2024,11/28/2023,MIN,OKC,3.0,True,-7.799999999999999,-1.0,2,0,5,5,13.63265306122449,1.0325601646673945,13.258237980974382,1.2848810788760687
22300059,2024,11/28/2023,DAL,HOU,6.0,False,-12.3,0.0,2,0,6,7,9.469000296647877,-15.334267157265117,9.868098028676348,-14.429886968046063
22300060,2024,11/28/2023,SAC,GSW,1.0,False,4.1000000000000005,0.0,1,1,3,4,1.157719839398879,-1.231188379658409,-0.10543000560228055,-0.9958563787682735
22300061,2024,10/24/2023,DEN,LAL,12.0,False,-7.1000000000000005,0.0,1,1,6,8,-5.116198215335478,-14.5727082718699,-3.739945222253823,-12.480023660127905
22300062,2024,10/24/2023,GSW,PHX,-4.0,False,7.700000000000001,0.0,1,1,8,12,10.614410470568325,-12.199262341592586,11.208305184110076,-9.863313913143472
22300063,2024,10/25/2023,CHA,ATL,6.0,True,-7.8,0.0,1,0,6,6,3.075151166138785,11.24354442477225,4.594516774188527,9.469133735303167
22300064,2024,10/25/2023,IND,WAS,23.0,False,-4.8999999999999995,0.0,0,2,4,9,-8.389096739711384,-56.147513512717964,-8.368787534748307,-55.05304017125141
22300065,2024,10/25/2023,NYK,BOS,-4.0,True,-11.7,0.0,0,0,5,6,0.0,-32.35578599065464,0.0,-26.785320690030073
22300066,2024,10/25/2023,ORL,HOU,30.0,False,7.8,0.0,1,1,2,9,-7.326931861066384,-57.81533058238915,-3.400320884912258,-52.27928139885821
22300067,2024,10/25/2023,BKN,CLE,-1.0,False,-2.0000000000000004,0.0,0,3,8,9,-28.344862493673016,-19.64649512570157,-32.98213552203862,-27.52198786069398
22300068,2024,10/25/2023,MIA,DET,1.0,False,15.0,0.0,1,2,6,8,-16.74010375470749,-25.384399397219,-10.714125225861245,-30.45373059514587
22300069,2024,10/25/2023,TOR,MIN,3.0,False,4.4,0.0,1,1,8,7,-8.10753666970297,6.607161888256279,-5.10305545722013,13.104307388599736
22300070,2024,10/25/2023,CHI,OKC,-20.0,False,7.7,0.0,0,1,4,2,-8.607083155152974,8.938944614101619,-10.38697823036577,8.784914525587563
22300071,2024,10/25/2023,MEM,NOP,-7.0,False,-4.1,0.0,3,3,8,6,8.113670299134377,25.424367060753653,2.1200586511913286,19.83819518698592
22300072,2024,10/25/2023,UTA,SAC,-16.0,True,-11.899999999999999,0.0,0,1,4,4,-9.330453563714903,-2.7281867690221233,-8.204739328594247,-2.316531832359633
22300073,2024,10/25/2023,SAS,DAL,-7.0,False,-9.8,0.0,1,0,7,10,8.53586001798188,-10.283505030675691,7.259989309804521,-2.0579858217958105
22300074,2024,10/25/2023,LAC,POR,12.0,True,23.099999999999998,0.0,2,0,4,5,10.879518963010424,-57.90675837459267,10.396396963332936,-43.00177973182049
22300075,2024,10/26/2023,MIL,PHI,1.0,True,0.7999999999999998,0.0,0,1,5,5,-25.737398879900432,-20.99931763386477,-24.367744829951235,-14.527401815948377
22300076,2024,10/26/2023,LAL,PHX,5.0,False,-1.7000000000000002,0.0,1,2,6,14,-10.166157818851932,-42.19737937474215,-10.784673348009175,-40.14007711017763
22300077,2024,10/27/2023,CHA,DET,-12.0,False,4.8999999999999995,0.0,1,2,3,6,-15.83130063671534,-31.78263439402762,-8.559702011990257,-35.377314020382975
22300078,2024,10/27/2023,MEM,DEN,-4.0,False,-0.4,-1.0,3,1,5,4,39.19272216641247,30.38092180360327,32.76145302602436,22.624752839338043
22300079,2024,10/27/2023,ATL,NYK,-6.0,True,-1.9,0.0,0,0,5,4,0.0,6.140160232957006,0.0,3.801234864177074
22300080,2024,10/27/2023,BOS,MIA,8.0,True,11.9,0.0,0,1,5,5,-5.26133723607856,-3.392615814354837,-5.360701134867788,-3.613348748142414
22300081,2024,10/27/2023,CLE,OKC,-3.0,False,1.2000000000000002,0.0,2,1,5,7,13.712724503528504,2.991469858513973,14.968965104688587,0.4200384346363819
22300082,2024,10/27/2023,CHI,TOR,1.0,False,-6.2,0.0,0,1,3,5,-3.201080533513423,-4.907289689111527,-3.7224175938492485,-8.279671794606822
22300083,2024,10/27/2023,SAS,HOU,4.0,False,0.5999999999999996,0.0,1,2,7,9,-5.7005601028568655,-4.454234889460288,-8.414263293497758,-0.37967047542084487
22300084,2024,10/27/2023,DAL,BKN,5.0,False,-6.1,0.0,1,1,7,6,-12.696983736737334,-17.50858211782716,-12.366769160912554,-21.900457336147234
22300085,2024,10/27/2023,UTA,LAC,2.0,True,-9.6,0.0,0,2,5,7,-9.966363410614715,-10.400662544154525,-9.52379150676315,-11.311627724916452
22300086,2024,10/27/2023,POR,ORL,-5.0,False,-21.1,0.0,0,1,5,5,-3.852691218130312,18.298413047663573,-10.311614730878189,13.19492502209917
22300087,2024,10/27/2023,SAC,GSW,-8.0,False,-6.199999999999999,-1.0,1,1,5,5,-4.957765284896054,-15.7370619293225,-7.789893681408718,-13.76305419689145
22300088,2024,10/28/2023,DET,CHI,16.0,False,-7.7,0.0,1,0,5,1,7.372212161807375,33.70960418915921,4.7415090252678995,41.68712467258277
22300089,2024,10/28/2023,WAS,MEM,7.0,False,-3.6,2.0,1,3,11,4,-39.25172426714498,6.869719213956252,-35.022600771503626,16.864915460248547
22300090,2024,10/28/2023,NOP,NYK,9.0,True,2.3,2.0,2,0,4,2,21.87254798006574,32.278197503453136,22.502966664305266,29.879584777895463
22300091,2024,10/28/2023,CLE,IND,-12.0,False,9.6,-2.0,4,0,7,4,43.996882307092754,42.58147821495564,43.64914966238777,42.24205440809698
22300092,2024,10/28/2023,TOR,PHI,-7.0,False,6.800000000000001,-1.0,1,1,6,5,-16.05176164760599,-4.473626633843068,-14.506439296027283,0.5821037810198675
22300093,2024,10/28/2023,MIN,MIA,16.0,False,1.7999999999999998,2.0,0,4,6,5,-48.13382041915016,-25.432495495446748,-45.91774658508275,-25.158988347898944
22300094,2024,10/28/2023,PHX,UTA,22.0,False,9.399999999999999,1.0,2,1,8,3,16.175841698058406,33.38229242563799,16.035764821569433,31.023188475295683
22300095,2024,10/29/2023,OKC,DEN,-33.0,False,5.1,0.0,1,1,4,3,3.8992417925497875,6.318080385088731,4.301759743857667,9.495271994005176
22300096,2024,10/29/2023,HOU,GSW,-11.0,False,-19.4,0.0,2,0,10,4,13.803586678052948,24.445411199554506,15.295153321639168,27.11888885216264
22300097,2024,10/29/2023,MIL,ATL,-17.0,False,-3.8000000000000003,1.0,1,0,4,3,14.51838969149588,16.22851530020085,13.795081228255365,18.835610145387776
22300098,2024,10/29/2023,PHI,POR,28.0,False,20.3,-1.0,1,1,4,5,6.113935552256072,-9.939977953502584,4.127719420059291,-15.339610373896168
22300099,2024,10/29/2023,LAC,SAS,40.0,False,9.4,0.0,3,0,4,3,14.947722339655833,0.5387710374875141,16.82941804496289,1.7649427293178377
22300100,2024,10/29/2023,SAC,LAL,5.0,False,-1.2999999999999998,-1.0,1,1,5,4,-0.41057108184202207,2.649975198440689,-1.2408555929975336,6.964702685281722
22300101,2024,10/30/2023,CHA,BKN,-12.0,False,-5.699999999999999,0.0,2,2,4,6,-21.714691938013324,-31.024695288406026,-19.407489103400096,-30.353125303867536
22300102,2024,10/30/2023,IND,CHI,-7.0,False,-3.0,0.0,0,1,5,3,-3.806777217015141,28.648788591824417,-2.7992948458684297,29.145262719012095
22300103,2024,10/30/2023,WAS,BOS,-19.0,False,-16.5,-1.0,0,0,9,1,0.0,46.8498517774662,0.0,51.868447008346386
22300104,2024,10/30/2023,ATL,MIN,14.0,False,-1.2,-1.0,0,0,4,4,0.0,-3.3861321155827007,0.0,-5.156454659351912
22300105,2024,10/30/2023,TOR,POR,-8.0,False,22.1,1.0,1,2,6,6,-23.23049716215073,-30.658430868129784,-23.630676898710306,-27.036775203301765
22300106,2024,10/30/2023,MEM,DAL,-15.0,False,-1.4999999999999998,-1.0,3,1,5,6,39.290589963173936,5.817939021754128,34.724116994803204,0.4219068613446666
22300107,2024,10/30/2023,MIL,MIA,8.0,False,-4.5,-1.0,1,1,7,7,-1.7170758914766022,-27.58870471103926,-1.5267461762620838,-29.44619406311387
22300108,2024,10/30/2023,NOP,GSW,-28.0,False,-6.7,1.0,2,0,5,5,22.011124004641673,18.556709415389534,22.645536778420283,13.093737744346654
22300109,2024,10/30/2023,OKC,DET,12.0,False,4.300000000000001,-1.0,1,1,4,4,1.2247227320692513,-10.884885068721676,5.619305228899057,-13.553169062854238
22300110,2024,10/30/2023,DEN,UTA,8.0,False,6.9,-1.0,1,1,4,5,1.8503798523837136,-2.980261301709948,2.59525573285828,-2.5205702746441645
22300111,2024,10/30/2023,LAL,ORL,3.0,False,3.8,-2.0,1,1,5,4,5.113737453720452,13.095511450978545,-1.5545790032313427,3.6862712329311726
22300112,2024,10/31/2023,CLE,NYK,-18.0,True,-2.9,0.0,4,0,7,1,43.4884437596302,58.72335407224269,43.144729596951855,60.02613287983664
22300113,2024,10/31/2023,PHX,SAS,-1.0,False,13.0,1.0,2,0,13,6,18.96543504171633,33.558358584358146,19.419791358917387,24.206214504901588
22300114,2024,10/31/2023,LAC,ORL,16.0,False,7.0,1.0,3,2,7,3,5.701035410595711,28.019024843732204,1.1844409532578002,21.28948019735383
22300115,2024,11/01/2023,DET,POR,-9.0,False,7.800000000000001,0.0,1,1,5,5,-5.560806982187437,1.4559161926870416,-9.371776755818727,0.05036387978768175
22300116,2024,11/01/2023,TOR,MIL,19.0,False,5.0,0.0,1,1,6,5,-0.37083451027548087,10.442110611164154,1.2739438937432435,13.157972402062793
22300117,2024,11/01/2023,ATL,WAS,9.0,False,9.0,0.0,0,0,5,9,0.0,-31.41676154264684,0.0,-37.51826292674478
22300118,2024,11/01/2023,BOS,IND,51.0,False,11.3,0.0,0,0,1,4,0.0,-33.08868370313617,0.0,-34.02281995962006
22300119,2024,11/01/2023,MIA,BKN,-4.0,False,-1.6,0.0,1,3,8,7,-34.7833812271888,-16.193578246573708,-29.073962201385783,-10.706374289822946
22300120,2024,11/01/2023,NYK,CLE,-6.0,False,6.0,0.0,0,4,4,7,-43.77171215880893,-33.08783064332545,-43.425759163185106,-31.756825940889627
22300121,2024,11/01/2023,OKC,NOP,-4.0,False,1.3,0.0,1,2,6,4,-14.954537257600867,-20.818929742731626,-13.840075301989726,-9.370282732136687
22300122,2024,11/01/2023,HOU,CHA,9.0,False,0.5,1.0,1,2,8,4,1.7933270356177395,28.152745031637103,3.844032761907857,29.099522731157386
22300123,2024,11/01/2023,MIN,DEN,21.0,False,-2.5,0.0,0,1,5,3,-4.5109489051094895,2.454998489415079,-5.846062310361205,4.973552268652281
22300124,2024,11/01/2023,DAL,CHI,9.0,False,-0.3999999999999999,0.0,1,1,6,3,-0.0542219217140274,32.6889449346626,0.5328743441035764,30.5546672636613
22300125,2024,11/01/2023,UTA,MEM,24.0,False,-4.9,0.0,0,3,4,4,-34.30974071478627,-18.457671241267864,-33.77595580073451,-18.377403503088207
22300126,2024,11/01/2023,GSW,SAC,1.0,False,10.899999999999999,-1.0,0,2,4,6,-28.46279196089082,-18.153911376576684,-25.77742569859767,-20.14318542726327
22300127,2024,11/01/2023,LAL,LAC,5.0,False,-2.8,1.0,2,2,6,9,6.1740079283258495,-7.449121433835856,6.636409985505329,-15.892596869644532
22300128,2024,11/02/2023,PHI,TOR,15.0,False,0.5000000000000004,2.0,0,2,5,5,-9.29191115590914,15.424925617785792,-8.88470685441947,7.201862857441249
22300129,2024,11/02/2023,NOP,DET,9.0,False,7.4,0.0,4,1,6,5,61.69528752264786,47.95400577454928,59.82638447606742,40.23069696005635
22300130,2024,11/02/2023,UTA,ORL,-2.0,False,-3.6999999999999997,-1.0,1,1,4,6,-1.1600953494160886,-16.847005138867544,-7.087415828901515,-20.555117579969497
22300131,2024,11/02/2023,PHX,SAS,-11.0,False,11.0,0.0,1,0,11,7,3.292636878539962,3.93312883320381,4.400238789608065,0.23809113415302363
22300132,2024,11/04/2023,PHI,PHX,12.0,False,2.5999999999999996,0.0,0,1,6,8,-3.4178207473216617,-12.158752390077197,-4.5675329479273685,-15.301421561373544
22300133,2024,11/04/2023,IND,CHA,-1.0,False,5.1,-2.0,0,2,4,4,-6.9750132908027656,8.672183216769291,-7.358765464028623,9.285816536282972
22300134,2024,11/04/2023,ORL,LAL,19.0,False,-5.5,-1.0,3,3,4,6,1.4926570867086504,0.44798605226150556,9.80068493304005,8.605103110555632
22300135,2024,11/04/2023,NOP,ATL,-18.0,False,-5.4,-1.0,2,0,4,5,21.375427446374907,14.368075885812743,21.991517938350622,15.913355370869759
22300136,2024,11/04/2023,BKN,BOS,-10.0,False,-14.700000000000001,-2.0,3,1,6,5,24.539528502034464,11.409942862236015,26.411115182997108,16.105596963471747
22300137,2024,11/04/2023,HOU,SAC,18.0,False,-4.1,0.0,1,2,7,4,-19.27534772369249,11.266182932484334,-14.086299825194677,13.531699599899326
22300138,2024,11/04/2023,MIN,UTA,28.0,False,7.6,1.0,0,1,4,4,-2.551592731427288,-3.4962309167478445,-3.1202147613342928,-1.3617560177990704
22300139,2024,11/04/2023,DEN,CHI,22.0,False,7.7,0.0,1,1,2,2,-1.4582163545624818,-1.9688653851719824,-1.5304070909866745,-4.3808308540797505
22300140,2024,11/05/2023,DET,PHX,-14.0,False,-4.8999999999999995,2.0,1,2,5,7,-14.377763911239718,2.8964995366585313,-16.66102222259917,-0.3801790869918804
22300141,2024,11/05/2023,SAS,TOR,-7.0,False,-4.5,0.0,1,1,7,6,6.781591708280116,13.24400963110324,6.908717942657849,13.632726236459
22300142,2024,11/05/2023,CLE,GSW,11.0,False,-13.700000000000001,0.0,2,0,5,4,11.76798143851508,6.836698965078806,11.235650950262103,6.205664843968133
22300143,2024,11/05/2023,DAL,CHA,6.0,False,8.4,1.0,1,2,7,4,0.22237240909270017,5.382549320295503,0.3375592750213263,2.1524682033413534
22300144,2024,11/05/2023,POR,MEM,-12.0,False,-5.7,0.0,2,3,5,7,-13.82579826615095,-8.97413251058071,-8.276966658706307,-4.153476333866962
22300145,2024,11/06/2023,DET,GSW,-11.0,False,-17.1,0.0,2,0,6,5,10.457941313460642,22.19357413430887,6.609124014118313,19.595864845458607
22300146,2024,11/06/2023,IND,SAS,41.0,False,1.5999999999999996,1.0,0,1,2,3,-9.82614742698192,-10.086551655906625,-10.45834316615034,-13.256792994846199
22300147,2024,11/06/2023,ORL,DAL,-15.0,False,-3.0,1.0,3,1,7,7,21.250423516428274,21.10471899183011,26.287921666653656,23.947244283373852
22300148,2024,11/06/2023,PHI,WAS,18.0,False,14.5,-1.0,0,0,4,9,0.0,-14.88205990262973,0.0,-21.05158144039613
22300149,2024,11/06/2023,BKN,MIL,-4.0,False,2.3,-1.0,3,1,7,7,26.895065677505592,27.48321012923951,26.084721183075725,28.385166294376916
22300150,2024,11/06/2023,MIA,LAL,1.0,False,2.3,1.0,1,4,8,6,-19.93779537226761,7.88233258455967,-16.55844108328226,16.349062382531613
22300151,2024,11/06/2023,NYK,LAC,14.0,False,-5.7,0.0,0,2,4,4,-12.154108450991163,-9.637205672189593,-11.572234954770884,-7.508684519519436
22300152,2024,11/06/2023,CHI,UTA,17.0,False,2.3999999999999995,0.0,0,1,1,3,-2.580000412580023,-5.823590980770436,-3.1549530896640103,-3.5448997990554956
22300153,2024,11/06/2023,HOU,SAC,25.0,False,2.8,0.0,1,2,5,4,-19.182364674901905,2.439525386628283,-14.00162423382776,3.750537918103916
22300154,2024,11/06/2023,MIN,BOS,5.0,False,-6.299999999999999,0.0,0,1,6,4,-14.625181363856202,-5.82378934028338,-13.434502651757072,-0.8679751560161328
22300155,2024,11/06/2023,OKC,ATL,9.0,False,-6.5,1.0,0,0,6,5,0.0,6.179077503849239,0.0,14.47195914444714
22300156,2024,11/06/2023,DEN,NOP,18.0,False,10.0,0.0,2,3,4,4,-13.967170490062735,-10.587820734036995,-11.41990945232304,-2.8420543568214782
22300157,2024,11/08/2023,CHA,WAS,-16.0,False,3.4000000000000004,1.0,3,1,4,9,17.591209818015436,-15.87441339850649,17.92230834645259,-15.397472341506194
22300158,2024,11/08/2023,IND,UTA,16.0,False,8.5,0.0,0,1,5,6,-2.623071401878029,6.137395679461669,-3.2076224420013384,9.463477838177965
22300159,2024,11/08/2023,PHI,BOS,3.0,False,-2.700000000000001,0.0,0,0,8,5,0.0,5.858949257313462,0.0,2.32299656680458
22300160,2024,11/08/2023,BKN,LAC,7.0,False,-6.1000000000000005,0.0,3,2,6,5,18.344853284574242,28.8715326358231,16.437376840130753,28.373358434910728
22300161,2024,11/08/2023,NYK,SAS,21.0,True,8.6,0.0,0,0,1,3,0.0,-13.156853884185928,0.0,-12.828478499686067
22300162,2024,11/08/2023,CHI,PHX,-1.0,False,-1.5,-1.0,0,2,3,11,-21.691699604743086,-46.88338679838978,-21.395330623859248,-46.349399251709684
22300163,2024,11/08/2023,HOU,LAL,34.0,False,1.7000000000000002,0.0,0,2,3,6,-15.30226700251889,-32.44495619809602,-11.484219657354995,-28.849776301340206
22300164,2024,11/08/2023,MEM,MIA,-6.0,False,-5.3999999999999995,1.0,5,4,7,7,15.77908219899415,7.043367546164539,19.51960387745802,4.698131863564647
22300165,2024,11/08/2023,MIL,DET,2.0,False,1.0999999999999996,0.0,2,4,8,6,-12.745440018447844,-9.490977555485003,-8.511786575979114,-6.158450451786152
22300166,2024,11/08/2023,MIN,NOP,21.0,False,10.6,0.0,1,4,4,6,-52.310400567872676,-58.97884478791127,-52.41427195891098,-54.6450633953455
22300167,2024,11/08/2023,OKC,CLE,8.0,False,2.8,-1.0,0,3,5,6,-19.195544554455445,-6.901548649236847,-18.58025368987127,-4.91177332556266
22300168,2024,11/08/2023,DAL,TOR,-11.0,False,3.5,-1.0,1,1,6,6,0.4689231059254544,7.984486763010999,-0.4095530749920169,3.0851335249763423
22300169,2024,11/08/2023,DEN,GSW,3.0,False,-2.700000000000001,0.0,2,1,3,6,8.540716074524589,-15.254127494543596,11.803259797922717,-8.476264501044923
22300170,2024,11/08/2023,SAC,POR,3.0,False,5.3999999999999995,-1.0,2,3,5,5,2.2499749289774478,-2.3617254642088668,-5.54470173340982,-8.655510201373843
22300171,2024,11/09/2023,IND,MIL,2.0,False,7.800000000000001,0.0,0,1,5,8,-3.557413048098038,-2.605690069136429,-2.4503623082724624,1.60728089081001
22300172,2024,11/09/2023,ORL,ATL,-1.0,False,-7.6000000000000005,0.0,3,0,5,4,24.671878023947563,16.844837813434605,29.30444507182349,22.37330082626211
22300173,2024,11/11/2023,ORL,MIL,15.0,False,4.8,0.0,3,1,7,6,19.974025391898024,5.055336323791849,25.497810328396167,12.017592020141528
22300174,2024,11/11/2023,BOS,TOR,23.0,False,11.700000000000001,-2.0,0,1,2,4,-3.018067015095641,-4.810750315721364,-3.509597974430652,-8.412181288702666
22300175,2024,11/11/2023,ATL,MIA,-8.0,False,4.1,-1.0,0,4,6,9,-43.3897565556878,-44.937652980572594,-38.063937393228926,-47.4217669032394
22300176,2024,11/11/2023,GSW,CLE,-8.0,True,11.4,0.0,0,3,3,6,-19.056980494547687,-14.553143918157943,-18.446131139813833,-16.516873917775214
22300177,2024,11/12/2023,NYK,CHA,22.0,True,5.5,1.0,0,3,1,4,-19.052591170825337,-21.714619243299325,-21.139701520766355,-23.12489209966926
22300178,2024,11/12/2023,BKN,WAS,8.0,False,2.1000000000000005,0.0,3,2,5,12,13.33653081141864,-19.495034951632164,14.606685536767486,-20.14839393303646
22300179,2024,11/12/2023,LAC,MEM,-4.0,False,11.2,0.0,2,3,5,7,-8.957409959935518,-14.882503293907547,-10.050832802370891,-15.0945241990554
22300180,2024,11/12/2023,PHI,IND,11.0,False,7.9,-1.0,1,0,8,5,12.199645101655014,10.736235097281984,10.114720996440571,4.221680451775789
22300181,2024,11/12/2023,CHI,DET,11.0,False,1.5,1.0,1,3,4,5,-18.64718048951164,-9.232636908153761,-17.037760703068212,-7.180260375673985
22300182,2024,11/12/2023,HOU,DEN,3.0,False,-5.2,-1.0,0,2,6,4,-21.75650207312476,2.6109890604771593,-26.651345194188654,-4.669478901344071
22300183,2024,11/12/2023,NOP,DAL,-12.0,False,-9.600000000000001,0.0,2,2,4,4,18.16163638733401,26.231288436863398,19.55846709531238,24.159812246376415
22300184,2024,11/12/2023,SAS,MIA,-5.0,False,-8.6,1.0,1,4,8,8,-28.37932139957228,-3.926681671901882,-23.69697026096614,-0.17841216820669814
22300185,2024,11/12/2023,PHX,OKC,-12.0,False,-1.7000000000000002,0.0,1,0,12,4,3.140833233281306,39.71507996406439,4.197370294565503,35.84148741658314
22300186,2024,11/12/2023,GSW,MIN,-6.0,False,-7.1,-1.0,0,1,4,7,-4.031092821216277,-1.4322836664938414,-4.816298192573018,-8.080838224919866
22300187,2024,11/12/2023,LAL,POR,6.0,False,6.4,-1.0,3,4,5,6,-4.669615034250455,-13.507904058327242,-11.472761631547243,-24.37784296186534
22300188,2024,11/13/2023,BOS,NYK,16.0,False,7.499999999999999,1.0,0,0,6,4,0.0,9.672968149119903,0.0,8.665159733495777
22300189,2024,11/13/2023,TOR,WAS,4.0,False,7.5,1.0,1,3,6,12,-11.216958452458993,-14.934765063128275,-10.34341166439907,-14.548154785996296
22300190,2024,11/13/2023,MIL,CHI,9.0,False,-1.5000000000000004,1.0,2,1,7,4,8.912366076247267,7.842992688962411,6.135264808711396,1.9919828813028673
22300191,2024,11/13/2023,SAC,CLE,12.0,False,-2.6,1.0,1,3,4,6,-10.760589777299673,-9.879820313867334,-11.152512649160425,-11.583396140906018
22300192,2024,11/15/2023,WAS,DAL,-13.0,False,-10.9,1.0,1,2,9,6,-2.635565851221614,-2.4216723398548226,-3.752924532436136,1.2006024875890375
22300193,2024,11/15/2023,ATL,NYK,-2.0,False,-0.49999999999999956,-1.0,0,0,6,5,0.0,-3.653951701624642,0.0,-10.91426231974362
22300194,2024,11/15/2023,PHI,BOS,-10.0,False,-4.199999999999999,-1.0,2,0,7,5,18.54626875493171,-10.480967090601986,15.981792396553145,-19.881919632244482
22300195,2024,11/15/2023,TOR,MIL,-16.0,False,1.4,0.0,1,2,5,4,-31.403527317868722,-11.752316782207107,-28.903735739312864,-7.865081165221042
22300196,2024,11/15/2023,CHI,ORL,-2.0,False,-3.9,1.0,2,2,4,6,-5.998502501299917,-9.465339836949106,-1.331050885676703,-9.893427754911919
22300197,2024,11/15/2023,PHX,MIN,18.0,False,-9.3,2.0,1,1,8,5,-0.8770967922430657,22.77835154177227,-0.5892685242969957,18.8696260659623
22300198,2024,11/15/2023,LAL,SAC,-15.0,False,1.2999999999999998,-1.0,2,2,4,6,3.115978502951002,-4.285639067999799,0.68782480528278,-11.553659727661632
22300199,2024,11/15/2023,POR,CLE,-14.0,False,-3.0999999999999996,-1.0,4,4,6,6,5.331079089611599,14.935721535945426,10.40885636537557,19.31844189136647
22300200,2024,11/16/2023,MIA,BKN,7.0,False,-2.3,0.0,3,3,8,5,0.07380262730188392,15.458119799027042,-6.268865270966664,12.636622313492836
22300201,2024,11/16/2023,GSW,OKC,-19.0,False,-1.1999999999999997,0.0,2,1,5,6,30.939552777255752,23.910710427554257,29.063051633993716,20.770127654360643
22300202,2024,11/18/2023,CHA,NYK,-14.0,False,-16.8,0.0,4,0,6,4,31.049963794351918,22.819527021884692,30.87572522284304,23.218434988816355
22300203,2024,11/18/2023,NOP,MIN,-1.0,False,-13.6,-2.0,4,1,6,8,45.49397505120591,28.85464175119555,48.50585229485555,25.180438571403137
22300204,2024,11/18/2023,CHI,MIA,5.0,False,-2.8,-1.0,1,4,3,8,-23.777361747122228,-32.53002839173236,-21.031069534603578,-32.39783468719821
22300205,2024,11/18/2023,MIL,DAL,7.0,False,-0.6000000000000001,-2.0,3,2,8,7,17.511687252382117,11.958337457889606,13.458650374477465,7.825262518649769
22300206,2024,11/18/2023,SAS,MEM,-12.0,False,-7.9,-2.0,1,4,5,7,-39.110153350559266,-25.15492903638269,-32.31805708583007,-18.395273071247765
22300207,2024,11/18/2023,GSW,OKC,-7.0,False,-5.8,0.0,2,1,6,6,15.884822886605697,15.159690091755515,16.3306400052343,12.169530802638668
22300208,2024,11/19/2023,BKN,PHI,-22.0,False,-7.1000000000000005,1.0,3,1,6,4,9.877789756804395,14.044234856173588,14.232612974421336,23.65591206140914
22300209,2024,11/19/2023,IND,ORL,-12.0,False,2.3,1.0,1,2,3,3,-17.19659027730457,-11.977530531326881,-14.866133745396528,-17.067301542400017
22300210,2024,11/19/2023,CLE,DEN,12.0,False,-7.7,0.0,4,2,7,4,17.765851152424187,22.88734638942607,11.873195297342761,18.258064404866424
22300211,2024,11/19/2023,TOR,DET,29.0,False,5.9,0.0,2,3,4,5,-13.254959176981618,-23.133003196087465,-11.963376297165581,-15.995263189290416
22300212,2024,11/19/2023,DAL,SAC,-16.0,False,2.4,-1.0,3,2,5,5,0.37910213102286683,-8.241681608394813,2.0387234590380885,-5.739181184391114
22300213,2024,11/19/2023,MEM,BOS,-2.0,False,-19.700000000000003,-1.0,5,0,7,5,50.60790610120694,26.658766042413035,46.75556331926842,24.232346999600885
22300214,2024,11/19/2023,UTA,PHX,-3.0,False,-6.9,0.0,2,2,6,10,1.3523181179494213,-6.02320110348569,0.574784441057389,-8.590987751456645
22300215,2024,11/19/2023,POR,OKC,-43.0,False,-16.2,1.0,5,2,6,2,20.977893075743967,31.08083930983774,23.668242753056138,35.89539819534399
22300216,2024,11/19/2023,LAL,HOU,1.0,False,-5.3999999999999995,0.0,2,0,5,6,15.69260574749758,-10.354679474493775,11.777165525269446,-15.795303455072371
22300217,2024,11/20/2023,CHA,BOS,3.0,False,-22.9,1.0,4,2,6,5,8.173498127435835,5.98017231504997,6.219352474776514,1.0129562168512223
22300218,2024,11/20/2023,DET,DEN,-4.0,False,-13.1,0.0,2,2,4,4,-14.282437092455499,-4.082080653936323,-19.519428885315296,-11.561156765884757
22300219,2024,11/20/2023,WAS,MIL,-13.0,False,-12.8,1.0,1,3,9,5,-10.563613204473485,10.351020549348007,-7.281397825084763,16.356970745163743
22300220,2024,11/20/2023,CHI,MIA,-18.0,False,-4.1,0.0,0,4,2,6,-26.970501114118726,-26.986592472861282,-23.258250457948737,-25.90227970241542
22300221,2024,11/20/2023,MIN,NYK,17.0,False,-2.5,0.0,1,0,5,1,4.3561258019089335,18.203911214378692,5.20464344455963,18.84832001251175
22300222,2024,11/20/2023,NOP,SAC,36.0,False,-5.699999999999999,1.0,3,3,5,6,17.54160797863134,20.025456748473555,21.828861988985153,17.985862151853937
22300223,2024,11/20/2023,SAS,LAC,-25.0,False,-13.5,-1.0,1,2,7,3,-3.2676751896623113,25.046059475554912,-2.3019371367049857,31.11184537884867
22300224,2024,11/20/2023,GSW,HOU,5.0,False,-11.3,1.0,2,1,6,6,10.446654555243779,1.2539420880343002,8.5605556774292,-0.6345028286070189
22300225,2024,11/22/2023,CHA,WAS,3.0,False,-0.9000000000000004,0.0,4,1,7,11,24.010228006485487,10.564879973073005,24.61325555156362,2.3884241325773203
22300226,2024,11/22/2023,ORL,DEN,5.0,False,1.9,-1.0,3,2,6,4,10.29883353229308,6.992027271251576,8.1161814298075,3.67094935958216
22300227,2024,11/22/2023,ATL,BKN,2.0,False,3.0,-2.0,0,4,6,6,-29.3811819672946,-16.510842151788548,-32.42253055959588,-21.586280041198194
22300228,2024,11/22/2023,BOS,MIL,3.0,False,-0.2999999999999998,0.0,0,2,6,7,-12.654439614157507,1.9022691410532673,-8.772584217802779,8.938858875730674
22300229,2024,11/22/2023,CLE,MIA,-33.0,False,-1.2000000000000002,-1.0,4,4,7,6,5.20666074407962,-7.2301002752508765,6.807480340991397,-4.918803090655068
22300230,2024,11/22/2023,IND,TOR,-1.0,False,0.6,0.0,0,2,5,7,-7.141083198013183,7.170960577060235,-8.87309987117626,2.335275668794189
22300231,2024,11/22/2023,HOU,MEM,20.0,False,12.3,-1.0,0,5,4,6,-48.171710335492605,-25.761401702990366,-43.82435159725262,-23.32057268921655
22300232,2024,11/22/2023,MIN,PHI,13.0,False,2.5999999999999996,1.0,2,2,5,5,-23.766789551967115,-22.87321455226384,-24.962424686794357,-20.367243321795698
22300233,2024,11/22/2023,NOP,SAC,5.0,False,1.6,0.0,3,2,5,6,24.12252051706016,9.384481181385041,25.62386161730565,9.196073176737201
22300234,2024,11/22/2023,OKC,CHI,14.0,False,14.8,1.0,1,1,6,4,10.0578494393003,6.665668645393467,13.292301632993427,8.83266542983835
22300235,2024,11/22/2023,SAS,LAC,-7.0,False,-18.8,0.0,0,2,6,5,-12.906244152856875,5.577515406894197,-12.826334681868765,9.868379526214678
22300236,2024,11/22/2023,PHX,GSW,8.0,False,5.3,-1.0,3,2,10,5,-0.35425624131639566,16.2975652805722,-1.3615713560364426,14.286087962752852
22300237,2024,11/22/2023,POR,UTA,16.0,False,-5.300000000000001,0.0,5,2,8,4,10.267232191480637,28.410315515002818,12.617001315209045,34.4271257031188
22300238,2024,11/22/2023,LAL,DAL,-3.0,False,1.4,-2.0,3,2,5,6,12.233824373004346,4.872089260853695,7.16505747836224,-2.9898146182772507
22300239,2024,11/25/2023,OKC,PHI,-4.0,False,9.9,0.0,1,1,5,9,1.731868708204365,-9.589769971661738,6.011429473419504,2.1027447635773413
22300240,2024,11/25/2023,BKN,MIA,15.0,False,-9.9,2.0,3,6,5,8,-23.771510403772993,-37.032706295587055,-17.31498640792491,-30.61578781492176
22300241,2024,11/25/2023,WAS,ATL,-28.0,False,-7.6000000000000005,-2.0,3,0,10,1,13.851634605244858,45.10261231857946,12.672392671602857,48.45754966385829
22300242,2024,11/25/2023,CLE,LAL,-6.0,False,-3.0,0.0,3,3,8,6,-10.357710981922196,-9.310755861323678,-5.27392503058946,3.4304289013644436
22300243,2024,11/25/2023,UTA,NOP,5.0,False,-11.7,2.0,3,4,5,6,-14.216787571713752,-11.149027917213097,-15.423679853300207,-13.936988169526828
22300244,2024,11/25/2023,LAC,DAL,19.0,False,-3.5,-2.0,2,3,3,6,-8.478391410153412,-17.22369749954848,-9.440287188248158,-18.44622376265331
22300245,2024,11/26/2023,MIL,POR,6.0,False,16.2,-1.0,2,3,6,7,-4.933061723725114,-7.4847628544253055,-9.388156540906085,-11.394456850476523
22300246,2024,11/26/2023,BOS,ATL,10.0,False,2.6999999999999997,1.0,1,1,6,6,3.9840092318520437,24.683676840411906,4.323242406326681,26.325391953933345
22300247,2024,11/26/2023,NYK,PHX,-3.0,False,-0.7999999999999998,0.0,0,2,4,10,-15.574436645733284,-54.09580618175611,-15.92807501335255,-53.161783072309916
22300248,2024,11/26/2023,ORL,CHA,13.0,False,12.1,-1.0,3,3,6,4,12.832586612933955,18.769761929260138,17.11961910604397,22.881975787804866
22300249,2024,11/26/2023,MEM,MIN,-22.0,False,-9.8,0.0,5,2,6,4,29.450043875829103,22.31287551114245,25.93840208511394,18.934734927366613
22300250,2024,11/26/2023,BKN,CHI,9.0,False,2.1,-1.0,3,0,6,4,27.014088774428117,29.697134852600726,30.16805761101259,33.21349463651235
22300251,2024,11/26/2023,CLE,TOR,3.0,False,-0.7,-1.0,3,2,8,6,9.581138257048602,13.226169141433068,8.186178167367066,11.94601057476855
22300252,2024,11/26/2023,DEN,SAS,12.0,False,17.5,0.0,2,2,3,4,12.841410608308298,18.31655363046429,14.33181506128168,20.089342666652573
22300253,2024,11/27/2023,DET,WAS,-19.0,False,-3.1999999999999993,1.0,2,3,4,8,-4.167133391834264,-6.84029653621171,-6.455204139702835,-13.011553803677259
22300254,2024,11/27/2023,IND,POR,-4.0,False,17.7,2.0,0,3,2,7,-24.852877901592937,-25.684584257350096,-26.1276128251009,-24.44805094947425
22300255,2024,11/27/2023,PHI,LAL,44.0,False,-0.8999999999999999,0.0,3,3,6,5,-6.852571029094822,-7.949342673194671,-4.723142939091304,-5.2687072222353315
22300256,2024,11/27/2023,UTA,NOP,2.0,False,-12.3,0.0,2,3,5,5,-9.224635146080296,3.423432432959011,-9.989460479378103,-0.7865478469760276
22300257,2024,11/27/2023,LAC,DEN,-9.0,False,0.5,1.0,2,3,6,4,-21.817103128976903,-38.19054772076683,-28.32559164217962,-43.006871446720766
22300258,2024,11/29/2023,DET,LAL,-26.0,False,-14.6,0.0,3,3,2,4,-13.793229863665262,-24.742952437057852,-11.349414012418649,-18.155395712335228
22300259,2024,11/29/2023,ORL,WAS,19.0,False,14.899999999999999,1.0,3,1,4,7,22.719315284655714,9.150706233927583,26.079801741022703,5.585000426655483
22300260,2024,11/29/2023,TOR,PHX,7.0,False,-8.4,-2.0,1,3,5,10,-16.46335400954711,-34.955616939000315,-16.570444898421577,-32.637796283867715
22300261,2024,11/29/2023,MEM,UTA,14.0,False,-1.7999999999999998,1.0,5,3,10,4,11.450880049961569,30.377048785529624,8.934099429903156,29.626912953001764
22300262,2024,11/29/2023,NOP,PHI,10.0,False,-1.2999999999999998,0.0,0,3,5,7,-18.55947439682152,-25.435468992478366,-16.41761610424105,-20.305009178246586
22300263,2024,11/29/2023,DEN,HOU,10.0,False,-9.9,1.0,1,2,3,6,-16.550955115976976,-21.62713993134568,-14.6240829788849,-15.20356961653885
22300264,2024,11/29/2023,SAC,LAC,-14.0,False,2.9,-1.0,2,2,4,5,4.317223311709309,0.4486320507892323,3.8577916063168676,0.858087817900099
22300265,2024,11/30/2023,CLE,POR,-8.0,False,11.3,-1.0,3,3,9,7,-10.11067011415329,-5.415677946531829,-10.53331691471536,-0.6852467658356858
22300266,2024,11/30/2023,BKN,CHA,-1.0,False,13.9,0.0,1,3,5,7,-19.082993272029015,-16.82847534733542,-12.817693920622583,-6.983919763344609
22300267,2024,11/30/2023,MIA,IND,10.0,False,-1.7000000000000002,-1.0,3,1,5,4,8.8533048877906,-7.146284433360847,6.4789092566118,-9.172369622182398
22300268,2024,11/30/2023,NYK,DET,6.0,False,20.6,1.0,0,2,4,3,-6.65967107047978,-1.7801646402662765,-6.054074651045691,-0.7047826762349416
22300269,2024,11/30/2023,CHI,MIL,7.0,False,-15.6,0.0,0,3,4,8,-17.760966758712115,7.841882511412507,-14.531488227035807,17.01281739746945
22300270,2024,11/30/2023,MIN,UTA,11.0,False,9.6,1.0,2,2,5,5,-15.540319265224207,-4.591056769205096,-13.892037357503508,-4.6841772054491315
22300271,2024,11/30/2023,OKC,LAL,23.0,False,7.7,1.0,1,4,3,6,-25.191971421189066,-28.850268531501086,-22.00826584727752,-21.413386510533222
22300272,2024,11/30/2023,SAS,ATL,-2.0,False,-11.9,1.0,0,1,7,6,-14.78504365014001,5.425878873248337,-14.026892990946562,12.297901450971008
22300273,2024,11/30/2023,GSW,LAC,6.0,False,-7.1000000000000005,1.0,4,2,6,6,16.75497846631538,16.96419948072936,19.292367819410295,18.030937556503
22300274,2024,12/01/2023,ORL,WAS,5.0,False,18.1,0.0,3,1,6,10,22.59493047941666,-1.1847406312221693,26.14531602503293,-6.053058162832137
22300275,2024,12/01/2023,BOS,PHI,6.0,False,2.5,1.0,1,2,5,9,2.2757635360881316,-39.88305732752714,4.2878537201476306,-32.9921813025518
22300276,2024,12/01/2023,TOR,NYK,-13.0,False,-5.4,1.0,1,0,5,4,3.1482233127928865,5.675131582423887,3.660951896153682,8.791240865884777
22300277,2024,12/01/2023,DAL,MEM,-14.0,False,5.2,1.0,3,4,7,5,0.6676129705417679,25.882181401188497,5.156303382732709,28.95315654384131
22300278,2024,12/01/2023,NOP,SAS,15.0,False,18.8,1.0,1,2,5,5,-13.926389302188895,-13.889895041994272,-15.294480542725335,-15.358064339379517
22300279,2024,12/01/2023,PHX,DEN,-8.0,False,5.3,0.0,3,1,9,4,28.377883456602788,19.724203626811324,26.403319235755355,12.379317384200945
22300280,2024,12/02/2023,LAC,GSW,1.0,False,7.4,0.0,2,3,7,6,-8.69569591365638,-9.484489560449106,-9.468856822362032,-11.503610472400858
22300281,2024,12/02/2023,CHA,MIN,-6.0,False,-14.1,0.0,2,2,6,6,6.160627881674898,-5.713906362015294,5.034107091814551,-9.256355134155747
22300282,2024,12/02/2023,BKN,ORL,28.0,False,-6.0,1.0,2,3,5,4,-11.054634726213855,0.7913632827547943,-12.70693719428267,-0.250232462951125
22300283,2024,12/02/2023,DET,CLE,-9.0,False,-14.4,0.0,2,4,6,7,-17.614548514373553,0.22707225210129423,-20.814268475521736,-8.728389068996421
22300284,2024,12/02/2023,MIA,IND,-15.0,False,3.6,0.0,4,1,6,4,25.310684440226204,-7.500008985165792,22.091695749703458,-2.830860766558324
22300285,2024,12/02/2023,CHI,NOP,6.0,False,-18.0,1.0,1,4,3,6,-20.63430215398976,-20.49108510801549,-21.473709045361463,-23.78659036534018
22300286,2024,12/02/2023,MIL,ATL,11.0,False,10.2,0.0,2,1,8,6,-0.7842965398727575,1.87505740998445,-2.0313028843273866,0.991823924739478
22300287,2024,12/02/2023,DAL,OKC,-6.0,False,-16.5,-1.0,2,1,8,5,7.709109507067751,37.53812683811366,7.209545433348388,33.36979123774916
22300288,2024,12/02/2023,PHX,MEM,7.0,False,9.600000000000001,0.0,3,4,9,10,-10.213355888643648,-10.75270840528556,-8.802380400110927,-11.026546471121264
22300289,2024,12/02/2023,UTA,POR,5.0,False,3.1999999999999993,0.0,5,3,6,7,28.85863806375216,16.14441645691395,27.122463561960195,15.900671772057066
22300290,2024,12/02/2023,SAC,DEN,6.0,False,1.3,2.0,1,1,5,3,0.25442631958425643,-3.97785054830862,-1.490780241939385,-6.163100886002848
22300291,2024,12/02/2023,LAL,HOU,10.0,False,-3.1999999999999997,-1.0,1,0,3,6,6.707832304192396,-13.283354877718835,2.972714414534003,-19.24989630482649
22300292,2024,12/11/2023,CHA,MIA,-2.0,False,-10.3,0.0,2,4,6,6,-20.191335867123914,-1.2881897057597698,-20.7566638432706,0.862333281641753
22300293,2024,12/11/2023,DET,IND,-8.0,False,-19.1,1.0,3,2,6,3,-0.48890245190484194,6.775780649773857,2.565415157663317,7.549292098289399
22300294,2024,12/11/2023,ORL,CLE,10.0,False,5.9,0.0,2,3,5,5,-7.831402996803021,-11.4452995118151,-12.506792991070569,-16.554726050837047
22300295,2024,12/11/2023,PHI,WAS,45.0,False,16.9,0.0,0,3,1,4,-20.001910899947013,-31.524421294088086,-16.767231059648527,-31.41892572387217
22300296,2024,12/11/2023,ATL,DEN,-7.0,False,-3.5,0.0,1,0,5,2,15.01095825301682,23.440680891690313,14.241223096060267,23.170760110467143
22300297,2024,12/11/2023,NYK,TOR,6.0,False,3.5,0.0,1,1,4,3,10.578769071541963,17.89750375956482,9.5974873908707,18.404452470914833
22300298,2024,12/11/2023,HOU,SAS,11.0,False,12.3,0.0,0,0,7,4,0.0,16.83747971355703,0.0,14.742136080609647
22300299,2024,12/11/2023,MEM,DAL,-7.0,False,-6.5,0.0,2,4,6,6,-22.348421589579278,-19.962792926093123,-26.879469296667992,-21.029284455990677
22300300,2024,12/11/2023,MIL,CHI,4.0,False,9.5,0.0,3,1,6,3,2.286777253460098,-5.103921961960005,-1.8783957281493535,-9.268165581451647
22300301,2024,12/11/2023,NOP,MIN,14.0,False,-6.299999999999999,0.0,2,0,6,2,9.963836250542457,2.6633856983415214,11.061101648420514,5.323209606441697
22300302,2024,12/11/2023,OKC,UTA,14.0,False,22.6,0.0,1,2,2,3,-27.272454139180887,-36.52354572066591,-26.636713287157136,-37.789373288889664
22300303,2024,12/11/2023,SAC,BKN,13.0,False,-7.2,0.0,1,3,2,3,-25.0396902383031,-21.638050894040802,-26.638045197932005,-21.978589355810712
22300304,2024,12/11/2023,LAC,POR,5.0,False,13.2,0.0,2,3,5,9,-11.909906007561283,-37.66568305026338,-10.883522678675263,-36.959955860909375
22300305,2024,12/12/2023,BOS,CLE,7.0,False,2.8000000000000003,2.0,0,1,4,4,-19.080660914582722,-14.228066178854728,-20.052705972670037,-13.231963024014298
22300306,2024,12/12/2023,DAL,LAL,2.0,False,-4.8,-2.0,3,1,6,3,24.72275799244438,27.748783276541833,30.18787303987634,29.80206700336981
22300307,2024,12/12/2023,CHI,DEN,-8.0,False,-5.1000000000000005,0.0,1,0,3,2,16.248960684166764,9.181794166294708,16.990893567559713,7.037695325170908
22300308,2024,12/12/2023,PHX,GSW,3.0,False,4.6,0.0,3,1,5,2,28.092697741639167,32.29975825367734,26.800455403215395,31.132600627516027
22300309,2024,12/12/2023,LAC,SAC,20.0,False,5.2,0.0,2,1,3,1,7.065957158845556,11.308214587640324,9.41630581348895,13.503367151470387
22300310,2024,12/13/2023,DET,PHI,-18.0,False,-26.9,0.0,4,0,5,1,28.911095196342878,29.14628119970508,31.039290415788845,32.07798776881701
22300311,2024,12/13/2023,WAS,NOP,-20.0,False,-13.6,0.0,4,2,4,3,15.497527578652079,-0.4630635543528463,11.461729945148338,-4.8850192808578505
22300312,2024,12/13/2023,MIA,CHA,11.0,False,8.1,0.0,4,1,6,4,21.050194526614813,7.524059247815423,20.469521483292034,5.782994431253016
22300313,2024,12/13/2023,TOR,ATL,7.0,False,-0.8000000000000003,0.0,0,2,4,6,-18.352759735445026,-25.464173094917996,-15.758115099921676,-21.14073119900403
22300314,2024,12/13/2023,HOU,MEM,13.0,False,9.6,0.0,0,2,4,6,-18.70583489070341,-36.077701530472154,-17.225474990989987,-32.38738281710627
22300315,2024,12/13/2023,MIL,IND,14.0,False,0.8000000000000007,0.0,3,2,3,2,-2.487712416033215,-2.487712416033215,-4.300321102978746,-4.300321102978746
22300316,2024,12/13/2023,SAS,LAL,-3.0,False,-13.799999999999999,1.0,1,0,5,1,6.024022174314752,4.073765298295932,6.077572390212629,7.579825442891131
22300317,2024,12/13/2023,PHX,BKN,-4.0,False,-2.5000000000000004,-1.0,3,3,6,3,-5.375234517620079,9.27652816509704,-6.347714038929368,9.703524835936886
22300318,2024,12/13/2023,UTA,NYK,4.0,False,-15.0,0.0,2,1,3,4,11.087191070288673,9.778779273166673,15.786232915578902,12.800455509682145
22300319,2024,12/14/2023,BOS,CLE,9.0,False,4.2,0.0,0,1,4,4,-19.19691525171342,-12.915200244495942,-20.174882769950045,-13.71572256736037
22300320,2024,12/14/2023,MIA,CHI,-8.0,False,5.6,-1.0,5,1,5,2,33.329578616548325,29.938717066916748,32.118264158096295,29.48854975785215
22300321,2024,12/14/2023,DAL,MIN,-18.0,False,-5.1,-1.0,4,2,4,2,29.01381539420798,29.01381539420798,27.27514598468654,27.27514598468654
22300322,2024,12/14/2023,DEN,BKN,23.0,False,-6.8,1.0,1,3,1,3,-19.77038116434433,-19.77038116434433,-20.136992969896113,-20.136992969896113
22300323,2024,12/14/2023,POR,UTA,-8.0,False,4.200000000000001,2.0,2,5,5,5,-36.28800008600909,-30.09306632364825,-39.63951340881494,-32.14668792790482
22300324,2024,12/14/2023,SAC,OKC,5.0,False,-13.700000000000001,-1.0,1,0,4,5,4.716823565138172,-4.318852114678471,4.208409911588994,-8.335285285170603
22300325,2024,12/14/2023,LAC,GSW,8.0,False,5.8,0.0,2,2,5,3,-8.630119819261589,14.147131926507143,-7.978761044365202,16.70639540474017
22300326,2024,12/15/2023,CHA,NOP,-5.0,False,-7.9,0.0,1,3,5,5,6.80513567576646,34.97640566381642,5.231513917931196,31.168784869878582
22300327,2024,12/15/2023,PHI,DET,32.0,False,25.4,0.0,0,4,0,5,-29.115714122016488,-35.74027514711136,-31.258971690933116,-37.153819333880236
22300328,2024,12/15/2023,WAS,IND,14.0,False,-15.8,0.0,4,2,4,2,4.166787689912894,4.166787689912894,2.827663884290736,2.827663884290736
22300329,2024,12/15/2023,BOS,ORL,17.0,False,-3.999999999999999,-2.0,2,1,4,2,3.7466943872055225,11.77019794590327,5.420591084412338,17.10513639308485
22300330,2024,12/15/2023,TOR,ATL,-21.0,False,1.9999999999999998,0.0,0,2,1,4,-18.216698640420386,-28.952493091935263,-15.641289814410047,-26.868889969159767
22300331,2024,12/15/2023,SAS,LAL,14.0,False,-13.5,0.0,1,0,3,3,6.027734976887519,-33.94791607220985,6.081318197540957,-28.313543105949915
22300332,2024,12/15/2023,MEM,HOU,-7.0,False,-12.100000000000001,0.0,2,0,7,3,18.66542764216019,30.532005155847102,17.188265529166827,28.462341230800178
22300333,2024,12/15/2023,PHX,NYK,-17.0,False,1.9,0.0,1,1,4,2,-8.929818459441844,6.924011260825296,-7.749842258537625,5.330443416141655
22300334,2024,12/16/2023,MIL,DET,32.0,False,23.7,2.0,3,3,4,4,3.7639055114178035,6.816660718848965,-1.9621104643717793,-1.859817301691674
22300335,2024,12/16/2023,CHA,PHI,-53.0,False,-19.5,0.0,4,0,5,0,50.40391952157398,62.72080458284588,47.57229666395876,58.742238617872744
22300336,2024,12/16/2023,CLE,ATL,8.0,False,3.5999999999999996,1.0,2,2,3,4,15.482735705671686,-10.202331336974382,18.314471286546187,-3.3213496932800695
22300337,2024,12/16/2023,MIA,CHI,2.0,False,-0.7000000000000002,0.0,3,1,5,3,17.865187822160614,13.113846540164218,15.739293078124248,9.048735970159782
22300338,2024,12/16/2023,MIN,IND,18.0,False,6.8999999999999995,1.0,2,2,2,3,-14.66145015435993,-41.56460730228473,-10.52495389300897,-34.25564338622222
22300339,2024,12/16/2023,GSW,BKN,4.0,False,-6.1000000000000005,0.0,2,3,4,4,-9.101791259612657,-9.385043048082437,-9.018332422784287,-7.746826034793173
22300340,2024,12/16/2023,DEN,OKC,-1.0,False,-2.6999999999999993,0.0,1,0,2,6,9.60173004144891,-11.43575319184664,10.347068813002899,-14.105164137665456
22300341,2024,12/16/2023,POR,DAL,-11.0,False,-5.0,0.0,2,3,7,5,-19.746438739509404,-6.694306682362818,-21.200912992012903,-10.383385702734078
22300342,2024,12/16/2023,SAC,UTA,21.0,False,7.6000000000000005,0.0,1,5,2,5,-38.78522971990657,-16.755411146168463,-42.98410257196528,-23.19723420781833
22300343,2024,12/16/2023,LAC,NYK,22.0,False,4.8,1.0,2,1,4,2,-1.9069952602272124,5.793209165827665,0.5753830829712268,6.944197471909103
22300344,2024,12/17/2023,BOS,ORL,17.0,False,1.6000000000000005,0.0,1,1,2,3,-7.682492846249313,-21.305871228020617,-6.2368146703631915,-16.190730292242318
22300345,2024,12/17/2023,SAS,NOP,-36.0,False,-7.6000000000000005,0.0,1,3,3,3,-5.837498997391287,2.2678456966443434,-7.016507918781669,4.038762187786713
22300346,2024,12/17/2023,MIL,HOU,9.0,False,2.4000000000000004,-1.0,3,0,6,4,23.65607365607366,12.249334557454688,17.99134281352816,1.6509181140714873
22300347,2024,12/17/2023,PHX,WAS,4.0,False,10.6,0.0,2,3,7,6,-2.1256809666300747,7.73807179388416,1.399189557707043,11.528982533381559
22300348,2024,12/17/2023,POR,GSW,-4.0,False,-2.1,0.0,2,2,8,3,-8.652665004729073,10.652903583808826,-9.800412523808962,9.10578999662961
22300349,2024,12/18/2023,CLE,HOU,5.0,False,-0.10000000000000009,1.0,2,0,3,3,33.53229651932881,22.482958846587664,33.80398644156486,21.90214669695975
22300350,2024,12/18/2023,IND,LAC,-24.0,False,-11.0,0.0,2,2,3,4,10.314807989635495,16.342350408613356,6.91853736655017,13.884420615054612
22300351,2024,12/18/2023,PHI,CHI,-4.0,False,20.5,0.0,1,1,5,3,-12.303746746568368,-6.367658762744696,-13.015431363646233,-8.199002199149756
22300352,2024,12/18/2023,ATL,DET,6.0,False,14.100000000000001,0.0,2,4,6,6,-11.352409340677056,-4.131020147760836,-16.552538428210013,-9.16555630399997
22300353,2024,12/18/2023,MIA,MIN,-4.0,False,-10.600000000000001,0.0,2,0,6,4,13.787498899913679,18.054725203358302,11.819367845651678,10.17960601793905
22300354,2024,12/18/2023,TOR,CHA,15.0,False,8.1,1.0,0,1,4,6,-18.781875288277803,-58.82034250632843,-18.436073711260953,-53.754277052209325
22300355,2024,12/18/2023,OKC,MEM,19.0,False,9.8,-1.0,0,3,3,7,-23.1871382851325,-35.63460001907009,-22.753894183686683,-33.58913125481659
22300356,2024,12/18/2023,DEN,DAL,26.0,False,0.8999999999999995,0.0,0,4,1,4,-44.3188698284561,-36.23384010408211,-46.13173129394535,-37.26137188494425
22300357,2024,12/18/2023,UTA,BKN,17.0,False,-14.5,0.0,3,3,4,3,-9.236236028453419,-2.872945917586012,-8.599060524235668,-2.1442730365067604
22300358,2024,12/18/2023,SAC,WAS,12.0,False,14.3,1.0,1,4,2,4,-22.364175325049565,-17.070057677990743,-19.19811596856679,-14.145792565497963
22300359,2024,12/18/2023,LAL,NYK,-5.0,False,1.4,1.0,0,1,2,4,-13.738868971897768,-7.234360842752734,-13.088865091433252,-4.736939627875179
22300360,2024,12/19/2023,NOP,MEM,-2.0,False,11.5,1.0,3,5,5,8,-16.047768665572164,-21.316965290309078,-15.807946837481492,-22.033813515351
22300361,2024,12/19/2023,MIL,SAS,13.0,False,17.9,0.0,2,3,2,4,-15.579530974093894,-23.13710578217787,-24.18082473841917,-30.635054879947837
22300362,2024,12/19/2023,GSW,BOS,6.0,False,-6.699999999999999,0.0,2,1,2,4,13.570735180560021,-12.195336015163022,14.477784947386048,-13.631031323652582
22300363,2024,12/19/2023,POR,PHX,5.0,False,-1.4000000000000004,0.0,2,2,7,7,-6.426814766450152,-9.080730686659642,-6.622262249985624,-12.187352510641201
22300364,2024,12/20/2023,CLE,UTA,8.0,False,12.3,0.0,2,4,4,6,6.6720964387849335,21.33760708415931,5.0899972224107515,21.533489224923883
22300365,2024,12/20/2023,IND,CHA,31.0,False,7.1000000000000005,0.0,1,1,1,3,-10.237176307837172,-32.30904124904456,-10.968564121715549,-30.287690668035864
22300366,2024,12/20/2023,ORL,MIA,-9.0,False,3.5999999999999996,1.0,2,3,3,6,-8.672385769470697,-23.16386880547475,-12.72471202869325,-22.513736331124218
22300367,2024,12/20/2023,PHI,MIN,14.0,False,8.8,0.0,1,1,2,1,7.049670479148482,14.566266223829333,3.516689063410489,10.258827428190362
22300368,2024,12/20/2023,BKN,NYK,-19.0,False,0.2999999999999998,0.0,3,1,3,3,15.727898716438505,9.342616071040588,17.501199135557655,10.157176425628123
22300369,2024,12/20/2023,TOR,DEN,-9.0,False,-9.6,0.0,0,0,4,2,0.0,-0.0540726128777127,0.0,2.0426164961838147
22300370,2024,12/20/2023,CHI,LAL,16.0,False,-5.199999999999999,0.0,2,0,3,0,23.66949152542373,26.99768875192604,24.297558250472797,26.87867459665233
22300371,2024,12/20/2023,HOU,ATL,-7.0,False,4.7,0.0,0,2,5,5,-17.955141163157336,4.661419498919415,-15.416710356531782,9.601047616386623
22300372,2024,12/20/2023,DAL,LAC,-9.0,False,-8.6,0.0,4,2,7,7,32.6511211442875,8.49690842194002,32.669943356876686,9.317395746504722
22300373,2024,12/20/2023,SAC,BOS,-25.0,False,-6.499999999999999,1.0,1,3,1,4,-33.12830592097516,-36.171509738327316,-36.222041295267296,-39.09009499858916
22300374,2024,12/21/2023,DET,UTA,-8.0,False,-9.9,2.0,3,5,6,6,-28.888003304855722,-12.813080788006793,-28.345679175849618,-15.863430711061632
22300375,2024,12/21/2023,CLE,NOP,-19.0,False,-4.0,-1.0,3,3,3,5,40.76841145418746,20.875173020023755,41.06088972983325,20.464003157696546
22300376,2024,12/21/2023,CHI,SAS,19.0,False,14.2,-1.0,2,1,2,3,17.327110034636377,4.84178093075057,17.896365285638016,5.5733897274512465
22300377,2024,12/21/2023,MEM,IND,13.0,False,-2.1999999999999997,1.0,3,0,9,3,14.313054471739653,21.709589100133087,15.194401633984025,25.636269490720075
22300378,2024,12/21/2023,MIL,ORL,4.0,False,10.0,1.0,2,1,5,6,-0.6972586388959296,-25.905241471021107,-1.7076828562926458,-27.291544918629242
22300379,2024,12/21/2023,OKC,LAC,19.0,False,-6.199999999999999,2.0,0,1,5,3,-2.907634298534151,-10.635898434913077,-3.963979271523775,-7.098363978422892
22300380,2024,12/21/2023,MIN,LAL,7.0,False,5.0,0.0,1,2,4,3,-30.261696977088583,-20.74283518019256,-22.491802842899297,-12.893955523171215
22300381,2024,12/21/2023,POR,WAS,-1.0,False,7.1000000000000005,-1.0,3,3,8,6,0.7827377818861443,8.179673084858969,4.420790992311222,9.65122516296471
22300382,2024,12/22/2023,PHI,TOR,10.0,False,20.200000000000003,0.0,1,0,6,2,8.53021978021978,28.80513294317933,7.657751974873893,24.389139619235223
22300383,2024,12/22/2023,BKN,DEN,-5.0,False,-7.4,0.0,2,0,3,1,20.876441515650743,22.597218011085538,21.872717755910113,23.80420791665063
22300384,2024,12/22/2023,MIA,ATL,9.0,False,1.3,0.0,3,2,6,5,6.007567474725725,6.9373094108105775,5.585218315882493,5.178159425836
22300385,2024,12/22/2023,HOU,DAL,26.0,False,-0.30000000000000004,0.0,0,6,4,6,-78.20090727568851,-50.5523663984294,-79.96176532556214,-50.194491429675466
22300386,2024,12/22/2023,GSW,WAS,11.0,False,13.1,2.0,2,3,3,4,-0.42401234233363283,2.987084020116999,3.4131678231878624,8.781639951709124
22300387,2024,12/22/2023,SAC,PHX,15.0,False,3.4,-1.0,1,2,1,4,-23.00762894627794,-32.77566651565321,-23.723005787268406,-34.42934712655018
22300388,2024,12/23/2023,NYK,MIL,-19.0,False,-8.9,1.0,2,1,3,6,8.21835205115668,-3.42750439894337,10.420478090593722,1.2779972797765353
22300389,2024,12/23/2023,LAC,BOS,-37.0,False,-0.8999999999999986,-1.0,1,1,3,3,-13.859256589388206,-0.033046851293633495,-14.08011187621113,-1.1283498460481134
22300390,2024,12/23/2023,CHA,DEN,-7.0,False,-18.4,2.0,1,0,6,2,18.182694488546158,48.438898118902195,17.84792469947834,46.427944872611675
22300391,2024,12/23/2023,IND,ORL,-7.0,False,-2.0,0.0,0,1,3,5,-13.246876482682273,-9.818373040314562,-10.410311061725764,-6.768687969984228
22300392,2024,12/23/2023,NOP,HOU,-2.0,False,2.4000000000000004,1.0,2,1,5,4,6.464734868119059,4.527460219094674,6.4142156880004775,2.902356487589156
22300393,2024,12/23/2023,ATL,MEM,-6.0,False,1.4,-1.0,3,2,7,9,14.484960494248714,-7.6347502023553275,13.612917739850456,-9.584916216694268
22300394,2024,12/23/2023,BKN,DET,11.0,False,14.4,-1.0,1,2,1,6,2.342029558271589,-32.065102973182235,0.26810406214142635,-33.1347650496306
22300395,2024,12/23/2023,TOR,UTA,-7.0,False,2.3,-1.0,0,1,4,6,-7.7110413983295265,-21.106710419957125,-8.085493155585445,-20.13519317905523
22300396,2024,12/23/2023,CHI,CLE,-14.0,False,5.2,0.0,2,3,3,5,-29.165583507417917,-41.72114568132721,-30.076828344602667,-43.80884028935482
22300397,2024,12/23/2023,OKC,LAL,-9.0,False,3.7,0.0,1,0,4,3,11.735417248116104,5.633097347840156,12.90422093744196,12.403931105332482
22300398,2024,12/23/2023,DAL,SAS,25.0,False,10.0,-1.0,4,1,7,3,36.87167060798552,23.707816230054316,38.581197994010445,21.437650554969366
22300399,2024,12/23/2023,GSW,POR,20.0,False,5.9,-1.0,3,3,3,5,6.823594773876607,0.3543208454144171,9.353294629776158,3.540934665347965
22300400,2024,12/23/2023,SAC,MIN,-12.0,False,-4.3,-1.0,1,2,5,3,-20.99445197461067,-3.583191160862576,-20.937366674805055,-2.4245470040722807
22300401,2024,12/25/2023,NYK,MIL,7.0,False,-14.0,0.0,2,1,5,5,8.226522832894606,4.094642785837369,10.420580835414764,9.730581392639479
22300402,2024,12/25/2023,DEN,GSW,6.0,False,3.2,0.0,0,2,2,4,-19.4398094136332,-13.48567576213923,-20.583137893254477,-14.825188950964336
22300403,2024,12/25/2023,LAL,BOS,-11.0,False,-8.299999999999999,0.0,1,0,3,5,7.26397248495271,-5.7005272717124775,3.114044542404902,-9.511107285555447
22300404,2024,12/25/2023,MIA,PHI,6.0,False,-17.5,0.0,1,2,6,5,-39.6438436054665,-11.925294879028122,-36.85702804872046,-7.5501006271121085
22300405,2024,12/25/2023,PHX,DAL,-14.0,False,-7.5,1.0,2,2,6,5,1.208946657884784,7.058743310083315,0.5447680356756237,7.790306655182576
22300406,2024,12/26/2023,DET,BKN,-6.0,False,-13.2,0.0,2,1,6,2,-2.363376974700225,14.857527138348487,-0.2724415287786215,15.663391223064458
22300407,2024,12/26/2023,WAS,ORL,-8.0,True,-8.3,0.0,0,2,5,5,-20.180522565320665,-7.75911574691834,-17.19728700420068,-6.423368710810518
22300408,2024,12/26/2023,CHI,ATL,5.0,False,5.4,0.0,2,2,3,4,10.011072263554604,20.817737390018877,11.390752261956457,24.381197120629597
22300409,2024,12/26/2023,HOU,IND,-6.0,False,11.1,0.0,0,1,4,4,-11.655229620692253,-14.992416996526085,-11.74206176616251,-11.467638259300266
22300410,2024,12/26/2023,NOP,MEM,-1.0,False,9.2,0.0,1,3,6,7,-10.004165424412195,-7.89838580908134,-11.15082463647936,-8.050209609969784
22300411,2024,12/26/2023,OKC,MIN,23.0,False,-0.8000000000000007,0.0,0,0,4,2,0.0,12.325281218984305,0.0,10.955910808802525
22300412,2024,12/26/2023,SAS,UTA,-12.0,False,-6.2,0.0,1,1,3,2,3.82477259806834,7.595671913515707,3.2202670551063224,7.3269163384086315
22300413,2024,12/26/2023,POR,SAC,17.0,False,-7.3,0.0,1,0,4,0,2.02557984637093,26.681775907368802,2.1478609537711213,30.816444515199798
22300414,2024,12/26/2023,LAC,CHA,9.0,False,19.3,0.0,1,1,5,6,-14.1128456785103,-10.881760489383232,-12.747285999303534,-13.47447432614159
22300415,2024,12/27/2023,ORL,PHI,-20.0,False,-20.6,-1.0,0,3,3,4,-46.43495531281033,-25.844283501742407,-43.123049717257395,-24.622695820239212
22300416,2024,12/27/2023,WAS,TOR,-30.0,False,-6.1,-2.0,1,0,2,0,9.368177307310617,13.575917962289115,7.916670298859919,11.957340181408728
22300417,2024,12/27/2023,BKN,MIL,-22.0,False,-13.600000000000001,-1.0,4,1,5,1,55.35304593317349,65.3274142964104,47.11947007256753,56.452555192371584
22300418,2024,12/27/2023,HOU,PHX,-16.0,False,9.2,-1.0,2,1,2,4,2.673225934016301,-14.215662954872588,3.607624075883706,-14.2670465629854
22300419,2024,12/27/2023,OKC,NYK,9.0,False,8.6,-1.0,1,2,4,5,-12.33832325708359,-7.15496589123876,-12.408016094331552,-2.7567073186644677
22300420,2024,12/27/2023,DAL,CLE,-3.0,False,-1.9,-1.0,1,2,6,5,-13.76055912030725,-24.02975889647501,-13.475053261279587,-24.13748978141902
22300421,2024,12/28/2023,BOS,DET,6.0,False,28.4,1.0,1,3,5,6,-0.8339471843593387,3.792387831318891,-0.36621386365981223,3.9030234337051652
22300422,2024,12/28/2023,CHI,IND,-16.0,False,9.2,0.0,3,1,3,4,29.21025010808265,7.164702423520858,31.253617451363475,10.197127388296934
22300423,2024,12/28/2023,MIN,DAL,8.0,False,6.3,1.0,0,2,5,5,-46.72841639593557,-40.64170553551536,-48.03669330080502,-38.75027960374457
22300424,2024,12/28/2023,NOP,UTA,7.0,False,5.6,0.0,2,1,5,4,9.500786898237944,5.070359073656597,8.001136493539445,3.187382549859329
22300425,2024,12/28/2023,DEN,MEM,37.0,False,11.6,1.0,1,3,1,7,0.1767765034963329,-35.66117595362952,0.8286621988998562,-33.843083565162644
22300426,2024,12/28/2023,GSW,MIA,-12.0,False,0.6000000000000001,0.0,2,5,3,7,-22.97534799820518,-33.550417525495114,-20.062544300646127,-30.22954063241411
22300427,2024,12/28/2023,POR,SAS,-13.0,False,7.799999999999999,0.0,3,2,7,3,11.46341239138362,29.303677520957518,15.973526068250568,32.86838081430955
22300428,2024,12/28/2023,LAL,CHA,21.0,False,15.6,1.0,1,2,2,4,-19.706455823149284,-31.85814859758811,-23.36823818064257,-34.45257066540027
22300429,2024,12/29/2023,ORL,NYK,9.0,False,-1.0,0.0,1,2,5,5,-8.663478316448204,12.824822375546766,-9.852013736108091,12.050279731887692
22300430,2024,12/29/2023,WAS,BKN,6.0,False,-6.0,0.0,0,2,5,3,-13.314306100606494,2.9582132207470586,-10.951608228792113,3.585584900125294
22300431,2024,12/29/2023,ATL,SAC,-7.0,False,-1.9,0.0,1,0,5,5,10.06993006993007,-1.1845020464629101,11.07008974649206,-0.5664929734287227
22300432,2024,12/29/2023,BOS,TOR,2.0,False,14.600000000000001,-1.0,1,0,4,2,12.387230490227122,46.663607234874,11.991645936273997,48.482096028757205
22300433,2024,12/29/2023,CLE,MIL,-8.0,False,-9.6,0.0,2,1,3,3,28.42481851112315,27.138543932184767,30.044001939360747,31.06821033461901
22300434,2024,12/29/2023,HOU,PHI,-4.0,False,-17.7,0.0,3,3,4,6,-14.204250498972236,-19.256374193231935,-12.667225916627693,-16.573010879438442
22300435,2024,12/29/2023,DEN,OKC,-26.0,False,6.299999999999999,-1.0,1,1,1,3,10.587104109964942,1.8491178310523733,12.495661882994185,5.174763034032903
22300436,2024,12/29/2023,PHX,CHA,14.0,False,10.8,1.0,0,2,7,6,-27.062342468244097,-19.98337668972099,-26.57045230283392,-16.28481765125222
22300437,2024,12/29/2023,POR,SAS,6.0,False,4.8,0.0,4,3,8,4,8.672425620225766,14.10061422240279,10.309559437786845,15.829557720795641
22300438,2024,12/29/2023,LAC,MEM,11.0,False,14.0,2.0,1,1,5,7,1.8121553109378687,4.016344787709706,1.3910335758276142,1.3771998493276243
22300439,2024,12/30/2023,UTA,MIA,8.0,False,-2.1,0.0,2,2,5,6,-2.9728580812618377,-14.16603338944929,-0.5475431968217404,-11.803701901326455
22300440,2024,12/30/2023,DET,TOR,2.0,False,-15.3,1.0,2,3,5,4,-13.846985822719006,-0.44837956868844486,-14.176106481679879,-0.9644094253065063
22300441,2024,12/30/2023,IND,NYK,14.0,False,-2.0,1.0,1,3,2,5,-23.58805820433498,-26.419905448826643,-27.067709908999017,-33.142511701855284
22300442,2024,12/30/2023,CHI,PHI,13.0,False,-17.8,1.0,3,2,3,4,1.7250845027143242,-4.426713100481415,6.304022260683944,-0.1008794997524518
22300443,2024,12/30/2023,MIN,LAL,2.0,False,4.8,0.0,0,1,5,3,-7.296596994299535,0.7113620819733342,-3.12803057766186,7.937834491027662
22300444,2024,12/30/2023,GSW,DAL,-10.0,False,5.199999999999999,0.0,1,0,4,6,12.521994647823274,-10.512474582858385,13.732703601589888,-9.13720080184019
22300445,2024,12/31/2023,WAS,ATL,-4.0,False,-9.4,0.0,1,1,5,5,-3.6146164131706486,-3.8828764833695466,-4.600872838217881,-8.165425247149376
22300446,2024,12/31/2023,NOP,LAL,20.0,False,7.6,2.0,1,3,5,3,-22.156162416726357,0.7740064559345257,-17.57886131830558,5.97450175111091
22300447,2024,12/31/2023,OKC,BKN,16.0,False,17.4,0.0,1,2,4,2,-8.767075906333655,4.941612102391952,-6.857793787434684,6.349228233605414
22300448,2024,12/31/2023,SAS,BOS,-33.0,False,-22.3,0.0,2,0,3,1,18.203907404367097,20.44705953521672,18.114501875313817,18.157835910350293
22300449,2024,12/31/2023,MEM,SAC,-31.0,False,-7.1000000000000005,0.0,1,0,4,0,1.0638978771823775,17.2819774786324,2.530029524957099,19.160035864144692
22300450,2024,12/31/2023,PHX,ORL,5.0,False,-2.5,0.0,1,1,7,4,-3.224881531775404,12.860198376167048,-1.990358662904832,16.32460096006192
22300451,2024,01/01/2024,NYK,MIN,6.0,False,-4.7,0.0,1,0,7,4,13.642067964270778,32.583683628736715,12.996643866226425,32.708421165999425
22300452,2024,01/01/2024,TOR,CLE,3.0,False,1.0,-1.0,0,2,6,3,-32.34069601144129,-0.43331016177877046,-32.602731186376104,-0.6255851902455518
22300453,2024,01/01/2024,HOU,DET,23.0,False,12.6,1.0,2,2,2,3,1.537006782243596,-1.3129601708297685,2.8172223318998775,0.8013023341987946
22300454,2024,01/01/2024,MIL,IND,-9.0,False,14.100000000000001,1.0,0,0,3,3,0.0,-13.626074192108742,0.0,-12.358798034097575
22300455,2024,01/01/2024,DEN,CHA,18.0,False,26.200000000000003,0.0,0,2,2,5,-26.876999906558552,-47.96430709257645,-26.388478561989807,-43.95156195381962
22300456,2024,01/01/2024,PHX,POR,21.0,False,2.0999999999999996,-2.0,1,2,3,6,-4.189559396515389,-12.028270992282746,-9.772335544959791,-18.377415122315742
22300457,2024,01/01/2024,UTA,DAL,37.0,False,5.8,0.0,2,0,3,3,6.581273048639448,3.8503425867142465,8.619310859441354,6.272093923695513
22300458,2024,01/01/2024,LAC,MIA,17.0,False,2.1,1.0,0,2,2,5,-19.02274175351405,-30.756695113455716,-18.902954715536488,-30.151487099740915
22300459,2024,01/02/2024,PHI,CHI,13.0,False,10.3,0.0,2,3,3,3,-23.504078205227497,-19.435605544433077,-26.20657855411895,-21.98243477262863
22300460,2024,01/02/2024,MEM,SAS,8.0,False,2.4000000000000004,0.0,2,2,8,3,-12.760383878424287,11.074691625257941,-11.051240587726422,15.574038901987421
22300461,2024,01/02/2024,NOP,BKN,27.0,False,21.1,0.0,1,2,2,2,-8.431270049654326,4.206126327379755,-6.412089072645282,6.171150137764069
22300462,2024,01/02/2024,OKC,BOS,4.0,False,-3.799999999999999,0.0,1,0,5,5,4.6190418656176595,-1.4085293929982363,4.154185646447544,-3.2511477635279356
22300463,2024,01/02/2024,GSW,ORL,6.0,False,4.3999999999999995,1.0,1,2,4,4,-3.282963966160583,6.4843947716929335,-0.36628144512436833,9.607359364042676
22300464,2024,01/02/2024,SAC,CHA,-7.0,True,20.099999999999998,1.0,0,3,5,6,-40.93459349695405,-38.60608012060071,-40.24029756465818,-37.04232519589099
22300465,2024,01/03/2024,CLE,WAS,39.0,False,6.0,-1.0,2,0,2,1,32.22292590246991,25.7911038899973,32.48400686444978,26.04262353852238
22300466,2024,01/03/2024,IND,MIL,12.0,False,-10.5,0.0,0,1,2,1,-3.253150057273769,8.342135273569971,-2.802128869875556,6.625259049633698
22300467,2024,01/03/2024,ATL,OKC,3.0,False,-10.700000000000001,2.0,1,1,5,6,5.388927982527544,-5.173097656510283,6.846842322571432,-5.63873715537602
22300468,2024,01/03/2024,NYK,CHI,16.0,False,-3.9,1.0,1,3,3,3,-25.648278529861653,-19.620091470284457,-28.352567248311942,-21.94888329415961
22300469,2024,01/03/2024,HOU,BKN,11.0,False,11.0,1.0,2,2,5,3,2.018965671992561,12.558633761825721,5.084150348399284,17.483343937100884
22300470,2024,01/03/2024,MEM,TOR,-5.0,False,-7.9,-1.0,4,1,7,5,15.096697878859558,17.62552775226512,17.0814619575746,19.072656605956663
22300471,2024,01/03/2024,MIN,NOP,-11.0,False,-10.3,1.0,0,0,2,3,0.0,-14.67003737092659,0.0,-11.872819557505382
22300472,2024,01/03/2024,DAL,POR,29.0,False,0.09999999999999964,0.0,1,1,2,4,-1.656487207758179,-6.593966799177936,-6.425887649978138,-10.59509407220021
22300473,2024,01/03/2024,PHX,LAC,-9.0,True,-5.9,0.0,1,0,5,5,21.79939733103745,19.29080780954956,19.12328203550676,16.467284517384567
22300474,2024,01/03/2024,UTA,DET,6.0,False,20.1,0.0,1,2,5,5,-11.929842652012708,-5.652258361132972,-10.637013350601698,-3.52116790791278
22300475,2024,01/03/2024,LAL,MIA,-14.0,False,-5.4,1.0,3,3,4,8,3.1476834782388963,-21.093132984321397,1.4995001082369406,-19.17946201348662
22300476,2024,01/03/2024,SAC,ORL,3.0,False,8.4,0.0,0,2,5,3,-15.708333333333332,-7.962572133975851,-13.989648541914569,-3.8294771482870615
22300477,2024,01/04/2024,SAS,MIL,-4.0,False,-20.4,1.0,3,0,5,2,22.00469326181696,31.07117067693333,22.562643928064034,30.9578661071655
22300478,2024,01/04/2024,GSW,DEN,-3.0,False,-8.9,-1.0,2,0,5,2,18.680738786279683,18.10174921012619,20.243236342722373,21.104073064251608
22300479,2024,01/05/2024,BOS,UTA,29.0,False,7.9,1.0,0,2,1,2,-6.58027270895893,6.305136894690209,-8.618000742294155,3.254495908485227
22300480,2024,01/05/2024,IND,ATL,34.0,False,2.0,0.0,0,1,1,3,-9.954419079681502,-7.777724755292568,-10.943106041552914,-10.084805028693923
22300481,2024,01/05/2024,BKN,OKC,9.0,False,-21.1,0.0,1,1,2,4,-0.7376419304058497,-7.1335513464221645,-0.5794027430575479,-6.821989456649376
22300482,2024,01/05/2024,CLE,WAS,24.0,False,12.5,0.0,2,1,2,2,27.12627664696422,20.578575891988244,27.36608649018338,20.80865216061453
22300483,2024,01/05/2024,PHI,NYK,-36.0,False,14.3,1.0,2,1,4,3,1.6806347077885775,3.9699596414313127,2.204675598515152,4.262897630355319
22300484,2024,01/05/2024,CHI,CHA,13.0,False,16.200000000000003,-1.0,1,3,3,5,-33.278734267899544,-21.1355526671844,-32.6773609661287,-20.99699558702514
22300485,2024,01/05/2024,HOU,MIN,-27.0,False,1.8,0.0,2,0,3,1,15.587704762841298,26.301340369988658,16.247814606096505,24.13706078014515
22300486,2024,01/05/2024,NOP,LAC,-16.0,False,6.7,0.0,0,1,2,2,-2.8910756701730578,0.3481577065645336,-3.885892140458444,-0.6584314999952703
22300487,2024,01/05/2024,DAL,POR,36.0,False,3.9999999999999996,0.0,2,2,6,7,-3.3303033811736853,27.905648725157775,-6.490627407097785,26.163361417766957
22300488,2024,01/05/2024,DEN,ORL,-2.0,False,12.4,-1.0,0,4,2,6,-41.09532062391681,-51.18185998205804,-37.31139729601725,-48.44724321733768
22300489,2024,01/05/2024,PHX,MIA,16.0,False,-1.5,0.0,0,4,4,5,-28.53037913473812,4.91033470461786,-29.100631400656994,0.4896157555984857
22300490,2024,01/05/2024,GSW,DET,4.0,False,14.8,-1.0,2,2,3,4,4.208431603316519,-4.670837656489081,6.392204847292378,-1.2700018132996114
22300491,2024,01/05/2024,LAL,MEM,-14.0,False,1.3999999999999995,0.0,2,3,4,7,4.563511903816863,-2.9691851555270574,0.4667604893393751,-6.965467147601871
22300492,2024,01/05/2024,SAC,TOR,5.0,False,2.5999999999999996,0.0,0,1,5,5,-2.2628076645554396,-2.8372326940932595,-3.654632557047861,-5.847315859358915
22300493,2024,01/06/2024,IND,BOS,-17.0,False,-7.2,0.0,1,0,3,2,11.670503123972377,13.1776273639097,11.526450225299287,7.953065720601433
22300494,2024,01/06/2024,WAS,NYK,-16.0,False,-16.3,0.0,1,1,2,5,-7.907407132809973,-13.480162604460116,-7.262212175002482,-13.043568306028897
22300495,2024,01/06/2024,PHI,UTA,-11.0,False,0.40000000000000036,0.0,4,2,7,5,24.06986730980402,49.889113387865095,23.145406005980707,47.439858393588324
22300496,2024,01/06/2024,HOU,MIL,4.0,False,-5.3999999999999995,-1.0,3,0,6,1,27.75017200519838,34.56843301165178,28.24818504491988,38.73400137506215
22300497,2024,01/07/2024,CLE,SAS,2.0,False,21.4,-1.0,2,2,3,5,13.553872789912742,1.9894847462046386,13.905716321219494,4.38159765136286
22300498,2024,01/07/2024,BKN,POR,-7.0,False,1.5999999999999996,0.0,1,2,2,8,-14.694644975953869,-34.17561077766953,-17.02829595953587,-37.394360759098255
22300499,2024,01/07/2024,ORL,ATL,7.0,False,2.8000000000000003,0.0,4,1,6,5,28.74419453866151,29.012962905639895,24.19365354862385,27.3276093195499
22300500,2024,01/07/2024,SAC,NOP,-33.0,False,-8.700000000000001,0.0,0,2,2,3,-8.663101604278074,-15.280109225427829,-8.20213887945907,-14.864572289300389
22300501,2024,01/07/2024,DAL,MIN,7.0,False,2.5,0.0,1,0,6,4,11.805176016717567,23.655897475071495,9.958894987025511,20.136409597067043
22300502,2024,01/07/2024,DEN,DET,17.0,False,18.3,0.0,1,2,1,4,-9.500790522861719,-21.1695688034047,-9.079950683585531,-20.9202494434697
22300503,2024,01/07/2024,PHX,MEM,-6.0,False,7.3,0.0,2,3,6,7,-0.9989641697340232,-11.264493712526047,-2.4404543638468432,-13.726680851519358
22300504,2024,01/07/2024,GSW,TOR,-15.0,False,0.19999999999999996,0.0,3,2,4,2,25.212025928102836,27.878250434818142,25.08510973100296,29.14413808450984
22300505,2024,01/07/2024,LAL,LAC,3.0,False,-12.0,0.0,2,1,3,6,12.457603746540933,-7.455194187831726,9.660128381232889,-9.32082713883673
22300506,2024,01/08/2024,CHA,CHI,-7.0,False,-18.5,0.0,4,1,6,2,39.67690364403935,47.728589063731036,39.06656003119916,45.54210770008208
22300507,2024,01/08/2024,IND,BOS,2.0,False,-6.5,0.0,0,2,2,4,-29.613988782580012,-28.936809068534853,-30.284040670900012,-34.065717767582804
22300508,2024,01/08/2024,WAS,OKC,-8.0,False,-23.2,-1.0,0,1,5,7,-4.626322886446288,-8.472451690313655,-4.160733911888245,-12.23721888763805
22300509,2024,01/08/2024,MIA,HOU,7.0,False,0.09999999999999998,1.0,2,3,7,6,-8.41868665147457,9.20654833345808,-9.01397286416205,2.9148642275555687
22300510,2024,01/08/2024,MIL,UTA,-16.0,False,-0.7000000000000002,0.0,2,2,3,5,21.764624955639054,6.690161406532184,19.698959341506043,3.9973358406092423
22300511,2024,01/08/2024,LAC,PHX,27.0,False,1.3000000000000003,0.0,1,2,3,3,-7.026745559519979,-4.670149029224879,-6.881023209555969,-2.9701954817055487
22300512,2024,01/09/2024,DET,SAC,-21.0,False,-5.2,0.0,3,0,4,3,32.978975152452904,28.416310674891207,30.49021316341519,26.058330840951356
22300513,2024,01/09/2024,ORL,MIN,-21.0,False,0.0,0.0,5,0,6,2,45.03340095996833,40.13703611961951,42.49298871459197,35.624449803404524
22300514,2024,01/09/2024,NYK,POR,28.0,False,13.4,1.0,1,1,3,5,8.424699419074111,-17.75315957972428,8.490741449779975,-19.78546642766183
22300515,2024,01/09/2024,DAL,MEM,-17.0,False,8.3,0.0,2,3,3,7,-1.272592409188519,-31.2320351618139,-2.6254852028819293,-31.217520074183916
22300516,2024,01/09/2024,LAL,TOR,1.0,False,-6.8999999999999995,0.0,1,2,3,4,-12.664630046416276,-6.9212056230433845,-19.103849839743088,-10.240473659543891
22300517,2024,01/10/2024,BOS,MIN,7.0,False,12.4,1.0,0,1,5,4,-14.34878587196468,-6.23690368356899,-14.16555370317494,-5.634841255800488
22300518,2024,01/10/2024,CHA,SAC,-25.0,False,-14.100000000000001,1.0,3,0,6,3,39.06487126628361,43.463765288997244,38.40228788878261,39.21789008901584
22300519,2024,01/10/2024,DET,SAS,-22.0,False,0.9000000000000004,-2.0,2,2,4,3,4.5298611919866225,15.505794837200348,1.8671272806815828,15.627095626703976
22300520,2024,01/10/2024,IND,WAS,8.0,False,18.9,0.0,1,3,3,6,9.57377668767753,12.933624247998058,10.018898401560534,11.880435135805374
22300521,2024,01/10/2024,ATL,PHI,7.0,False,-3.9,0.0,2,3,5,5,-31.105930643187445,-14.311189382648145,-28.050930488119835,-12.756888564111073
22300522,2024,01/10/2024,MIA,OKC,-8.0,False,-7.2,0.0,1,3,7,5,1.0000239736651206,29.18061076554787,2.3816809491243145,25.194445080716207
22300523,2024,01/10/2024,CHI,HOU,5.0,False,0.7999999999999999,0.0,1,3,3,6,-19.442448139464528,-21.63330692250539,-20.007042189940044,-25.68674844988698
22300524,2024,01/10/2024,UTA,DEN,13.0,False,-0.5,-1.0,1,1,2,1,-2.6355671941248473,5.571099349155863,-1.7470310802920563,6.270013823401921
22300525,2024,01/10/2024,GSW,NOP,-36.0,False,-9.5,0.0,3,1,4,2,29.458216163362188,25.547439997582536,30.76725355999531,28.74229147128622
22300526,2024,01/10/2024,LAC,TOR,6.0,False,1.2999999999999998,1.0,1,3,6,4,-20.983429939070362,-20.80216501031233,-22.349199688139,-22.17635683057225
22300527,2024,01/11/2024,CLE,BKN,9.0,False,13.3,0.0,2,2,4,2,14.92238693966646,27.57989522957645,17.214105384877,30.435664283531032
22300528,2024,01/11/2024,MIL,BOS,33.0,False,-12.7,2.0,0,1,0,1,-13.504950495049505,-13.504950495049505,-12.864172783574437,-12.864172783574437
22300529,2024,01/11/2024,OKC,POR,62.0,False,19.1,-1.0,0,1,2,5,-4.932585660469017,-32.87076641886144,-4.1718191419363615,-35.71622862401408
22300530,2024,01/11/2024,DAL,NYK,4.0,False,-0.20000000000000018,0.0,2,1,6,6,26.885898273601587,38.22968857420613,26.14273499983046,36.8030517704111
22300531,2024,01/11/2024,LAL,PHX,-18.0,False,-3.5,-1.0,1,0,3,2,6.782273603082853,13.61612169436152,2.907541588645554,10.649822096438479
22300532,2024,01/12/2024,PHI,SAC,19.0,False,-3.5,0.0,3,1,4,1,36.30102004300041,45.40745893918964,33.52980068572118,43.412452940028
22300533,2024,01/12/2024,ATL,IND,-18.0,False,-12.4,0.0,2,1,3,1,-14.252802367241495,-11.595813621153727,-10.20269935189046,-6.934618943987605
22300534,2024,01/12/2024,DET,HOU,-2.0,False,-8.9,0.0,2,3,5,5,-3.3241397680270524,13.995996418172872,-6.560039669435316,6.273629566920917
22300535,2024,01/12/2024,MIA,ORL,3.0,False,3.0,-1.0,0,3,7,5,-28.158011540168665,16.668603104864893,-26.258744989617835,14.150268924391142
22300536,2024,01/12/2024,CHI,GSW,-9.0,False,4.3999999999999995,0.0,1,4,3,5,-32.044669397713584,-28.14768695596586,-33.071126255379454,-30.982828068000984
22300537,2024,01/12/2024,MEM,LAC,-9.0,False,-6.800000000000001,1.0,4,1,7,3,34.46476094754804,38.70227475937747,32.82873723999367,37.33807460427458
22300538,2024,01/12/2024,MIN,POR,23.0,False,19.5,1.0,0,2,2,4,-14.59318480132281,-25.81344155475009,-13.562486146203664,-25.96002466559145
22300539,2024,01/12/2024,DEN,NOP,12.0,False,-8.2,0.0,1,1,1,3,3.071860138459634,-6.537954139952362,2.8328878278490324,-7.159760461532683
22300540,2024,01/12/2024,UTA,TOR,32.0,False,4.4,0.0,1,1,2,2,-14.669107066476471,-10.340738570862193,-14.827516183596359,-10.691198778064468
22300541,2024,01/12/2024,SAS,CHA,36.0,False,6.4,0.0,2,2,2,5,-4.1877285006087455,-23.14222914746477,-3.9143900530602735,-20.733538717790562
22300542,2024,01/13/2024,BOS,HOU,32.0,False,9.1,1.0,0,1,2,1,-12.22920684352278,-2.0431060713434555,-12.06477427250113,-0.41401104256818044
22300543,2024,01/13/2024,ATL,WAS,-28.0,False,6.999999999999999,-2.0,2,2,3,7,2.021469819750557,-17.772168463865327,5.961217467359332,-12.526171557110974
22300544,2024,01/13/2024,MEM,NYK,-12.0,False,-12.0,-1.0,5,1,9,6,39.95981207118932,42.85586559008931,38.6881684646831,39.856420033617006
22300545,2024,01/13/2024,MIL,GSW,11.0,False,8.1,1.0,0,5,4,6,-55.6412377957968,-41.116296344064224,-58.701695358299396,-46.655309476698875
22300546,2024,01/13/2024,OKC,ORL,12.0,False,17.6,1.0,1,5,5,6,-45.837677005116646,-27.28220308872193,-39.31926218889047,-22.584189354411485
22300547,2024,01/13/2024,DAL,NOP,-10.0,False,-6.800000000000001,1.0,3,1,6,5,23.39006244909041,-8.083301656258492,23.056585785770498,-8.192259375380402
22300548,2024,01/13/2024,SAS,CHI,-6.0,False,0.6000000000000001,0.0,3,1,5,3,33.26531981280844,31.550881933999413,32.19464453066611,29.80158077554753
22300549,2024,01/13/2024,UTA,LAL,7.0,False,14.4,-1.0,2,1,5,3,-0.09544825171914173,-8.080582623745379,5.380179996543747,-4.461811729633794
22300550,2024,01/14/2024,DEN,IND,8.0,False,-4.299999999999999,0.0,1,2,4,3,-31.619580002276045,-19.143661797178655,-29.695039285027278,-16.32589769125557
22300551,2024,01/14/2024,MIA,CHA,17.0,False,14.5,0.0,2,2,5,4,-14.384178508791546,4.1030176577361885,-16.799397487752383,1.9627846407778122
22300552,2024,01/14/2024,MIL,SAC,1.0,False,1.4,-1.0,1,0,3,7,17.683233417134016,2.4915097154420067,17.73059978859975,1.0488214744384976
22300553,2024,01/14/2024,MIN,LAC,4.0,False,-3.7,0.0,0,1,5,5,-2.9305205228158675,-13.402554419401245,-3.938909930496801,-11.38385329882265
22300554,2024,01/14/2024,POR,PHX,-11.0,False,-21.599999999999998,-1.0,2,1,8,6,9.503227152950005,38.31300425790125,7.372357805091193,40.48144498840948
22300555,2024,01/15/2024,PHI,HOU,9.0,False,4.3999999999999995,1.0,3,1,5,3,9.380346950213147,11.602646947533472,9.762366055715512,10.554230408224868
22300556,2024,01/15/2024,DAL,NOP,5.0,False,-10.4,0.0,1,0,6,4,10.760439560439561,37.28977531950366,9.077551020408166,34.90336287049863
22300557,2024,01/15/2024,NYK,ORL,-4.0,False,13.0,0.0,1,2,6,6,-8.67490570413044,0.30172264637978685,-7.528477394559916,2.093229285017543
22300558,2024,01/15/2024,WAS,DET,-12.0,False,0.1999999999999993,-1.0,2,1,4,5,-9.225115081956364,-28.822759858762065,-9.135795472557,-27.476189586572183
22300559,2024,01/15/2024,ATL,SAS,10.0,False,-9.1,0.0,2,2,5,3,-7.059818674763566,-6.187001527235704,-4.933443582100528,-3.854901612836194
22300560,2024,01/15/2024,MEM,GSW,9.0,False,1.4000000000000004,0.0,5,3,8,4,22.51892527954801,35.794138122996955,22.19408099058412,34.16067835614123
22300561,2024,01/15/2024,CLE,CHI,18.0,False,7.4,1.0,2,1,4,2,24.810468270675887,27.28245994681981,25.155714038385273,28.54609221244897
22300562,2024,01/15/2024,BKN,MIA,-1.0,False,-8.2,2.0,2,4,2,5,-12.40611368349073,-17.77057381474016,-10.934472506310238,-16.343127422112318
22300563,2024,01/15/2024,TOR,BOS,-9.0,False,-8.2,1.0,2,1,4,5,2.878143127134443,-1.9961593369173798,5.501921156856689,-1.6105327779137326
22300564,2024,01/15/2024,UTA,IND,27.0,False,0.5999999999999996,1.0,2,1,3,3,-18.861167892865105,-34.159248920387796,-15.253285618699742,-29.508352790844505
22300565,2024,01/15/2024,LAL,OKC,7.0,False,-19.4,0.0,2,0,4,5,11.303648931040026,-2.5280446742236364,7.970640108129889,-6.169967594540992
22300566,2024,01/16/2024,PHI,DEN,5.0,False,-6.8,-1.0,5,1,7,4,25.573799094249843,15.934622461754323,25.568037407730387,15.879716144739447
22300567,2024,01/16/2024,PHX,SAC,2.0,False,2.7,0.0,1,1,7,7,2.6014951999080353,7.827839666893961,3.3954756625902727,7.644209802400681
22300568,2024,01/16/2024,LAC,OKC,11.0,True,-2.0,1.0,2,0,5,4,21.1535170289235,13.816994445210497,20.797413050374203,14.066934232585513
22300569,2024,01/17/2024,DET,MIN,-7.0,False,-14.1,-1.0,1,0,5,2,18.587433024841697,36.20708309445707,16.69326865436414,31.300585794584727
22300570,2024,01/17/2024,ATL,ORL,2.0,False,-4.7,0.0,2,2,6,6,-9.805305978937206,-18.74165131021592,-6.022866503741561,-16.302975330387554
22300571,2024,01/17/2024,BOS,SAS,19.0,False,8.8,0.0,0,2,2,2,-18.886050076647926,14.884754070171915,-18.793294314858876,14.535127935423326
22300572,2024,01/17/2024,CLE,MIL,40.0,False,4.1000000000000005,-1.0,2,0,2,1,31.904687255055652,-4.021523352169563,32.16318974069051,-2.107634273725594
22300573,2024,01/17/2024,NYK,HOU,15.0,False,12.700000000000001,0.0,1,1,6,5,1.0198848685839241,-1.107637746543844,0.5716056320203613,-3.055380989783533
22300574,2024,01/17/2024,TOR,MIA,24.0,False,-3.9,0.0,2,4,3,4,-9.924862673917751,12.33099863073263,-5.435244731043127,16.230061212338086
22300575,2024,01/17/2024,NOP,CHA,20.0,False,26.4,-1.0,1,2,2,4,-22.242990289037092,-27.607494071915376,-21.825600016147245,-30.145647476882573
22300576,2024,02/15/2024,UTA,GSW,-3.0,False,-15.200000000000001,0.0,1,1,4,4,-9.091353174802379,-12.069460858494152,-7.9431215355792,-8.773820717629
22300577,2024,01/17/2024,LAL,DAL,17.0,False,-6.199999999999999,0.0,2,3,2,5,-9.517700169302769,-15.583059646426955,-11.031572273155032,-17.425149572917046
22300578,2024,01/17/2024,POR,BKN,2.0,False,-12.6,1.0,2,2,5,2,-3.735625851838929,15.694110196275844,-2.241408681562387,20.841648295907547
22300579,2024,01/18/2024,NYK,WAS,4.0,False,21.4,-2.0,1,1,6,6,-4.735683171520469,-11.11177471655408,-6.537801889841267,-18.92582878395765
22300580,2024,01/18/2024,TOR,CHI,-6.0,False,1.9999999999999998,-2.0,2,1,5,2,12.72980693846067,37.47381282064818,13.609751540942735,38.59119289988499
22300581,2024,01/18/2024,UTA,OKC,-5.0,False,4.800000000000001,1.0,1,0,5,5,2.676045996489899,-5.950660079723377,3.381571433116798,-1.5588004194486267
22300582,2024,01/18/2024,MIN,MEM,15.0,False,6.699999999999999,-2.0,0,5,4,7,-48.91196912408415,-46.516373789732775,-48.320096261020694,-43.313787641631805
22300583,2024,01/18/2024,SAC,IND,-5.0,True,-2.2,-1.0,0,2,6,5,-17.476671091988038,-42.696303617281814,-16.395680446617618,-38.141940685154566
22300584,2024,01/19/2024,CHA,SAS,4.0,False,-13.399999999999999,0.0,2,1,7,3,0.27010778351705866,13.044455466639661,1.7699776647352117,17.09153931044436
22300585,2024,01/19/2024,ORL,PHI,-15.0,False,-4.2,-1.0,2,4,3,5,-6.161060414229382,-7.829229223812476,-6.896679263436699,-8.764022882346303
22300586,2024,01/19/2024,BOS,DEN,-2.0,False,5.799999999999999,-1.0,0,1,5,4,-5.119816523044234,-1.1843407837526385,-4.915264511547754,1.1633124072698493
22300587,2024,01/19/2024,MIA,ATL,-1.0,False,3.6999999999999997,0.0,2,3,5,5,-23.127065513728667,-8.269077070613474,-27.315030368570277,-10.558869932743832
22300588,2024,01/19/2024,NOP,PHX,-14.0,False,7.9,-1.0,0,1,1,4,-4.914798206278027,-9.610809788193947,-6.174708520179371,-12.00918810711704
22300589,2024,04/02/2024,GSW,DAL,4.0,False,-8.4,0.0,1,2,4,5,-18.790681787129394,-1.9330965068087664,-14.433198354915007,2.5971183535646105
22300590,2024,01/19/2024,POR,IND,3.0,False,-23.1,1.0,2,2,5,3,-5.893040138811681,10.108716095234122,-6.302898993287336,9.982074158083613
22300591,2024,01/19/2024,LAL,BKN,-18.0,False,4.499999999999999,0.0,2,2,3,2,-6.649322484395428,-0.225588205130677,-7.707161487051554,-1.7353954109658574
22300592,2024,01/20/2024,DET,MIL,-6.0,False,-6.4,0.0,2,0,3,4,29.755040826528912,16.48424712219542,27.63500586796489,14.401715076499519
22300593,2024,01/20/2024,CHA,PHI,-8.0,False,-13.700000000000001,0.0,4,5,6,7,19.844254442258205,16.69313387723475,19.73410346208363,15.967831923243217
22300594,2024,01/20/2024,WAS,SAS,-4.0,False,-5.3,1.0,1,0,7,3,2.22743759334329,23.4916909230172,1.9978620848808908,32.62256778747979
22300595,2024,01/20/2024,ATL,CLE,-21.0,False,-19.8,-2.0,2,2,2,3,-20.19922407215779,-30.583296810831563,-18.432457237157795,-29.078701296162482
22300596,2024,01/20/2024,NYK,TOR,26.0,False,13.7,0.0,0,2,2,3,-17.57098871022922,-15.574873955613597,-18.355913903132095,-15.500285124843943
22300597,2024,01/20/2024,CHI,MEM,29.0,False,1.2000000000000002,0.0,1,5,2,8,-41.582351377065855,-43.00374225507518,-41.07793676785238,-43.24947251344423
22300598,2024,01/20/2024,HOU,UTA,1.0,False,-17.0,1.0,1,2,5,5,4.993969346298428,2.784160055822344,3.1944325896886507,3.415453977176199
22300599,2024,01/20/2024,MIN,OKC,-5.0,False,-0.3000000000000007,0.0,0,1,4,5,-3.741216761469876,-8.247216807259615,-3.802020012384726,-6.229284145276239
22300600,2024,01/21/2024,LAC,BKN,11.0,False,15.100000000000001,1.0,2,2,5,2,3.082100022999402,14.606523986133041,5.022302065519963,16.252780741119548
22300601,2024,01/21/2024,ORL,MIA,18.0,False,-2.5000000000000004,0.0,1,3,4,4,-14.503700288446321,-3.7226334726183055,-11.246133542328934,4.880769730945598
22300602,2024,01/21/2024,WAS,DEN,-9.0,False,-10.5,-1.0,1,1,7,3,-2.9054329552084344,11.904757965203746,-2.9295311463137867,18.27859317615239
22300603,2024,01/21/2024,HOU,BOS,-9.0,False,-14.9,-1.0,5,0,6,5,52.60113394898237,19.813731801640166,51.19116792602169,17.498982691983038
22300604,2024,01/21/2024,PHX,IND,7.0,False,2.1,0.0,1,1,6,2,-5.171662008109305,-8.593110933818515,-3.2587086368796783,-4.74067106131454
22300605,2024,01/21/2024,LAL,POR,24.0,False,13.5,0.0,1,2,3,4,-7.392145268081953,2.7533910505620085,-10.335854798409665,-1.6612472431032934
22300606,2024,01/22/2024,DET,MIL,-9.0,False,-7.0,0.0,0,0,3,4,0.0,13.838244413582355,0.0,11.782911551523071
22300607,2024,01/22/2024,ORL,CLE,-27.0,False,-17.0,-1.0,3,2,4,3,-14.899290006101783,-18.556654164190746,-9.323895472014634,-13.64109673729811
22300608,2024,01/22/2024,PHI,SAS,10.0,False,-0.7,0.0,2,0,7,4,17.37202477991523,18.010039195404822,17.219366618217634,19.227673431472873
22300609,2024,01/22/2024,TOR,MEM,-8.0,False,-2.4999999999999996,0.0,1,5,5,7,-31.483679422169175,-29.509820179501737,-30.156475983611706,-28.550612936414236
22300610,2024,01/22/2024,MIN,CHA,-3.0,False,20.0,0.0,1,2,4,6,-10.027992142778468,-21.430919094675758,-9.56008234614441,-20.69830834038197
22300611,2024,01/22/2024,DAL,BOS,-9.0,False,-7.5,2.0,2,1,7,6,-3.6690902618399743,-4.053301114620055,-5.695646677530931,-9.690815057703617
22300612,2024,01/22/2024,PHX,CHI,2.0,False,3.7,-1.0,2,2,7,3,-11.493772360132358,10.308854401333722,-8.481181107910729,12.965780285411348
22300613,2024,01/22/2024,SAC,ATL,15.0,False,7.2,1.0,1,3,6,5,-28.97533440238766,-14.93611517465186,-30.75953490690062,-14.706857932539755
22300614,2024,01/23/2024,IND,DEN,-5.0,False,-4.4,0.0,1,1,3,4,19.51966022012057,21.492162001479574,17.919565812314815,19.919075286479178
22300615,2024,01/23/2024,BKN,NYK,-5.0,False,-20.2,-1.0,2,0,3,5,18.134172878374002,-4.354832076543591,15.830169810879735,-9.968704292291829
22300616,2024,01/23/2024,NOP,UTA,29.0,False,1.2999999999999998,0.0,0,2,1,3,-6.829640766878289,-6.866575120717402,-8.471040655466151,-8.746363851295177
22300617,2024,01/23/2024,OKC,POR,2.0,False,27.1,1.0,3,2,4,6,-2.3223952566714328,-10.697443691524903,1.1589305107317855,-7.749680071628035
22300618,2024,01/23/2024,LAC,LAL,11.0,False,11.8,0.0,2,2,5,4,-7.170693584806855,-5.162516483513066,-5.0493162634292155,-3.7517615798755912
22300619,2024,01/24/2024,DET,CHA,7.0,False,3.0,0.0,0,1,4,5,-10.479023210100921,0.7205604230363178,-10.292709712253892,-3.4836775028480886
22300620,2024,01/24/2024,WAS,MIN,-11.0,False,-17.1,1.0,3,0,7,3,10.994826339658784,4.551505902959896,9.033951270693645,12.106393506553502
22300621,2024,01/24/2024,MIA,MEM,-9.0,False,-0.8999999999999999,1.0,0,6,6,9,-53.32894500628329,-34.32816640049876,-52.77122377092587,-35.216659529333555
22300622,2024,01/24/2024,SAS,OKC,-26.0,False,-6.8,1.0,1,4,2,4,-10.121874837149957,3.6563813523010644,-12.346235522030664,0.47416026847083614
22300623,2024,01/24/2024,HOU,POR,-6.0,False,7.699999999999999,2.0,1,2,6,6,-2.8414686859188336,15.180636447121636,-2.027536121253947,18.701215561640268
22300624,2024,01/24/2024,MIL,CLE,10.0,False,-17.7,0.0,1,3,4,3,-33.653197042786665,-22.951473823742433,-32.86563920705314,-23.079341008472284
22300625,2024,01/24/2024,DAL,PHX,-23.0,False,-3.6999999999999997,0.0,1,1,4,4,2.5804840042531483,10.857328626004836,0.6468764856079066,7.392483665669129
22300626,2024,01/24/2024,GSW,ATL,22.0,False,2.6000000000000005,1.0,3,3,4,4,-4.76722016023658,-4.977048991021679,-6.746718975579874,-5.435233580863411
22300627,2024,01/25/2024,IND,PHI,12.0,False,-5.9,-1.0,1,4,2,6,-2.5649210526829442,-20.65443036610514,-3.3605574426387257,-19.657359602182986
22300628,2024,01/25/2024,WAS,UTA,-15.0,False,-11.0,-1.0,1,2,7,5,-3.3650797040605007,4.60858817862615,-5.1291934594989375,9.191399320025461
22300629,2024,01/25/2024,BKN,MIN,-2.0,False,-10.5,1.0,1,0,3,3,13.248533497993208,11.528770426089688,11.646590881496923,9.693468833284399
22300630,2024,01/25/2024,MIA,BOS,-33.0,False,-11.3,-2.0,1,0,5,0,9.78233054250222,32.99968876917816,9.697391824412957,30.936706831452927
22300631,2024,01/25/2024,NYK,DEN,38.0,False,9.8,0.0,0,1,3,1,-5.109390777515989,18.598554820193392,-4.905255305793846,21.230974619450798
22300632,2024,01/25/2024,GSW,SAC,-1.0,False,-5.2,-2.0,3,1,5,6,20.68107458883894,14.544131043526498,21.205944670863133,16.273671660474104
22300633,2024,01/25/2024,LAL,CHI,9.0,False,-3.7,-1.0,2,2,4,3,-10.819615710631442,-3.9413622488818305,-14.183399893977,-6.5176583293128125
22300634,2024,01/26/2024,ATL,DAL,-5.0,False,-9.6,0.0,1,2,5,7,-0.9785361961099479,-24.867938572383682,0.648459428336496,-22.175464942230214
22300635,2024,01/26/2024,CHA,HOU,-34.0,False,-5.0,0.0,1,1,1,3,0.13342654812979937,-19.779635829614165,0.08120787797908768,-20.130060423378325
22300636,2024,01/26/2024,IND,PHX,2.0,False,-6.5,-1.0,1,1,3,6,19.43580881082083,11.436130583237485,16.356993964587943,8.38054913830086
22300637,2024,01/26/2024,TOR,LAC,-20.0,False,-14.700000000000001,0.0,2,2,3,3,7.770346777020393,8.850372591865803,9.456803522738891,10.137030475109974
22300638,2024,01/26/2024,MEM,ORL,1.0,False,4.7,-1.0,5,2,6,6,40.21722987530395,27.380524447628655,33.149545510113875,21.135175904673552
22300639,2024,01/26/2024,MIL,CLE,-12.0,False,-15.299999999999999,0.0,0,2,4,3,-22.609909281228198,-15.185843392888794,-21.51740730313466,-14.700155927870204
22300640,2024,01/26/2024,NOP,OKC,-24.0,False,-1.8000000000000007,1.0,0,3,1,4,-13.80365557899718,1.02193759609235,-14.124932870126788,2.3580146593677966
22300641,2024,01/26/2024,SAS,POR,16.0,False,11.7,0.0,0,2,3,5,-14.421128058143106,-12.707661831204394,-13.454236206114949,-14.228750497115428
22300642,2024,01/27/2024,DET,WAS,-14.0,False,-1.0,1.0,0,2,4,7,-6.637624395507775,-6.852842413663446,-5.7028893217923,-15.795055419945843
22300643,2024,01/27/2024,NYK,MIA,16.0,False,20.1,0.0,0,0,2,5,0.0,-18.712073759802553,0.0,-16.993223568035546
22300644,2024,01/27/2024,DEN,PHI,6.0,False,-0.5,0.0,1,3,4,7,-15.595851688883462,-75.01737045825858,-16.020807459401897,-69.52029199976391
22300645,2024,01/27/2024,BKN,HOU,2.0,False,2.4999999999999996,1.0,2,2,4,5,-1.310804069208956,-1.5986678909565768,-1.475306351388717,-4.804988774781123
22300646,2024,01/27/2024,BOS,LAC,-19.0,False,-2.3000000000000007,1.0,1,2,1,2,-3.0335682654901674,-3.0335682654901674,-2.1186471690297566,-2.1186471690297566
22300647,2024,01/27/2024,CHA,UTA,-12.0,False,-23.299999999999997,-1.0,2,2,6,5,23.513916566841225,20.736048305197563,21.316604186442014,18.809715031922636
22300648,2024,01/27/2024,MIL,NOP,24.0,False,-5.9,0.0,1,0,1,1,16.442462087421944,5.232458409599214,16.699082277320883,4.353308520511266
22300649,2024,01/27/2024,SAS,MIN,1.0,False,-6.5,-1.0,0,0,4,3,0.0,4.3634930357957025,0.0,4.69722599316518
22300650,2024,01/27/2024,GSW,LAL,-1.0,False,-4.1,0.0,3,2,4,4,14.159401608355516,7.338967408300089,17.907852560109117,12.049189501631847
22300651,2024,01/27/2024,DAL,SAC,-5.0,False,-2.5999999999999996,-1.0,1,0,6,7,7.5904677846425415,24.202815802645055,6.931246016745546,20.732596634254428
22300652,2024,01/28/2024,IND,MEM,6.0,False,1.0,0.0,1,6,4,7,-32.02748244260896,-5.492940625655983,-32.93179970624776,-6.279593736787845
22300653,2024,01/28/2024,ATL,TOR,1.0,False,-2.0,0.0,2,2,5,6,-2.6506694196754736,-18.944755000008556,-2.448378506438903,-18.697766545141647
22300654,2024,01/28/2024,DET,OKC,16.0,False,-20.5,-1.0,0,2,4,4,-9.053841309823676,16.150850694181372,-8.440807354535313,15.536437480665379
22300655,2024,01/28/2024,ORL,PHX,15.0,False,-9.4,0.0,2,1,3,4,3.2314986656954074,-16.0370694628865,8.452119699640917,-10.296104724858619
22300656,2024,01/28/2024,POR,CHI,-8.0,False,-18.3,-1.0,2,3,7,4,-18.153176186396927,-5.741432788618766,-18.66719270998445,-5.882198532892819
22300657,2024,01/29/2024,CHA,NYK,-21.0,False,-28.799999999999997,0.0,1,2,2,4,-12.676730496994244,-11.715870282885334,-13.693383823210876,-11.86693145588201
22300658,2024,01/29/2024,CLE,LAC,10.0,False,7.5,1.0,2,2,4,5,0.9231438360626107,1.9081361877824605,0.38424547371162276,2.1198654515165956
22300659,2024,01/29/2024,BOS,NOP,6.0,False,1.5,0.0,0,0,5,3,0.0,18.98107552885885,0.0,21.946026941353345
22300660,2024,01/29/2024,BKN,UTA,33.0,False,-9.5,0.0,2,1,3,1,16.096115920212384,21.20988680012821,15.172337562710705,19.762853795152402
22300661,2024,01/29/2024,MIA,PHX,-13.0,False,-12.100000000000001,1.0,2,1,6,7,2.622664925251735,-4.191889954407511,-0.30399907173315643,-5.980586241960232
22300662,2024,01/29/2024,HOU,LAL,16.0,False,-4.6,0.0,1,2,6,3,-0.608296475797772,12.770744569011715,3.218000640611601,19.847465269619317
22300663,2024,01/29/2024,MEM,SAC,-9.0,False,-3.4000000000000004,-1.0,6,0,10,7,56.36914975023408,57.16926116849174,55.40253970527027,57.314265107984916
22300664,2024,01/29/2024,OKC,MIN,-6.0,False,5.6,-1.0,1,0,5,3,3.7597676379649583,-0.9477939662009653,3.8208723826638193,-1.139166115883583
22300665,2024,01/29/2024,SAS,WAS,-5.0,False,1.0999999999999999,0.0,0,2,4,7,-5.822933961758878,-0.08055872467096137,-5.494031151103256,-7.7662269976138205
22300666,2024,01/29/2024,DAL,ORL,2.0,False,-1.5999999999999996,1.0,1,2,6,7,9.95983097145696,11.698910747563126,1.9926419483757094,2.6815762768819837
22300667,2024,01/29/2024,DEN,MIL,6.0,False,-2.3000000000000003,0.0,1,0,4,4,5.117745225292046,3.6613355994252803,4.9132759683473575,4.636130059885581
22300668,2024,01/29/2024,POR,PHI,26.0,False,-16.5,-1.0,2,4,5,5,-39.26308889874944,-46.52388989803571,-37.23990523345299,-45.10999396303073
22300669,2024,01/30/2024,ATL,LAL,16.0,False,-8.3,1.0,1,3,3,3,-35.16930121248931,-30.479248353287005,-32.01847468935262,-25.794670262459636
22300670,2024,01/30/2024,BOS,IND,5.0,False,7.0,-1.0,1,1,5,4,1.6879501347869343,-5.412457303345164,1.004798010142558,-3.8987037406626506
22300671,2024,01/30/2024,NYK,UTA,15.0,False,9.100000000000001,0.0,2,1,5,4,19.58809948127871,23.913489337511287,19.380790638659484,22.037019411748112
22300672,2024,01/30/2024,CHI,TOR,-11.0,False,10.8,0.0,3,2,4,5,14.048584256124936,-15.487314858805817,13.555227015491841,-17.664391896773907
22300673,2024,01/30/2024,GSW,PHI,12.0,False,-5.6,2.0,3,5,5,7,-18.53738574004699,-15.129143548377144,-19.65254349100161,-14.725496053537768
22300674,2024,01/31/2024,CHA,CHI,-7.0,False,-15.3,1.0,1,3,4,3,-17.985119769267087,7.2985107007491195,-18.215181081825023,8.564678219940276
22300675,2024,01/31/2024,CLE,DET,7.0,False,19.9,-1.0,1,1,3,4,-3.6464911174330012,-9.372815561192315,-3.6242993245962847,-8.238976315063987
22300676,2024,01/31/2024,WAS,LAC,-16.0,False,-11.6,0.0,2,1,6,2,-10.060504090408575,-3.1255092321061113,-9.921819360856968,6.958327423802736
22300677,2024,01/31/2024,BKN,PHX,-16.0,False,-5.699999999999999,0.0,3,0,4,4,23.568092537770934,9.77356737406517,23.149935152369657,10.614549730540112
22300678,2024,01/31/2024,MIA,SAC,9.0,False,-14.200000000000001,0.0,3,0,6,6,14.157579147946786,6.555013316114081,13.084852551663733,5.615436543217378
22300679,2024,01/31/2024,HOU,NOP,-11.0,False,-3.0,0.0,1,0,5,4,11.429188488742508,-13.42535510223146,11.275512876583708,-11.553878799958742
22300680,2024,01/31/2024,MIN,DAL,34.0,False,12.4,0.0,0,3,0,6,-59.419865221213016,-80.58599472604746,-56.93755106188919,-76.73975208811541
22300681,2024,01/31/2024,SAS,ORL,-10.0,False,-3.4000000000000004,0.0,0,2,4,7,-8.338983050847459,2.768996612221656,-14.896127142136141,-3.1366681747299268
22300682,2024,01/31/2024,OKC,DEN,5.0,False,4.2,0.0,2,1,5,4,21.387086547518653,-10.885678623895409,19.42232373429583,-14.217903853341639
22300683,2024,01/31/2024,POR,MIL,3.0,False,-8.3,0.0,1,0,6,4,9.767369887037706,9.196984635270876,9.491500703457525,9.525369786363616
22300684,2024,02/01/2024,BOS,LAL,-9.0,False,11.1,0.0,0,1,3,4,-5.744016649323622,-50.02408886717322,-5.617513614465146,-50.22566304392247
22300685,2024,02/01/2024,NYK,IND,4.0,False,17.8,0.0,1,0,5,4,21.549446626204922,13.558533806580371,21.024360799225626,9.815142656613993
22300686,2024,02/01/2024,UTA,PHI,-3.0,False,0.0,0.0,0,4,4,6,-51.0166358595194,-42.61485481829627,-48.775894694972266,-38.96790680668664
22300687,2024,02/01/2024,MEM,CLE,-7.0,False,-18.9,2.0,5,2,9,3,23.704275298905664,42.36887021446923,21.522838917323238,40.843582427317834
22300688,2024,02/02/2024,DET,LAC,-11.0,False,-12.100000000000001,0.0,2,1,4,2,-3.8662186730160286,0.8652411208570783,-3.554996697253845,0.017082497328374302
22300689,2024,02/02/2024,WAS,MIA,-8.0,False,6.299999999999999,0.0,2,2,7,7,4.813181068041663,1.8323630011395409,6.0374510483430015,10.282857388407109
22300690,2024,02/02/2024,ATL,PHX,9.0,False,-13.2,1.0,0,0,5,7,0.0,-10.857753723453975,0.0,-10.791219994609826
22300691,2024,02/02/2024,IND,SAC,-11.0,False,-4.5,-1.0,0,0,3,7,0.0,9.042013428149154,0.0,10.541424846786335
22300692,2024,02/02/2024,HOU,TOR,29.0,False,4.0,-1.0,1,2,3,5,2.51187282494789,-15.08978924230874,2.2991929922599503,-13.911721687161233
22300693,2024,02/02/2024,MEM,GSW,-20.0,False,-2.4999999999999996,-2.0,5,4,7,6,10.476607383928965,17.7234500369712,10.700700618445119,17.082934886232444
22300694,2024,02/02/2024,MIN,ORL,-2.0,False,8.2,0.0,0,1,3,7,-3.6124899919935944,-16.367334242252696,-9.76140912730184,-24.67714111525545
22300695,2024,02/02/2024,OKC,CHA,20.0,False,14.600000000000001,0.0,2,1,4,3,14.878193107997202,3.7535782306098397,12.92122341041358,0.9661571056297085
22300696,2024,02/02/2024,SAS,NOP,-1.0,False,-4.8,0.0,0,0,4,3,0.0,1.6398062199546288,0.0,3.2941366096888096
22300697,2024,02/02/2024,DEN,POR,12.0,False,2.1,0.0,0,1,3,6,-9.725232396897951,-19.441314711364782,-9.450553342813981,-17.921313147291347
22300698,2024,02/03/2024,PHI,BKN,-15.0,False,-1.2999999999999998,-1.0,4,3,6,4,26.71778710948641,40.770460319455644,24.92803018204893,37.715257357229135
22300699,2024,02/03/2024,ATL,GSW,7.0,False,-1.4,0.0,2,4,5,6,-23.491371383570982,-21.194612353844892,-20.564842904714542,-20.503579650004372
22300700,2024,02/03/2024,CHI,SAC,-8.0,False,0.19999999999999996,2.0,2,0,3,7,25.828849158132265,3.4705690971622403,25.472214948760076,3.6126287379110913
22300701,2024,02/03/2024,NYK,LAL,-8.0,False,13.4,0.0,2,2,5,3,12.888152236872678,25.123698947360968,11.50689936499236,24.622162307663302
22300702,2024,02/03/2024,DAL,MIL,-12.0,False,-8.2,0.0,2,0,8,4,13.81320122395454,30.006231180299878,12.69316983401736,28.62616254126351
22300703,2024,02/03/2024,SAS,CLE,-16.0,False,-19.5,-1.0,0,1,3,2,-6.6823087752229,2.6600721523293096,-6.374299806283103,1.8956854634293911
22300704,2024,02/04/2024,DET,ORL,-12.0,False,-2.3000000000000003,0.0,1,2,3,7,3.006307835897797,-11.778508426738757,-3.5775573623168437,-18.44741027244693
22300705,2024,02/04/2024,WAS,PHX,-28.0,False,-11.1,0.0,3,0,5,2,29.06239188098258,32.357249390588386,30.27410050075136,42.87569964786058
22300706,2024,02/04/2024,BOS,MEM,40.0,False,11.9,1.0,0,6,1,12,-59.96381234186932,-83.9266577631996,-58.88910115778099,-84.84896332455591
22300707,2024,02/04/2024,CHA,IND,-16.0,False,-11.2,0.0,2,0,4,0,29.897938016014606,39.30979546114592,29.38950327504558,38.279366170062495
22300708,2024,02/04/2024,MIA,LAC,-8.0,False,-19.0,0.0,2,0,8,4,9.511976710293895,27.481694273415375,8.454098124031859,27.446897641018012
22300709,2024,02/04/2024,MIN,HOU,21.0,False,3.6000000000000005,0.0,0,1,0,3,-11.394122079879427,-20.695446226719774,-11.240917966799808,-21.80301976853989
22300710,2024,02/04/2024,OKC,TOR,8.0,False,15.0,0.0,2,2,5,6,17.64569646784876,13.51625344075184,15.4167364276582,11.214337551464709
22300711,2024,02/04/2024,UTA,MIL,15.0,False,-2.6,2.0,1,2,4,5,-27.105064437444337,-22.357986180646975,-26.452143847310406,-21.433673196444943
22300712,2024,02/04/2024,DEN,POR,9.0,False,2.2,0.0,1,1,4,6,-4.625287888235777,-25.44313583984676,-4.553634745567509,-23.559753484860625
22300713,2024,02/05/2024,CHA,LAL,-6.0,False,-12.5,-1.0,4,2,6,3,24.015604257443716,23.387795133371675,24.176412291786445,25.44999591442181
22300714,2024,02/05/2024,CLE,SAC,26.0,False,11.600000000000001,0.0,1,0,1,2,6.745618190431076,-2.50239124631325,6.43469108819957,-1.922111705550285
22300715,2024,02/05/2024,PHI,DAL,-16.0,False,6.800000000000001,0.0,5,2,5,4,33.624919036683735,28.67502796914561,32.51480515976413,26.80245306250906
22300716,2024,02/05/2024,ATL,LAC,-5.0,False,-12.0,1.0,1,0,5,4,14.307468005831849,-3.249850839734364,15.176564889832346,-1.976633532731224
22300717,2024,02/05/2024,BKN,GSW,-11.0,False,3.3000000000000003,0.0,4,2,5,6,18.429387413158064,-2.1924384894788815,18.810965678355533,-3.005030378866479
22300718,2024,02/05/2024,NOP,TOR,38.0,False,7.0,2.0,0,3,1,4,-24.310796853896875,-22.58852468229265,-24.36805529588549,-22.6090897997764
22300719,2024,02/06/2024,IND,HOU,3.0,False,-1.5,0.0,0,3,2,6,-32.59965337954939,-25.299194025591902,-33.17047106590076,-28.32876148801317
22300720,2024,02/06/2024,BKN,DAL,-12.0,False,9.3,0.0,3,2,5,7,1.7613157132621993,2.573975321479928,2.9695866040897947,1.8922099653685507
22300721,2024,02/06/2024,MIA,ORL,26.0,False,-11.5,0.0,1,2,5,3,-4.164620877184779,14.86730559739168,-12.047141609803234,7.057148156411669
22300722,2024,02/06/2024,NYK,MEM,10.0,False,24.4,1.0,3,5,4,9,-0.8809540978230359,-28.66239979389804,-3.1617163604780316,-31.432731346304337
22300723,2024,02/06/2024,CHI,MIN,6.0,False,-7.0,1.0,2,0,4,3,24.0620957309185,18.804131457452186,23.729856131922187,19.489653656383638
22300724,2024,02/06/2024,UTA,OKC,7.0,False,-9.0,0.0,1,2,4,5,-6.745091150112344,-2.431037545159313,-6.253396282374562,1.7158208325899835
22300725,2024,02/06/2024,PHX,MIL,8.0,False,9.2,0.0,0,0,7,5,0.0,-17.094797875563458,0.0,-18.41425924822655
22300726,2024,02/07/2024,CHA,TOR,-6.0,False,-2.700000000000001,0.0,1,0,4,6,20.293413692928063,4.132728102933335,19.958131205827513,4.044632446286677
22300727,2024,02/07/2024,PHI,GSW,-23.0,False,-9.6,0.0,4,2,6,3,35.70382212345835,41.88936629116624,32.69788243215346,38.890277853678484
22300728,2024,02/07/2024,WAS,CLE,-8.0,False,-23.2,1.0,2,1,7,3,7.486026556419767,17.15983163952844,7.970936064788895,26.22581368804424
22300729,2024,02/07/2024,BOS,ATL,8.0,False,12.5,1.0,0,1,5,5,-14.309786130913805,-9.530849636466748,-15.179023827760057,-7.841539064044973
22300730,2024,02/07/2024,MIA,SAS,12.0,False,-0.40000000000000036,-2.0,2,1,5,2,0.9917118430571836,9.80059637182097,-0.17498127929997942,9.727502327686233
22300731,2024,02/07/2024,LAC,NOP,-11.0,False,7.6,0.0,0,0,1,1,0.0,-2.3292856667116104,0.0,-2.685810188991277
22300732,2024,02/07/2024,SAC,DET,-13.0,False,3.8,-1.0,0,1,7,6,-10.337775023241402,-35.077106064367186,-10.007906503165259,-31.403041289229314
22300733,2024,02/08/2024,IND,GSW,-22.0,False,-5.2,1.0,0,4,2,5,-31.14206419856522,-19.108783172713444,-32.46638096352717,-22.332679080937773
22300734,2024,02/08/2024,ORL,SAS,16.0,False,4.5,1.0,2,0,3,4,7.3306617143974195,-12.28947038949532,13.675049747069117,-4.447536119630346
22300735,2024,02/08/2024,BKN,CLE,-23.0,False,-11.3,1.0,5,1,6,1,33.63549871145511,44.74472777399611,32.999624035107445,46.25153145366286
22300736,2024,02/08/2024,NYK,DAL,-14.0,False,19.6,0.0,3,2,6,5,18.847939980611372,37.02276461747154,17.04950889695357,32.21243703860715
22300737,2024,02/08/2024,MEM,CHI,-8.0,False,-11.100000000000001,0.0,4,2,10,4,15.883493462997613,43.56233141417522,15.017153981280618,43.39689771157222
22300738,2024,02/08/2024,MIL,MIN,-24.0,False,-4.0,0.0,1,0,4,3,15.719443011861784,29.978340968790963,15.953428896408965,29.823999299935902
22300739,2024,02/08/2024,PHX,UTA,14.0,False,10.8,0.0,0,1,5,3,-9.873283624658763,11.693273769350643,-10.0620002796094,10.824524964585791
22300740,2024,02/08/2024,LAL,DEN,-8.0,False,-0.5,0.0,2,0,3,4,15.241355700102705,6.772838691606243,14.054614889582997,3.9191295226757745
22300741,2024,02/08/2024,POR,DET,-6.0,False,-0.2999999999999998,2.0,1,5,7,8,-22.52809115156294,0.01650813693972708,-21.24466111723828,5.099450077225761
22300742,2024,02/09/2024,PHI,ATL,-6.0,False,-4.6000000000000005,0.0,4,1,11,5,39.30202771211377,58.1463653584596,35.558171129847864,55.602141280079856
22300743,2024,02/09/2024,BOS,WAS,4.0,False,16.0,0.0,0,3,5,8,-16.955833186697166,-29.005068497027985,-16.849375576278163,-37.61004269145561
22300744,2024,02/09/2024,TOR,HOU,3.0,False,-14.7,-1.0,0,3,6,5,-32.51512532411409,-4.5801566816650165,-33.08446293003413,-7.587215644574499
22300745,2024,02/09/2024,MIL,CHA,36.0,False,11.299999999999999,-1.0,1,4,3,5,-15.861231507357962,-19.681179822473723,-15.70391907000372,-20.380690868432147
22300746,2024,02/09/2024,SAC,DEN,29.0,False,-1.7999999999999998,1.0,1,0,2,2,2.898384035884755,-16.43949210396397,3.4106565631574086,-18.908122168978508
22300747,2024,02/09/2024,LAL,NOP,17.0,False,-3.6,-1.0,2,0,3,2,15.173824130879343,10.48880825634782,13.99234154480979,8.081508402195087
22300748,2024,02/10/2024,DAL,OKC,35.0,False,-9.5,-1.0,2,0,6,1,23.77839659973619,34.4289396698273,22.328934979843737,34.85702259013999
22300749,2024,02/10/2024,LAC,DET,6.0,True,9.7,1.0,0,1,4,9,-9.483109868763917,-40.640209745372154,-9.180512896872399,-36.02290683324796
22300750,2024,02/10/2024,BKN,SAS,20.0,False,4.9,0.0,3,0,5,2,26.91905191503322,31.948172207667803,24.96893023415249,32.37045133849212
22300751,2024,02/10/2024,CHA,MEM,9.0,False,-8.3,-1.0,1,4,9,9,-18.643572370845227,-16.85928018064463,-17.802913726698222,-15.490986392609287
22300752,2024,02/10/2024,ORL,CHI,6.0,False,-1.7,0.0,2,2,6,4,-16.540385952408776,-8.55159985765128,-9.786994062692342,-1.3698894562105366
22300753,2024,02/10/2024,WAS,PHI,-6.0,False,2.3000000000000007,0.0,1,5,7,10,-52.74859837020795,-34.92410630073524,-49.662879595287436,-22.739570872232342
22300754,2024,02/10/2024,ATL,HOU,9.0,False,-4.0,0.0,1,4,7,5,-42.49916320469967,-22.91323298867797,-41.52088726099962,-22.9978847706003
22300755,2024,02/10/2024,NYK,IND,-14.0,False,12.100000000000001,0.0,3,0,6,3,53.647555399226164,46.03012761666932,52.06611626323354,41.38303364041789
22300756,2024,02/10/2024,TOR,CLE,-24.0,False,-23.6,-1.0,0,1,5,2,-7.044854881266492,15.256135809229852,-6.720135003556709,14.653637899955985
22300757,2024,02/10/2024,GSW,PHX,1.0,False,1.3999999999999995,0.0,1,0,5,8,11.83488698929758,-3.445425533095495,11.61991589030539,-1.2158812772457424
22300758,2024,02/10/2024,POR,NOP,-9.0,False,-4.7,1.0,2,1,7,4,14.53808035632446,20.00667287060361,14.473942847811184,19.285755958088536
22300759,2024,02/11/2024,MIA,BOS,-4.0,False,-12.8,1.0,1,0,7,2,3.1404620731956654,34.05233422687847,1.4902655671414617,30.296666666050413
22300760,2024,02/11/2024,OKC,SAC,14.0,False,-0.8999999999999999,-1.0,0,2,2,6,-7.996892399326686,-11.35973215090317,-7.816866554293204,-9.690593501317307
22300761,2024,02/12/2024,CHA,IND,9.0,False,-16.0,0.0,3,1,9,2,11.268302755377865,26.625271120907108,11.113151802354025,26.676467610154397
22300762,2024,02/12/2024,CLE,PHI,-2.0,False,23.0,0.0,2,4,4,10,-36.49437572419409,-59.681652102517475,-33.86073820941423,-56.33931063819857
22300763,2024,02/12/2024,ATL,CHI,-10.0,False,-1.4000000000000001,0.0,2,2,5,4,-7.620041753653446,-14.798297735667258,-5.6249318669143555,-13.511076906353406
22300764,2024,02/12/2024,TOR,SAS,-23.0,False,-1.9000000000000004,0.0,0,0,3,1,0.0,9.753977622530769,0.0,9.810319640125497
22300765,2024,02/12/2024,HOU,NYK,2.0,False,-4.9,0.0,2,2,5,5,-1.9252782408008926,-15.494826274098457,-1.707177739455524,-11.936895886011989
22300766,2024,02/12/2024,MEM,NOP,-9.0,False,-12.7,0.0,4,1,10,5,31.78482291897032,43.93028104215766,30.735464755357015,44.74485763079113
22300767,2024,02/12/2024,MIL,DEN,17.0,False,3.0999999999999996,0.0,1,0,2,1,14.592683525656765,11.049283772060805,14.809897453662442,9.896490882134444
22300768,2024,02/12/2024,DAL,WAS,8.0,False,8.7,0.0,2,1,6,7,19.572977644240414,10.03331449386867,18.253447019290107,-0.6723873589993943
22300769,2024,02/12/2024,UTA,GSW,-22.0,False,-14.799999999999999,1.0,1,1,1,2,-8.920822065768569,-11.809806946978071,-7.7400673166062575,-10.499107189161133
22300770,2024,02/12/2024,LAC,MIN,-21.0,True,-1.0999999999999996,-1.0,0,0,1,0,0.0,3.7940119760479045,0.0,4.922403468924221
22300771,2024,02/13/2024,BKN,BOS,-8.0,False,-8.0,1.0,1,0,5,3,10.49672847322121,-0.28581211389159833,10.257237993581803,-1.2699889189042146
22300772,2024,02/13/2024,ORL,OKC,-14.0,True,-2.8,1.0,0,1,3,1,-5.319612111616862,3.1561361843428335,-5.984563625568969,9.59913273782019
22300773,2024,02/13/2024,MIL,MIA,-26.0,False,4.9,-1.0,1,3,2,6,-19.600180645157025,-30.841765687197906,-19.05291264485926,-30.813440606751236
22300774,2024,02/13/2024,PHX,SAC,5.0,False,7.4,1.0,0,1,6,6,-5.064116309988421,2.2720767016897554,-4.375853321357537,-0.5833090721981478
22300775,2024,02/13/2024,POR,MIN,-12.0,False,-13.7,2.0,2,0,5,0,21.88819164776097,28.43978449580895,21.359298996608626,28.502340673670055
22300776,2024,02/13/2024,LAL,DET,14.0,False,1.5999999999999999,0.0,3,3,4,7,1.9081871431305153,-12.22536984655543,0.9114938407683333,-13.368748069533005
22300777,2024,02/14/2024,CHA,ATL,23.0,False,-12.6,0.0,2,4,6,6,-11.528077107665649,-4.0554397579393395,-12.155826671056047,-4.911226210693606
22300778,2024,02/14/2024,ORL,NYK,18.0,False,-4.8,-1.0,2,2,3,6,-17.028973695428526,-53.60341225296263,-15.276404336930169,-46.72277403305682
22300779,2024,02/14/2024,PHI,MIA,-5.0,False,-10.0,1.0,4,3,9,7,25.624515730885463,25.040646523672876,21.99722508228855,23.172061172211315
22300780,2024,02/14/2024,BOS,BKN,50.0,False,8.2,0.0,1,1,2,1,0.07184245737129302,17.951753502589973,0.2268445143707467,18.684325420614453
22300781,2024,02/14/2024,CLE,CHI,3.0,False,12.799999999999999,0.0,2,2,5,4,-9.871565584446742,3.1313072123363206,-9.61658476540526,2.509661307776078
22300782,2024,02/14/2024,TOR,IND,-2.0,False,-11.3,0.0,0,1,3,4,-13.071878616433073,-26.763617728982048,-13.828362146559485,-29.801514004439753
22300783,2024,02/14/2024,MEM,HOU,8.0,False,-14.899999999999999,0.0,5,2,10,5,17.957984674248262,30.006378142031203,17.542517392963767,29.169300520608843
22300784,2024,02/14/2024,NOP,WAS,7.0,False,8.200000000000001,0.0,1,1,5,6,3.850297373566772,-5.557453522612075,3.8670450346576244,-20.187486535505624
22300785,2024,02/14/2024,DAL,SAS,23.0,False,8.1,0.0,1,0,3,1,10.509939498703543,11.0130044769564,9.195547208557262,9.465099583128318
22300786,2024,02/14/2024,DEN,SAC,-4.0,False,-3.8,1.0,0,1,5,5,-5.092948026741428,25.94354035517206,-4.400766525516225,29.29324601245078
22300787,2024,02/14/2024,PHX,DET,16.0,False,7.9,0.0,1,3,3,7,-4.205203848408125,-13.390408322858733,-3.643559442319809,-13.236348555907878
22300788,2024,02/14/2024,UTA,LAL,-16.0,False,-9.1,1.0,1,4,1,4,-35.43257168097392,-35.43257168097392,-36.409555341417665,-36.409555341417665
22300789,2024,02/14/2024,GSW,LAC,-5.0,False,5.8999999999999995,0.0,1,2,4,4,-15.090076238216025,-8.62832990095293,-14.930093278048862,-10.089302299901089
22300790,2024,02/15/2024,MEM,MIL,3.0,False,-11.7,-1.0,6,1,11,4,33.591428878280894,58.9124366939175,31.993544359113688,58.84217734762571
22300791,2024,02/15/2024,POR,MIN,-37.0,False,-14.8,0.0,3,0,4,0,23.768245602092716,26.748145050713294,22.90601174384964,26.570071780163715
22300792,2024,02/22/2024,CLE,ORL,-7.0,False,8.5,0.0,1,3,3,7,-8.349625336619564,1.327981996612401,-14.067336932960647,-8.048591336012475
22300793,2024,02/22/2024,IND,DET,14.0,False,3.5,0.0,1,2,3,8,5.837702995830028,-8.864240964800818,4.4716993170436385,-9.266631654619005
22300794,2024,02/22/2024,PHI,NYK,-14.0,False,-10.2,0.0,3,2,7,4,11.211062019450289,17.352715096506167,10.438001912750785,18.802170672358336
22300795,2024,02/22/2024,TOR,BKN,28.0,False,-5.5,0.0,1,1,2,1,0.6653974354151053,9.226951089134658,1.4478614329974597,9.935247652522435
22300796,2024,02/22/2024,DAL,PHX,10.0,False,-1.5999999999999996,0.0,1,0,3,4,10.554028641689571,-13.844706342875934,9.234122482540796,-15.1118881338076
22300797,2024,02/22/2024,CHI,BOS,-17.0,False,-9.5,0.0,3,0,3,1,30.82040620502159,22.677311976734664,29.85407334150001,20.722087610227714
22300798,2024,02/22/2024,NOP,HOU,22.0,False,4.9,0.0,1,0,2,1,7.576145380087024,20.460224762962802,7.490287958226351,20.234615688088795
22300799,2024,02/22/2024,OKC,LAC,22.0,True,-0.6999999999999997,0.0,1,0,2,3,4.329896907216495,-3.4438540947234593,4.136453906477697,-4.673839516398255
22300800,2024,02/22/2024,DEN,WAS,20.0,False,1.3999999999999995,0.0,0,1,2,4,-3.711031673455815,-12.443591391137492,-3.609229764452681,-22.90848397819847
22300801,2024,02/22/2024,UTA,CHA,-8.0,False,-0.10000000000000053,0.0,0,4,5,9,-26.289976268504915,-19.524267823385408,-27.34651309681793,-18.9086063591591
22300802,2024,02/22/2024,GSW,LAL,18.0,False,7.1,0.0,1,3,3,4,-23.80402354988089,-19.963329537552426,-24.935520164090356,-21.09445596451595
22300803,2024,02/22/2024,SAC,SAS,5.0,False,7.300000000000001,0.0,2,1,6,3,-0.6758457352128842,4.642868915849984,-0.5980899951392358,4.3519664556978555
22300804,2024,02/23/2024,ATL,TOR,-2.0,False,7.8,2.0,3,1,5,4,11.494095111003748,-12.789964487157516,10.955240077643202,-10.579054404641681
22300805,2024,02/23/2024,PHI,CLE,7.0,False,-18.5,0.0,2,1,7,3,26.3431187066929,19.34956816981746,25.50310371440819,23.01987644645853
22300806,2024,02/23/2024,HOU,PHX,4.0,False,-11.0,0.0,0,2,5,8,-26.770526183005092,-33.00986917906629,-26.728546288130353,-28.522529115338788
22300807,2024,02/23/2024,MEM,LAC,-6.0,True,-8.799999999999999,2.0,3,0,7,5,33.75357628165535,24.62551380378658,32.38623080631412,22.496079460091654
22300808,2024,02/23/2024,MIN,MIL,-5.0,False,16.6,0.0,0,2,2,6,-17.88723068303367,-27.519330225094404,-17.39226736480657,-22.665922104419288
22300809,2024,02/23/2024,OKC,WAS,41.0,False,11.9,0.0,1,1,3,5,-0.11914856441745858,-25.59712081313514,-0.17766945181102534,-35.46042905024875
22300810,2024,02/23/2024,NOP,MIA,-11.0,False,4.0,-2.0,1,2,4,6,-11.977907891912658,-3.4253283953963702,-12.582161992235854,-1.7655432426193016
22300811,2024,02/23/2024,GSW,CHA,13.0,False,15.0,0.0,1,4,2,9,-13.604559236652692,-27.366320655478475,-14.872568019449805,-27.42835298624737
22300812,2024,02/23/2024,POR,DEN,-15.0,False,-8.6,2.0,4,1,5,2,15.033156308690252,12.944998256055975,11.911914009293223,10.227160569207143
22300813,2024,02/23/2024,LAL,SAS,5.0,False,9.7,0.0,2,1,4,2,8.2553562910606,12.29886363690623,6.335027318223416,10.450530513213952
22300814,2024,02/24/2024,DET,ORL,-3.0,False,-7.4,0.0,3,3,9,6,2.6264921911966894,20.53026199532119,-2.976044925769589,13.317206004074688
22300815,2024,02/24/2024,MIN,BKN,15.0,False,22.2,-1.0,0,1,2,4,-5.1337682453239495,5.519746462591208,-4.818487298714797,8.4803910698922
22300816,2024,02/24/2024,NYK,BOS,-14.0,False,-12.5,0.0,2,1,4,4,21.616845821108853,15.269979414272505,19.77633862756221,12.456950906804185
22300817,2024,02/25/2024,PHI,MIL,-21.0,False,-5.199999999999999,0.0,2,2,6,3,13.68425382411873,26.354121931380373,11.967628059863298,26.200719179812864
22300818,2024,02/25/2024,PHX,LAL,10.0,False,3.0,0.0,1,2,8,4,-2.866028075269911,25.17658034681216,-0.37838861861476225,24.65575455311038
22300819,2024,02/25/2024,IND,DAL,22.0,False,-7.6000000000000005,0.0,1,2,1,3,-0.2287386946195511,-3.2081457341989275,0.07633584750461253,-2.801335341942785
22300820,2024,02/25/2024,WAS,CLE,-9.0,False,-23.7,0.0,2,1,6,3,12.678196828219267,28.307525051360713,12.119733813540307,37.337477967288876
22300821,2024,02/25/2024,ATL,ORL,17.0,False,-3.5,1.0,4,3,6,5,22.25958845731239,9.506952215472133,18.45857759356334,6.371811345693025
22300822,2024,02/25/2024,HOU,OKC,-13.0,False,-11.8,0.0,0,1,4,4,-3.620089507707608,-1.2862456437399956,-3.4583579486612805,-1.8678043388086571
22300823,2024,02/25/2024,NOP,CHI,-8.0,False,8.6,-1.0,2,3,5,3,-7.994261067127894,8.562739388268554,-7.101072267561939,9.37658174275279
22300824,2024,02/25/2024,GSW,DEN,-16.0,False,8.6,0.0,1,0,3,2,12.471412762818147,10.471816129785704,12.24487969072099,10.27675486312604
22300825,2024,02/25/2024,UTA,SAS,19.0,False,-0.6999999999999993,1.0,0,1,1,2,-7.860658841347974,-2.608508198660168,-7.611878188954828,-3.8709251665353293
22300826,2024,02/25/2024,POR,CHA,-13.0,False,-3.1000000000000005,0.0,4,4,5,9,7.465870815264871,-5.4224821292944085,5.020448476730337,-7.454281737047296
22300827,2024,02/25/2024,LAC,SAC,-16.0,False,1.3,-1.0,0,3,4,6,-12.16024732706428,7.294424084573329,-11.524193485308885,9.850559196751291
22300828,2024,02/26/2024,NYK,DET,2.0,False,3.7,0.0,2,4,3,10,7.207550945167039,-11.756159364359235,7.34952057513906,-10.891345408136523
22300829,2024,02/26/2024,IND,TOR,-8.0,False,11.0,-2.0,1,1,2,4,6.973003351878033,0.8033748529742759,5.665234742789316,0.049080908808569745
22300830,2024,02/26/2024,MEM,BKN,-25.0,False,3.0,1.0,4,1,7,1,35.08294350478455,50.54948768171707,33.82324435845835,49.70338831710427
22300831,2024,02/26/2024,SAC,MIA,-11.0,False,-5.7,-2.0,1,6,6,8,-54.834204466980005,-46.581116381359095,-56.92226875010077,-46.979211340536644
22300832,2024,02/27/2024,CLE,DAL,2.0,False,4.300000000000001,0.0,1,2,4,5,1.0401252319491068,-0.22528587423403224,1.0263087364431032,-0.2964486461742588
22300833,2024,02/27/2024,ORL,BKN,27.0,False,9.399999999999999,1.0,3,2,5,2,-13.963630765663329,2.9941874830727997,-6.844973629974451,10.601921484490795
22300834,2024,02/27/2024,WAS,GSW,-11.0,False,-23.1,0.0,2,2,6,4,-6.824961153868559,17.457013540237867,-3.452173507733418,30.25607422471221
22300835,2024,02/27/2024,ATL,UTA,27.0,False,4.0,0.0,3,1,6,4,29.574009360036072,25.795268501612423,32.141013600780305,26.965883043050386
22300836,2024,02/27/2024,BOS,PHI,18.0,False,22.6,1.0,0,2,3,6,-30.20945057168876,-28.145761757145337,-28.394425658395257,-25.692654369574832
22300837,2024,02/27/2024,NYK,NOP,-23.0,False,-10.1,-1.0,2,2,5,4,16.464571250172092,36.06022528732956,15.772394797555947,34.508003697933006
22300838,2024,02/27/2024,MIN,SAS,9.0,False,24.5,1.0,0,1,2,3,-7.833962264150944,7.067299849479372,-7.58602652718102,8.178140266309182
22300839,2024,02/27/2024,CHI,DET,-10.0,False,5.300000000000001,1.0,3,3,4,9,17.025764780774246,-2.2828925839453973,16.89773319487419,-2.140342336755495
22300840,2024,02/27/2024,MIL,CHA,38.0,False,3.0,0.0,1,4,3,7,-10.470209608081907,-13.997729656706163,-11.272905658774901,-15.758187692476863
22300841,2024,02/27/2024,OKC,HOU,17.0,False,13.9,0.0,1,0,4,2,3.614697120158887,8.78031260279976,3.453206472074396,9.411430763289943
22300842,2024,02/27/2024,POR,MIA,-10.0,False,-18.0,1.0,3,5,6,5,-2.2764302490973485,4.712428759738607,-3.802061749237719,3.1774997669614606
22300843,2024,02/28/2024,IND,NOP,9.0,False,-6.200000000000001,1.0,1,2,4,5,-11.072223075519073,1.7689482117326918,-10.060193352026609,3.212383760195962
22300844,2024,02/28/2024,TOR,DAL,-11.0,False,-13.0,1.0,1,0,4,6,6.54287860899431,-4.438485118993089,6.609392703183637,-3.7981171856846565
22300845,2024,02/28/2024,MIN,MEM,9.0,False,24.2,-1.0,1,3,2,6,-25.42925417910826,-44.302776278855546,-24.873077479436994,-41.55247395360187
22300846,2024,02/28/2024,CHI,CLE,9.0,False,-8.4,0.0,3,2,4,4,16.496909662028834,17.077328707241346,15.745910485580408,18.50056255508618
22300847,2024,02/28/2024,DEN,SAC,21.0,False,3.2,1.0,0,2,2,5,-7.184323225332007,-24.28004851226384,-7.013333323508597,-26.16040968440275
22300848,2024,02/28/2024,LAC,LAL,-4.0,False,-6.8,0.0,1,2,5,4,-0.13881908035317636,15.215102069819181,3.3991070444754463,19.58344230385722
22300849,2024,02/29/2024,CHA,MIL,-12.0,False,-7.8,0.0,4,1,9,3,10.269588831788225,19.996188299560394,11.067785780512473,21.437467261617762
22300850,2024,02/29/2024,ORL,UTA,8.0,False,8.4,0.0,1,1,7,5,3.668572717096981,-6.339604527394844,3.873064721840291,1.6144043623010944
22300851,2024,02/29/2024,BKN,ATL,27.0,False,-14.700000000000001,0.0,2,4,3,4,-13.878036688659577,-0.1883371324274563,-17.59171581238949,-3.902016256157374
22300852,2024,02/29/2024,NYK,GSW,-11.0,False,-15.899999999999999,0.0,2,2,3,5,14.12270293010377,6.667578936595717,15.079624710762893,6.804606643924281
22300853,2024,02/29/2024,SAS,OKC,14.0,False,-20.9,0.0,1,2,3,2,-0.013967716248763473,8.617175194690795,-0.6471591732534279,8.10597561418976
22300854,2024,02/29/2024,PHX,HOU,5.0,False,14.7,1.0,1,0,8,3,2.498685642776219,37.36022612074184,3.1279969572136475,32.95549921239105
22300855,2024,02/29/2024,DEN,MIA,6.0,False,-4.6,-1.0,0,5,4,6,-36.61955034898811,-23.785124763641804,-37.78630562595389,-25.787960612029323
22300856,2024,02/29/2024,LAL,WAS,3.0,False,17.599999999999998,-1.0,2,2,3,5,4.748508604171306,-4.145721474811474,1.2187558779042842,-5.778475421475083
22300857,2024,03/01/2024,DET,CLE,-10.0,False,-8.2,1.0,3,1,9,4,6.500303919304155,-9.955660044836172,5.997830266618632,-8.491627907502703
22300858,2024,03/01/2024,PHI,CHA,7.0,False,-4.500000000000001,2.0,3,4,8,9,12.813091274151724,11.627390467155521,10.09062724052238,11.849301895183842
22300859,2024,03/01/2024,BOS,DAL,28.0,False,4.9,1.0,1,1,2,2,4.372901584770639,9.55874850812317,5.372907360032016,11.248970809960056
22300860,2024,03/01/2024,TOR,GSW,-15.0,False,-13.1,1.0,1,1,1,5,-5.406380204253162,-27.28771952456406,-3.7543231109139983,-26.563315005452687
22300861,2024,03/01/2024,MEM,POR,-30.0,False,1.5,-1.0,3,3,6,5,2.336981158021196,8.676703552666645,2.1829720170083178,7.304542788947437
22300862,2024,03/01/2024,MIN,SAC,-4.0,False,17.3,0.0,0,2,2,5,-7.174391982375049,-22.78893125121575,-7.003638448293586,-22.858662754244072
22300863,2024,03/01/2024,NOP,IND,27.0,False,-0.49999999999999956,0.0,1,1,1,2,4.571613020988078,-0.37359736734861837,3.786955952767611,-0.8171431080900202
22300864,2024,03/01/2024,CHI,MIL,-16.0,False,-7.1,1.0,3,1,3,3,15.132430027857586,9.116551687255999,13.948802132519944,8.962283056199038
22300865,2024,03/01/2024,LAC,WAS,25.0,False,7.299999999999999,1.0,0,2,2,3,-11.217541834968262,5.5603767243161695,-12.562785311681807,3.7236639422305036
22300866,2024,03/02/2024,BKN,ATL,12.0,False,-7.5,0.0,2,3,3,5,-11.596205955370415,-2.210712181862057,-14.952662721097013,-6.656945648474007
22300867,2024,03/02/2024,MIA,UTA,6.0,False,14.0,0.0,1,1,6,4,4.233532982415545,8.756608927012948,3.1274022014764857,7.39745488776547
22300868,2024,03/02/2024,MEM,POR,-7.0,False,-0.1999999999999993,0.0,3,2,6,5,10.251754491611415,2.0446019503154176,9.88871688397586,2.2990412407605163
22300869,2024,03/02/2024,LAL,DEN,-10.0,False,-1.6,0.0,2,0,4,5,16.128726928537624,-2.641469400107397,13.957906379166868,-5.03922937233769
22300870,2024,03/02/2024,PHX,HOU,-9.0,False,14.5,0.0,0,0,4,4,0.0,3.975530813160768,0.0,1.2725996638146881
22300871,2024,03/03/2024,DAL,PHI,-4.0,False,12.6,0.0,1,3,5,8,-34.88567233775389,-38.74957843888157,-33.2914780602854,-37.56420736973365
22300872,2024,03/03/2024,BOS,GSW,52.0,False,11.8,0.0,1,1,2,4,-4.460138873303091,-3.940272489281668,-1.9700950036713483,-3.017413784300107
22300873,2024,03/03/2024,MIN,LAC,-1.0,False,13.899999999999999,0.0,0,1,2,5,-10.086888814171195,-22.38583904365841,-11.045546727070025,-20.66732706946855
22300874,2024,03/03/2024,ORL,DET,22.0,False,6.4,1.0,2,2,2,9,-0.21614778918137567,-26.630702748036256,5.5064797029510775,-19.713371427616927
22300875,2024,03/03/2024,TOR,CHA,5.0,False,1.6000000000000005,0.0,1,4,4,10,-10.250910733364663,-18.948454518879807,-10.076401788044148,-18.899583662214262
22300876,2024,03/03/2024,CLE,NYK,-9.0,False,11.6,-1.0,1,2,4,4,-23.1209896074564,-7.456390592374063,-22.457539346456805,-9.004937853155951
22300877,2024,03/03/2024,SAS,IND,12.0,False,-7.0,1.0,1,1,4,4,4.5985252729494155,2.5035445959231915,3.4373153472305367,1.7110851282773893
22300878,2024,03/03/2024,PHX,OKC,-8.0,False,-3.9,-2.0,2,2,7,4,11.52154004370141,29.563376143093258,11.268472205263485,25.873601442876943
22300879,2024,03/04/2024,BKN,MEM,-4.0,False,2.499999999999999,0.0,3,3,5,7,10.206293233897682,-8.570659343408359,9.553071891158663,-11.50770815414107
22300880,2024,03/04/2024,MIL,LAC,7.0,False,12.299999999999999,2.0,1,1,5,5,5.331020410610401,28.274458362098684,4.605648028728806,25.49201902896576
22300881,2024,03/04/2024,MIN,POR,5.0,False,19.1,-1.0,1,2,2,7,-18.23159874576107,-64.22095177006642,-17.077000069951183,-60.96440450027124
22300882,2024,03/04/2024,UTA,WAS,12.0,False,5.6000000000000005,-1.0,2,1,3,3,32.70875038717011,26.67213036892503,34.339123549327795,29.77465543832426
22300883,2024,03/04/2024,SAC,CHI,-4.0,False,0.5000000000000001,0.0,1,3,4,5,-25.076753959288407,-19.706619919965423,-24.84381480917269,-19.006036422143453
22300884,2024,03/04/2024,LAL,OKC,12.0,False,-6.0,1.0,2,2,3,2,7.157558241373266,10.983315817130844,4.586267552513707,8.746866258015324
22300885,2024,03/05/2024,CHA,ORL,-12.0,False,-8.9,0.0,4,2,10,7,22.657111937065515,16.374544351850364,16.875179239133338,11.964318313268123
22300886,2024,03/05/2024,CLE,BOS,1.0,False,-18.900000000000002,0.0,3,1,4,5,34.62772135320137,19.21281538043344,30.786624817680917,16.198565708213422
22300887,2024,03/05/2024,BKN,PHI,5.0,False,-1.0,-1.0,4,3,4,8,-3.766961656486359,-20.624983949765507,-5.816660264728235,-23.693101031459847
22300888,2024,03/05/2024,MIA,DET,8.0,False,16.799999999999997,1.0,4,2,5,9,24.901513684506526,3.73359463900006,25.411751488753612,4.972601257301534
22300889,2024,03/05/2024,NYK,ATL,-16.0,False,-4.8,-1.0,2,3,4,5,-1.6905295625103953,15.773177317731772,-4.7133703968323175,11.541924417402726
22300890,2024,03/05/2024,TOR,NOP,-41.0,False,-8.1,-1.0,3,1,5,1,41.384600561421266,50.55666650906984,41.209705822285585,50.11873164417314
22300891,2024,03/05/2024,HOU,SAS,13.0,False,-1.4000000000000004,1.0,0,0,2,3,0.0,-7.240839558109865,0.0,-6.153439804507872
22300892,2024,03/05/2024,DAL,IND,-17.0,False,6.2,0.0,0,1,2,3,-2.9880909418982315,-11.023449750082218,-3.6922549736954497,-12.040815178589755
22300893,2024,03/05/2024,DEN,PHX,-10.0,False,2.8,1.0,0,3,5,7,-25.062543921293045,-24.51113412826896,-24.774026212485236,-21.67145989566463
22300894,2024,03/06/2024,WAS,ORL,-10.0,False,-21.4,1.0,1,4,4,7,-4.3401726811063615,-9.857397875299952,-11.128930176526769,-18.252201890414263
22300895,2024,03/06/2024,ATL,CLE,11.0,False,1.0,0.0,2,4,5,4,-30.58939201904981,-24.50574182893574,-24.166304700105357,-17.877545971595865
22300896,2024,03/06/2024,PHI,MEM,-6.0,False,4.3,-1.0,4,4,8,7,30.007645547522557,25.526746815822996,29.46959401878943,24.962300103606637
22300897,2024,03/06/2024,HOU,LAC,-6.0,False,-1.8999999999999995,-1.0,0,1,3,4,-10.024533727279922,-6.003425535797456,-10.977265412720605,-4.994128067090308
22300898,2024,03/06/2024,UTA,CHI,-2.0,False,-6.0,0.0,4,2,5,5,30.20710078818162,20.168909700258382,30.992566517985562,21.60040909517965
22300899,2024,03/06/2024,GSW,MIL,35.0,True,-10.3,1.0,0,1,2,2,-15.273091698680474,-11.99084865487162,-15.500433587842151,-10.326456261890993
22300900,2024,03/06/2024,POR,OKC,-8.0,False,-13.8,0.0,2,2,7,6,12.398598574744797,28.075482775213136,11.205139919802011,24.826596833418172
22300901,2024,03/06/2024,LAL,SAC,-10.0,False,3.0,0.0,2,2,4,4,8.762946097465312,7.840554746964923,6.757227933681124,6.779488341705322
22300902,2024,03/07/2024,DET,BKN,6.0,False,-2.2,0.0,2,4,7,5,-40.16079688507145,-25.992155030327428,-38.53043413699123,-23.761974826825146
22300903,2024,03/07/2024,IND,MIN,-2.0,False,-7.6000000000000005,-1.0,2,1,2,3,-8.012299492645923,-12.963138127695085,-6.410663722626591,-13.82864268082734
22300904,2024,03/07/2024,DAL,MIA,6.0,False,-6.5,0.0,1,3,5,6,-24.501843875330444,-23.036330223481716,-26.330153432203453,-24.105964068178793
22300905,2024,03/07/2024,PHX,TOR,7.0,False,8.7,0.0,3,3,8,5,-23.695613409739767,-4.979354327965659,-23.723332352640004,-8.094061867619295
22300906,2024,03/07/2024,DEN,BOS,6.0,False,-16.599999999999998,0.0,0,1,4,5,-7.48601457874216,-7.457361797257523,-8.39511080194773,-8.82558963327499
22300907,2024,03/07/2024,GSW,CHI,-3.0,True,5.199999999999999,0.0,0,2,6,4,-23.224598095832675,-3.664555370788797,-22.90392232242965,-1.0755122378766124
22300908,2024,03/07/2024,SAC,SAS,2.0,False,2.9,-1.0,1,1,4,2,-21.13038339196293,-15.003794760220963,-19.28437222888233,-12.95396984544293
22300909,2024,03/08/2024,PHI,NOP,-8.0,False,-15.9,-1.0,3,1,8,5,39.51506325893331,41.04016995235693,38.35945882141241,42.3758391834038
22300910,2024,03/08/2024,WAS,CHA,12.0,False,-11.2,-1.0,2,4,4,9,-9.08052886388722,-19.70272994019593,-8.465750852113786,-20.541069585555178
22300911,2024,03/08/2024,CLE,MIN,9.0,False,-9.700000000000001,1.0,3,2,3,3,28.737206360733747,27.947299613613616,25.836216690682644,23.027659367588843
22300912,2024,03/08/2024,NYK,ORL,24.0,False,-14.899999999999999,1.0,2,2,2,3,22.55813176384543,13.835794713939727,15.735254119892284,6.277206788687032
22300913,2024,03/08/2024,MEM,ATL,-7.0,False,-7.1,0.0,4,4,8,4,-26.346872563217104,-0.15969978834799292,-29.545640858981656,-3.402906383645302
22300914,2024,03/08/2024,OKC,MIA,7.0,False,5.0,1.0,0,3,6,7,-26.637573341809336,-19.382864164544152,-28.139619677062974,-18.534860722852812
22300915,2024,03/08/2024,LAL,MIL,1.0,False,-4.6000000000000005,0.0,2,1,4,5,0.9273510685846826,13.698188539147015,-1.4842834913247511,13.471448237411053
22300916,2024,03/08/2024,POR,HOU,-16.0,False,-2.9000000000000004,0.0,1,0,6,3,13.074131898038319,52.51772122901008,12.797519394345247,50.88282544008493
22300917,2024,03/09/2024,LAC,CHI,10.0,False,-1.7000000000000002,1.0,1,2,5,4,-13.190321391223605,-0.7772653027523901,-11.917959218061903,-0.10087633332862467
22300918,2024,03/09/2024,CHA,BKN,11.0,False,0.5999999999999996,-1.0,5,2,10,5,14.632618169822393,13.242893961198362,13.261475678498442,13.380206027131848
22300919,2024,03/09/2024,DET,DAL,-18.0,False,-5.8,0.0,1,2,6,2,-10.764688752843629,10.187100382882125,-10.34218678010605,9.936378421602193
22300920,2024,03/09/2024,PHX,BOS,-10.0,False,-16.2,0.0,2,0,7,6,6.645331849172116,1.1761156592797093,6.820235277434053,-1.4016521468175398
22300921,2024,03/09/2024,GSW,SAS,-13.0,False,6.2,0.0,1,2,5,3,-14.49204876802818,-17.905913453603937,-12.853400232422842,-13.191948938925023
22300922,2024,03/09/2024,DEN,UTA,21.0,False,12.399999999999999,-1.0,0,2,2,3,-27.568319379362457,-20.354087427904172,-29.78260773008256,-23.379007222754513
22300923,2024,03/09/2024,POR,TOR,10.0,False,-2.3000000000000007,-1.0,3,3,7,5,-13.8536165294922,-24.49672707044597,-13.13970242844318,-23.467751724630972
22300924,2024,03/10/2024,LAC,MIL,-7.0,False,-3.0,-1.0,3,1,4,5,32.11128975607575,20.011736656985736,33.48989734613686,23.2831635930079
22300925,2024,03/10/2024,ATL,NOP,-13.0,False,-10.5,0.0,3,1,4,5,40.411619830889975,25.134743511762313,44.49534574014408,29.575421146855312
22300926,2024,03/10/2024,MIA,WAS,-2.0,False,18.4,0.0,4,1,6,4,16.39422996108383,9.013586947028521,17.383650261255756,11.907026926454137
22300927,2024,03/10/2024,NYK,PHI,-6.0,False,2.4000000000000004,0.0,2,3,3,9,-17.03216213670124,-33.260442602205224,-16.775537104815577,-36.47591950805328
22300928,2024,03/10/2024,ORL,IND,-14.0,False,6.0,-1.0,2,2,7,3,-6.108430784347324,7.876582558107948,-2.1397970477317863,13.546332745792881
22300929,2024,03/10/2024,SAC,HOU,-8.0,False,2.9,1.0,1,0,4,3,5.343711816083632,4.926458958456745,4.617449060691211,3.9586760995767403
22300930,2024,03/10/2024,CLE,BKN,-19.0,False,1.0000000000000002,1.0,4,3,4,3,31.974099012446374,31.974099012446374,29.37428283223615,29.37428283223615
22300931,2024,03/10/2024,OKC,MEM,31.0,True,16.7,0.0,0,4,1,9,-22.575757575757578,-51.504812484193934,-22.48598344720645,-50.84158603094718
22300932,2024,03/10/2024,LAL,MIN,11.0,False,-6.5,0.0,2,2,3,4,-10.65496059846777,-39.774717180992944,-12.398129908693402,-39.99394128174376
22300933,2024,03/11/2024,DET,CHA,17.0,False,-1.0,0.0,1,4,8,9,-15.381576494005893,-7.789301869652846,-13.942238147284815,-4.855048558664194
22300934,2024,03/11/2024,CLE,PHX,-6.0,False,-3.0999999999999996,-1.0,4,3,4,8,48.739969300267596,25.164659282154183,45.22794854478521,23.82840964502146
22300935,2024,03/11/2024,CHI,DAL,-35.0,False,-2.5,0.0,1,1,1,1,6.4090344212332,6.4090344212332,6.937976639204399,6.937976639204399
22300936,2024,03/11/2024,SAS,GSW,-10.0,False,-5.6,0.0,1,1,3,7,-12.079900148049887,-28.63868135659878,-11.155776366703222,-29.788643222448293
22300937,2024,03/11/2024,DEN,TOR,6.0,False,14.399999999999999,0.0,0,5,4,5,-71.81625351625442,-53.892882462307135,-71.67223089612455,-54.23354500939841
22300938,2024,03/11/2024,POR,BOS,-22.0,False,-24.7,0.0,2,3,5,4,-14.194236290879068,-12.845364378453933,-13.080289908996257,-11.045337134767799
22300939,2024,03/12/2024,NYK,PHI,27.0,False,0.8999999999999999,0.0,1,2,1,6,-14.98920209933004,-27.101521856476506,-13.519105258847052,-26.899592779581074
22300940,2024,03/12/2024,MEM,WAS,12.0,False,1.5,0.0,5,3,9,3,12.137591345689856,35.12371143231716,11.241263358296528,34.19369859468006
22300941,2024,03/12/2024,OKC,IND,-10.0,False,9.2,0.0,2,2,5,3,-5.446362979612358,9.515421632525772,-7.107396907371388,9.531836530542648
22300942,2024,03/12/2024,SAS,HOU,-2.0,False,-1.0999999999999999,-1.0,1,2,2,3,-25.29667671222368,-17.367887642458108,-25.533839838539443,-18.009972935766353
22300943,2024,03/12/2024,UTA,BOS,-16.0,False,-26.4,2.0,2,3,5,6,-21.791006787803987,-25.209228183204345,-18.178380479135505,-21.199236948077022
22300944,2024,03/12/2024,LAC,MIN,-18.0,False,-1.8,0.0,1,1,2,2,-9.863301491386013,-13.10707554375443,-9.190061708873268,-11.487211317896469
22300945,2024,03/12/2024,SAC,MIL,35.0,False,-7.0,0.0,1,1,2,3,-9.864688928206316,-3.611353655850845,-10.820699602334109,-1.871243635953327
22300946,2024,03/13/2024,DET,TOR,9.0,False,0.2999999999999998,0.0,1,4,8,5,-59.60851643599399,-40.71532661570298,-56.186556554639395,-36.20131115822349
22300947,2024,03/13/2024,ORL,BKN,8.0,False,0.8999999999999999,0.0,2,2,2,2,-13.02417722749718,-13.02417722749718,-5.683947898185938,-5.683947898185938
22300948,2024,03/13/2024,IND,CHI,-3.0,False,9.9,-1.0,2,1,3,3,4.182421578004684,8.26579782097862,5.840820077862107,9.46464900705143
22300949,2024,03/13/2024,MIA,DEN,-12.0,False,-8.1,1.0,4,0,6,4,31.98099320817085,22.176738419850178,32.562208102781284,23.074902701092356
22300950,2024,03/13/2024,MEM,CHA,-12.0,False,-0.10000000000000142,-1.0,3,4,9,10,-5.165962001637542,24.085616853866213,-4.618655260337134,24.746465508826887
22300951,2024,03/13/2024,NOP,CLE,-21.0,False,13.600000000000001,1.0,1,3,2,3,-27.45182720512223,-23.603967747506672,-27.081707205783516,-24.218455879684768
22300952,2024,03/13/2024,DAL,GSW,10.0,False,-0.40000000000000013,0.0,1,1,2,5,-14.791201854336531,-36.08321573936038,-14.86456069865269,-36.90178824692283
22300953,2024,03/13/2024,POR,ATL,4.0,False,-4.3,-1.0,2,4,7,5,-24.328371311206013,-15.695267709649208,-24.27072416966525,-17.30183174120954
22300954,2024,03/13/2024,SAC,LAL,13.0,False,4.0,-2.0,3,3,5,4,2.07820792677213,4.8836065983982415,4.833160472960849,8.171829784315456
22300955,2024,03/14/2024,BOS,PHX,15.0,False,17.3,-1.0,2,1,4,6,21.84050006829152,4.672130375777723,22.73942423282926,8.245020581065845
22300956,2024,03/14/2024,CHI,LAC,-15.0,False,-3.8000000000000003,-1.0,3,1,3,4,18.000186849530074,-6.236065696294773,16.834998903297937,-8.121862602073008
22300957,2024,03/14/2024,HOU,WAS,16.0,False,12.0,0.0,2,3,2,3,4.702728359472552,4.702728359472552,5.102538940003644,5.102538940003644
22300958,2024,03/14/2024,MIL,PHI,9.0,False,9.6,0.0,1,2,5,7,-18.442174054321587,-15.983723532595768,-16.25944104295505,-17.45248517405326
22300959,2024,03/14/2024,OKC,DAL,7.0,False,8.200000000000001,1.0,2,2,5,5,-26.04421608259049,-24.90872944153262,-23.917752073762614,-21.082831792492204
22300960,2024,03/14/2024,POR,NYK,-12.0,False,-2.9,-1.0,4,1,7,3,29.71017915689567,29.463900120032058,30.721425712496753,30.500935586369803
22300961,2024,03/15/2024,CHA,PHX,-11.0,False,-5.9,1.0,4,1,8,7,13.94578490176291,1.453166959363422,13.845375012639954,2.865173364171671
22300962,2024,03/15/2024,DET,MIA,-13.0,False,-3.4000000000000004,0.0,3,3,8,5,-8.929155329727173,0.1442190900803766,-9.59718939273547,0.17002322939436
22300963,2024,03/15/2024,TOR,ORL,-10.0,False,-11.9,0.0,4,2,5,6,54.33417512081916,45.07889394137273,45.566213871264054,33.369124492554576
22300964,2024,03/15/2024,NOP,LAC,8.0,False,8.0,1.0,1,1,5,4,-2.5230282369074786,-9.04963833915168,-3.5712631638595767,-11.543412787605082
22300965,2024,03/15/2024,SAS,DEN,-11.0,False,-12.4,1.0,1,0,3,4,5.873045078196872,-4.603262855534846,6.574985221549709,-3.1025128161526716
22300966,2024,03/15/2024,UTA,ATL,2.0,False,-8.0,1.0,4,4,7,5,-1.5446393401101872,-4.340097019617247,2.363405817967056,-0.40366470692972456
22300967,2024,03/16/2024,HOU,CLE,14.0,False,3.4,-1.0,2,3,2,4,-1.8168940405281049,-7.5025797262137885,0.2384934505920242,-5.637261822753615
22300968,2024,03/16/2024,IND,BKN,21.0,False,-1.2000000000000002,0.0,2,2,2,2,-7.474189762139936,-7.474189762139936,-4.3418274967206685,-4.3418274967206685
22300969,2024,03/16/2024,PHI,CHA,11.0,False,1.3999999999999995,1.0,2,4,8,8,15.067238285585532,30.544766131800493,13.665790268399245,31.30488764567049
22300970,2024,03/16/2024,NOP,POR,19.0,False,9.3,-1.0,2,1,5,5,3.508703417302103,-0.5831281293664503,4.616038102323131,-1.6505365870316098
22300971,2024,03/16/2024,CHI,WAS,29.0,False,1.9000000000000004,0.0,1,2,2,4,-16.087348250219446,-31.642127229665945,-17.505090232497082,-33.51116255966981
22300972,2024,03/16/2024,MEM,OKC,-6.0,False,-15.4,1.0,4,2,10,5,10.880433305797055,41.01447954024698,10.8646731667929,38.222268682507945
22300973,2024,03/16/2024,LAL,GSW,-7.0,False,0.5,0.0,3,0,4,7,20.32473734479465,-5.260464283058827,18.54720387372204,-10.716270911279565
22300974,2024,03/16/2024,UTA,MIN,-19.0,False,-8.8,-2.0,4,2,7,3,31.83205365693676,21.86749852207611,32.28620567078144,22.04557900509854
22300975,2024,03/16/2024,SAC,NYK,-7.0,False,3.2,1.0,2,1,5,3,-5.052154692940741,-2.957137998331497,-5.127129013651549,-2.549427200851717
22300976,2024,03/17/2024,MIL,PHX,11.0,False,3.2,1.0,0,1,5,8,-4.120454623493459,9.647626071775363,-3.6787489920870695,10.622280958217338
22300977,2024,03/17/2024,DET,MIA,-3.0,False,-4.6,0.0,3,4,9,7,-14.691004873955343,-22.450854425872834,-16.160560621080307,-21.35322102717665
22300978,2024,03/17/2024,DAL,DEN,2.0,False,-7.7,1.0,1,0,5,4,9.483521888834236,4.22149420187986,7.796130268977579,3.360895724942818
22300979,2024,03/17/2024,ORL,TOR,15.0,False,13.8,0.0,0,4,3,4,-61.70625627300102,-45.526349872952395,-59.209542947423515,-36.28027177759681
22300980,2024,03/17/2024,WAS,BOS,-26.0,False,-27.200000000000003,-2.0,6,2,6,3,45.37054824894451,26.686953193815874,47.67566561031417,30.831368752930864
22300981,2024,03/17/2024,SAS,BKN,7.0,False,-1.3000000000000003,1.0,0,2,3,5,-20.845119142145105,-16.569350601432088,-19.596008399358332,-16.425943709017353
22300982,2024,03/17/2024,LAC,ATL,-17.0,False,-0.7,0.0,1,4,2,4,-33.399748585795095,-23.305153991200502,-33.00385020329074,-22.919987538782912
22300983,2024,03/18/2024,IND,CLE,-5.0,False,4.6,0.0,2,4,5,6,-38.735706177341484,-30.648839733301614,-35.04729209749975,-17.78170715121997
22300984,2024,03/18/2024,BOS,DET,25.0,False,21.2,0.0,3,3,5,8,16.738560538932177,9.413951566130017,14.030345070902559,6.99761933126495
22300985,2024,03/18/2024,PHI,MIA,7.0,False,-5.2,1.0,1,4,7,7,-23.856117787302704,-19.784352462500763,-26.01902997535288,-16.08340990877764
22300986,2024,03/18/2024,CHI,POR,3.0,False,0.5,0.0,1,1,3,6,-9.232587459030345,-12.990772805849204,-9.263624285771742,-13.214795491696055
22300987,2024,03/18/2024,UTA,MIN,-10.0,False,-10.3,0.0,3,2,5,3,-2.068459728652144,-18.415825360285893,-1.6797725049573202,-17.109546861290102
22300988,2024,03/18/2024,GSW,NYK,-7.0,True,-1.4,0.0,0,1,6,2,-13.684387053496563,6.376516089575823,-12.511858129107221,11.092201956172214
22300989,2024,03/18/2024,SAC,MEM,10.0,False,9.3,0.0,2,6,4,11,-20.31426485655579,-40.11593053088686,-20.67256493298389,-38.44372400273483
22300990,2024,03/18/2024,LAL,ATL,31.0,False,-3.9,1.0,3,3,3,3,-9.88068248971031,-9.88068248971031,-12.20044672745821,-12.20044672745821
22300991,2024,03/19/2024,ORL,CHA,20.0,False,13.8,-1.0,1,4,1,7,-15.252402717461813,-24.94372950624837,-14.65562710883102,-26.189863088416658
22300992,2024,03/19/2024,WAS,HOU,-23.0,False,-16.9,-1.0,6,2,7,2,30.137226724666835,48.0780754173372,32.03791747782593,49.78840981456388
22300993,2024,03/19/2024,BKN,NOP,-13.0,False,-9.5,-1.0,2,1,2,5,13.155011559551161,-2.701696787863508,12.002164049020987,-3.232515257929254
22300994,2024,03/19/2024,SAS,DAL,-6.0,False,-2.7,0.0,1,2,3,5,-2.6229482934123283,-4.612220156160554,-1.0990425639958055,-3.4181468079129225
22300995,2024,03/19/2024,MIN,DEN,-3.0,False,-4.3,-1.0,1,0,4,5,19.82970478764085,35.22549791002338,20.11289800321594,36.64294918229492
22300996,2024,03/20/2024,CLE,MIA,-3.0,False,-0.30000000000000004,0.0,5,4,6,6,17.10727372049577,-1.0335970494108082,14.575221251557089,-3.1899191180527637
22300997,2024,03/20/2024,DET,IND,-19.0,False,-8.9,0.0,3,1,9,3,14.606586164005071,24.161328160465807,12.51033444743898,14.283270335315976
22300998,2024,03/20/2024,BOS,MIL,3.0,False,15.799999999999999,-1.0,0,1,5,4,-28.623337594036315,-2.226415686557907,-28.662438318171958,-1.6507530277576592
22300999,2024,03/20/2024,TOR,SAC,-34.0,False,-15.3,1.0,5,2,5,3,61.14022646323959,55.80462495348466,57.470436074963786,52.85999505056425
22301000,2024,03/20/2024,OKC,UTA,12.0,False,14.3,1.0,0,3,4,3,-32.79467784562107,-16.041170831593007,-37.22044676157568,-17.980364474605828
22301001,2024,03/20/2024,GSW,MEM,21.0,False,7.3999999999999995,0.0,0,6,2,11,-33.048099377906865,-53.29386018204376,-32.89380848928009,-50.951146907666576
22301002,2024,03/20/2024,PHX,PHI,13.0,False,0.6000000000000001,1.0,1,1,5,4,-4.561734638096693,-7.308444496704212,-5.132344022771166,-11.486692057952162
22301003,2024,03/20/2024,POR,LAC,-13.0,False,-6.4,-1.0,1,1,5,4,2.138996788006427,5.311432447125355,0.9078537558404065,4.661739630002678
22301004,2024,03/21/2024,ORL,NOP,15.0,False,-5.499999999999999,0.0,1,1,1,2,-3.991810181660351,-7.781496054329593,-3.866456513012261,-6.686419980997638
22301005,2024,03/21/2024,WAS,SAC,7.0,False,-22.8,1.0,5,2,5,5,27.96731230341601,16.497630905677056,29.18218984093047,17.722217406758368
22301006,2024,03/21/2024,HOU,CHI,10.0,False,12.2,-1.0,2,1,3,3,27.75821642069462,25.93044963284948,28.985701605338157,27.468092898103947
22301007,2024,03/21/2024,MIL,BKN,7.0,False,2.2,-1.0,1,3,5,5,-14.41618964962537,-12.420382287887257,-12.910522864935956,-11.064430181659233
22301008,2024,03/21/2024,DAL,UTA,16.0,False,10.1,1.0,1,3,2,5,-22.92769794647088,-30.728357228010132,-25.318478182529212,-32.59823830680093
22301009,2024,03/21/2024,DEN,NYK,13.0,False,3.3,-1.0,2,1,4,2,-5.652144448973441,-0.9193001435466659,-4.19437265100766,0.6543355758899629
22301010,2024,03/21/2024,PHX,ATL,13.0,False,3.1999999999999997,-2.0,1,3,8,3,-42.21551341360506,-15.12695075038658,-44.46386499980984,-18.020152470616527
22301011,2024,03/22/2024,DET,BOS,-27.0,False,-23.799999999999997,0.0,6,1,11,3,24.923901550846544,17.680660357157656,24.016658440211934,18.845986211340893
22301012,2024,03/22/2024,TOR,OKC,-20.0,False,-18.5,0.0,5,2,6,4,68.60486025644659,67.48388541089233,66.60848934695142,63.48503546182377
22301013,2024,03/22/2024,MIA,NOP,-23.0,False,-8.5,1.0,4,2,4,2,10.688981156975409,10.688981156975409,11.906032260467732,11.906032260467732
22301014,2024,03/22/2024,MIN,CLE,13.0,False,5.2,1.0,1,5,3,7,-32.90117615370161,-33.652620982290536,-31.014576485203253,-30.880369811358705
22301015,2024,03/22/2024,SAS,MEM,-2.0,False,7.4,1.0,0,5,3,11,-23.72356737866847,-45.02766187855166,-23.761910778004157,-45.05428642668862
22301016,2024,03/22/2024,GSW,IND,-12.0,False,-2.9000000000000004,0.0,0,1,6,4,-9.607472478594463,-5.706868711480226,-10.716074984728381,-13.374060464088803
22301017,2024,03/22/2024,POR,LAC,-8.0,False,-7.2,0.0,1,1,7,3,2.0755643866253344,35.72353358011528,0.849583664411659,31.621945182036455
22301018,2024,03/22/2024,LAL,PHI,7.0,False,6.2,1.0,3,1,4,5,15.06244912702521,2.7589197696161207,11.78659507627351,-1.6085810614048377
22301019,2024,03/23/2024,NYK,BKN,12.0,False,9.3,0.0,1,2,2,2,-7.048414429107028,-3.8674458649608923,-6.983235297798929,-4.083857791464929
22301020,2024,03/23/2024,ORL,SAC,-2.0,False,-0.39999999999999947,0.0,0,2,5,6,-15.367757193535674,-9.21249609021784,-17.098013183672933,-9.111013853003882
22301021,2024,03/23/2024,ATL,CHA,41.0,False,4.800000000000001,-1.0,3,4,4,7,26.94839578754563,30.54056418710028,29.293701214250618,32.29023893430925
22301022,2024,03/23/2024,WAS,TOR,3.0,False,4.0,1.0,4,5,5,7,-40.39921473930025,-45.57526876284978,-35.39220052378401,-40.329003267772784
22301023,2024,03/23/2024,CHI,BOS,-11.0,False,-16.3,1.0,1,3,3,5,-47.627598808232534,-51.692572255999586,-44.989541925517116,-49.107842991173975
22301024,2024,03/23/2024,HOU,UTA,28.0,False,19.3,0.0,2,3,2,6,-0.24756440174021677,-14.084737772200512,-4.356948999110678,-17.528377260957527
22301025,2024,03/23/2024,SAS,PHX,-25.0,False,-3.0,-1.0,0,0,0,4,0.0,-14.021943096715297,0.0,-12.50187362811
22301026,2024,03/23/2024,POR,DEN,-3.0,False,-15.7,-1.0,1,3,6,5,-41.07670071293079,-5.186894367481685,-43.909723100069144,-11.204117604984859
22301027,2024,03/24/2024,DET,NOP,-13.0,False,-19.7,0.0,6,2,10,4,15.098987799203304,43.40261923093264,13.883560045968359,42.585386148739694
22301028,2024,03/24/2024,LAC,PHI,-14.0,False,4.6,0.0,1,2,3,4,-6.450382795168045,-9.423296423455586,-6.891243238053388,-9.425591985989037
22301029,2024,03/24/2024,MIA,CLE,37.0,False,0.0,0.0,4,4,5,4,-0.329537359305057,7.947085271366973,1.6725329328779566,10.733178211265347
22301030,2024,03/24/2024,MIL,OKC,25.0,False,-9.4,1.0,0,1,2,3,-3.647074273493049,-3.9945616490661324,-3.5565612557526705,-5.475388089197368
22301031,2024,03/24/2024,MIN,GSW,4.0,True,6.699999999999999,0.0,1,0,3,5,19.729404508774728,1.8758241177831891,20.0111653097577,-0.7325121433945796
22301032,2024,03/24/2024,LAL,IND,5.0,False,-4.6,0.0,2,1,4,3,6.984322117742066,16.15448056063549,3.64856714008595,2.2000091441462715
22301033,2024,03/25/2024,CLE,CHA,23.0,False,3.8,-1.0,4,3,4,5,21.376143976950264,14.895697049575961,19.87659448540996,12.666809081490477
22301034,2024,03/25/2024,ATL,BOS,2.0,False,-12.0,0.0,4,2,4,4,38.683671351964946,15.180116083703787,40.70043338987893,18.29458511706597
22301035,2024,03/25/2024,NYK,DET,25.0,False,14.899999999999999,1.0,1,8,2,8,-61.62970036648531,-57.20195865141869,-59.696527184488666,-53.97673541527972
22301036,2024,03/25/2024,TOR,BKN,-8.0,False,-9.4,0.0,6,4,8,6,41.834154145577976,27.888236086231373,39.76093775681018,26.432542864753245
22301037,2024,03/25/2024,CHI,WAS,-2.0,False,5.1,0.0,1,5,2,7,-42.98679215046376,-60.248055527214625,-46.4828503510932,-63.05275986674804
22301038,2024,03/25/2024,HOU,POR,18.0,False,20.6,0.0,3,0,3,5,45.50615961435458,-10.994804232926484,46.547062612245746,-7.243392844592904
22301039,2024,03/25/2024,SAS,PHX,2.0,False,-10.0,0.0,1,0,3,8,25.088495575221238,2.33453089051385,24.187801107048895,1.8758901990242762
22301040,2024,03/25/2024,DEN,MEM,25.0,False,12.6,-1.0,1,4,3,10,-14.87867390724825,-11.445362441345502,-14.727172823113083,-10.287747154216262
22301041,2024,03/25/2024,UTA,DAL,-10.0,False,-17.5,-1.0,1,2,7,5,-6.1731525139553645,8.503780550457574,-2.410072666973237,10.770175600836673
22301042,2024,03/25/2024,SAC,PHI,12.0,False,11.600000000000001,1.0,2,1,3,3,5.9465041912624415,-5.792871768236871,7.535009285578564,-6.51240306210002
22301043,2024,03/25/2024,LAC,IND,-17.0,False,-9.0,0.0,0,1,3,3,-9.620309542367218,-8.991824354326685,-10.730393312288422,-22.16531133588363
22301044,2024,03/26/2024,MIA,GSW,-21.0,False,-2.5,0.0,3,0,5,2,28.179970972423803,38.19147367983574,28.731185924219304,36.06785128617729
22301045,2024,03/26/2024,MIL,LAL,-4.0,False,-3.5,0.0,0,2,5,3,-33.728369166229676,-16.466998321624676,-32.58982100594419,-15.757153089146087
22301046,2024,03/26/2024,NOP,OKC,-7.0,False,5.799999999999999,0.0,2,1,4,6,21.29923188062828,9.480591040455465,21.090874745134805,4.282822840722904
22301047,2024,03/26/2024,SAC,DAL,-36.0,False,0.6999999999999993,0.0,3,2,3,2,7.1164804773088335,7.1164804773088335,10.247383274693624,10.247383274693624
22301048,2024,03/27/2024,CHA,CLE,7.0,False,-9.0,0.0,3,2,6,4,-8.711953103853203,-8.645297757306338,-7.619099171051797,-7.768318651404702
22301049,2024,03/27/2024,ORL,GSW,-8.0,False,4.0,2.0,2,1,5,3,-6.118221768772678,-6.430214855205023,-5.543633641059552,-6.272094633658096
22301050,2024,03/27/2024,WAS,BKN,-3.0,False,-2.2,0.0,5,4,5,5,1.4459227452327639,-2.0471731656271785,5.328829140276177,0.012296667457064814
22301051,2024,03/27/2024,ATL,POR,14.0,False,9.9,0.0,4,1,5,4,44.36799187139104,8.652868233395253,45.600123742749844,12.610527786593096
22301052,2024,03/27/2024,PHI,LAC,-1.0,True,-0.2999999999999998,0.0,3,0,4,4,19.200000000000003,11.41435761887355,20.070646728743032,9.913595580810476
22301053,2024,03/27/2024,TOR,NYK,-44.0,False,-20.1,0.0,6,1,7,2,59.32215963588584,60.15954380843746,58.76347000523833,58.30592847723369
22301054,2024,03/27/2024,CHI,IND,26.0,False,-12.3,0.0,1,1,1,2,-6.3677749029194,-12.495661226187607,-7.7707853420794955,-23.8897906706763
22301055,2024,03/27/2024,MEM,LAL,-12.0,False,-13.299999999999999,1.0,4,1,10,2,11.557816311376211,17.2126843474597,12.702843734434818,17.834434325298858
22301056,2024,03/27/2024,MIN,DET,15.0,False,16.5,1.0,1,6,1,7,-22.617066758482654,-30.193196583270915,-20.71065219520376,-30.344764227970995
22301057,2024,03/27/2024,OKC,HOU,-6.0,False,-6.6000000000000005,-1.0,2,2,5,3,-2.3943493196691783,5.676562210549619,-1.3695043773073685,8.534600577423205
22301058,2024,03/27/2024,UTA,SAS,-7.0,False,-9.6,0.0,2,0,4,3,17.208513287831337,3.400619326207682,20.35265516363485,7.462864207758141
22301059,2024,03/27/2024,DEN,PHX,-7.0,False,6.1000000000000005,0.0,1,0,5,8,3.8188143049087997,-2.598902443455941,3.810926724227689,-0.8891114098981134
22301060,2024,03/28/2024,ATL,BOS,1.0,False,-13.5,-2.0,4,1,4,5,51.13320948011765,28.143369131786738,52.57410808903915,29.784388894147
22301061,2024,03/28/2024,NOP,MIL,7.0,False,7.300000000000001,0.0,3,0,5,3,32.03775493005225,26.25344037791342,32.0949056215282,25.685291624332404
22301062,2024,03/29/2024,CHA,GSW,-18.0,False,-12.6,0.0,2,0,2,4,13.317149297728452,-22.964419751169995,13.256622982258653,-22.875684717514922
22301063,2024,03/29/2024,IND,LAL,19.0,False,1.3000000000000007,0.0,1,1,2,2,1.510461459139357,5.015551042550932,3.9490834676362576,16.937261080998965
22301064,2024,03/29/2024,ORL,LAC,-3.0,True,7.4,0.0,1,0,5,5,3.5853489603846103,3.011635875193736,3.62757777032396,3.6575363162209094
22301065,2024,03/29/2024,WAS,DET,-9.0,False,1.9000000000000004,0.0,5,6,6,8,-5.541156291563077,-9.863234155080178,-1.2944805305418612,-6.86975370925515
22301066,2024,03/29/2024,BKN,CHI,17.0,False,-2.7,0.0,4,1,5,2,28.49709806297917,30.59641477507759,27.845563565016892,31.16894857900956
22301067,2024,03/29/2024,CLE,PHI,3.0,False,-1.9,0.0,1,1,4,3,-4.359097900123584,3.8163300431823153,-4.327662422677533,3.9976242030671116
22301068,2024,03/29/2024,MIA,POR,60.0,False,9.200000000000001,1.0,4,3,5,5,4.292827487449706,-5.526266335050387,5.596574447864082,-3.490594638932315
22301069,2024,03/29/2024,OKC,PHX,25.0,False,1.2000000000000002,0.0,2,0,4,5,8.205583346780701,14.486686704118881,8.068985682346986,17.79686551394634
22301070,2024,03/29/2024,SAS,NYK,4.0,False,-16.6,0.0,1,1,3,3,-4.238458185128225,-6.751853419017461,-3.6557349447308063,-7.622068962537329
22301071,2024,03/29/2024,DEN,MIN,-13.0,False,2.7,0.0,1,1,5,2,-16.372382390731012,6.7856547122602215,-16.6688563921825,8.453450760127403
22301072,2024,03/29/2024,UTA,HOU,-1.0,False,-27.799999999999997,0.0,1,2,6,3,-20.1191764241891,9.515633858139772,-19.523670508936263,11.537281801589742
22301073,2024,03/29/2024,SAC,DAL,-4.0,False,-8.399999999999999,0.0,2,2,4,6,2.211587935331462,-4.319272186543532,6.157635256850515,1.009445414153788
22301074,2024,03/30/2024,NOP,BOS,-12.0,False,-8.899999999999999,0.0,2,2,4,5,16.08402979309114,8.193769445207568,16.24749144801751,6.741961148564414
22301075,2024,03/30/2024,ORL,MEM,30.0,False,12.7,-2.0,3,6,3,11,-19.83520095673255,-48.33679133107935,-20.716258668030434,-48.45776343324994
22301076,2024,03/30/2024,ATL,MIL,-9.0,False,0.29999999999999993,0.0,3,1,4,4,20.858645192135757,25.115767424861108,21.788338196287977,26.75077545336325
22301077,2024,03/31/2024,DEN,CLE,29.0,False,7.8999999999999995,0.0,1,1,2,3,-1.3056343006171325,5.428574791619408,-1.485473826253553,5.63104460466759
22301078,2024,03/31/2024,BKN,LAL,-12.0,False,-5.300000000000001,0.0,3,1,3,3,12.711716356498426,2.9053564346650624,13.456593571966522,3.4005361793072666
22301079,2024,03/31/2024,CHA,LAC,-12.0,True,-7.699999999999999,0.0,2,0,4,5,13.255091473938558,2.7167140418055418,13.19484721068099,2.561674135695
22301080,2024,03/31/2024,TOR,PHI,-15.0,False,-11.9,1.0,6,1,8,2,53.30944004096831,55.7698659940461,51.90881193040292,51.841413822417636
22301081,2024,03/31/2024,WAS,MIA,-12.0,False,-15.7,0.0,4,3,7,7,1.5024944083899925,15.387841542388834,3.27465873829145,17.187056050936945
22301082,2024,03/31/2024,NYK,OKC,-1.0,False,4.3999999999999995,0.0,1,3,4,5,2.181187575763767,15.010164137022265,0.9274728089551445,11.339377449692229
22301083,2024,03/31/2024,HOU,DAL,-18.0,False,-0.40000000000000036,0.0,1,1,1,1,10.36748136224744,10.36748136224744,13.254167143805955,13.254167143805955
22301084,2024,03/31/2024,MIN,CHI,-8.0,False,9.8,0.0,1,1,2,4,16.845913443926506,10.021784356033582,17.4336971370636,12.675175922711526
22301085,2024,03/31/2024,SAS,GSW,-4.0,False,-8.8,0.0,3,1,4,4,31.851335348272745,25.055548169162158,29.309464654715473,22.70238408283283
22301086,2024,03/31/2024,SAC,UTA,21.0,False,16.9,0.0,2,3,3,6,-25.178699034295164,-32.428770551799545,-23.996028756532734,-30.50218130312725
22301087,2024,04/01/2024,CHA,BOS,-14.0,False,-26.6,-1.0,3,1,3,3,21.0832148243913,-0.636242189183367,21.178588473442787,0.6535770152275369
22301088,2024,04/01/2024,DET,MEM,-2.0,False,1.1000000000000014,1.0,5,5,7,10,4.375504171971848,-11.782603060182531,2.8399959655643627,-10.53616165621063
22301089,2024,04/01/2024,IND,BKN,22.0,False,11.100000000000001,2.0,1,5,2,5,-27.004925785852034,-20.84008325737314,-26.335456905460838,-10.11924068924462
22301090,2024,04/01/2024,ORL,POR,1.0,False,21.7,-1.0,0,3,5,6,-27.866212497953903,-29.92600468899601,-27.382613391005403,-26.965499930285592
22301091,2024,04/01/2024,CHI,ATL,-12.0,False,-0.20000000000000018,-1.0,1,3,1,4,-36.405219447043486,-39.455431853703296,-38.02588355294402,-41.01960217521614
22301092,2024,04/01/2024,NOP,PHX,-13.0,False,0.5999999999999996,-1.0,2,0,5,8,24.479919341287175,4.6437248421343895,24.621448911668836,4.443426163351283
22301093,2024,04/02/2024,PHI,OKC,4.0,False,-3.5,0.0,2,3,4,5,-11.559705378439215,-13.743717875499726,-10.099032028835799,-13.958204307097972
22301094,2024,04/02/2024,TOR,LAL,-17.0,False,-20.7,0.0,6,3,7,4,43.07514937376699,45.72562837650683,42.967789736885294,45.09080895118867
22301095,2024,04/02/2024,WAS,MIL,4.0,False,-12.5,-1.0,7,1,8,3,31.345167499376757,31.591729223915582,35.36767821638111,35.801383699465944
22301096,2024,04/02/2024,MIA,NYK,10.0,False,-5.1,0.0,1,1,6,3,-0.5674799934944978,9.487636724101684,2.125217586980252,13.531972483851714
22301097,2024,04/05/2024,DAL,GSW,2.0,False,1.9000000000000004,0.0,2,1,6,5,18.75012024555986,23.458159616428794,14.401563255915544,22.12862531786763
22301098,2024,04/02/2024,MIN,HOU,7.0,False,-3.0,0.0,1,1,2,3,-0.7695893696290099,-4.701609821285345,-1.585188224989306,-4.496491905462797
22301099,2024,04/02/2024,DEN,SAS,5.0,False,10.4,0.0,1,4,6,4,-49.02620767502337,-18.285254200009014,-48.118263652188986,-14.938380486223359
22301100,2024,04/02/2024,UTA,CLE,-16.0,False,-7.1,0.0,5,4,5,4,18.213091508401256,18.213091508401256,18.598839120867694,18.598839120867694
22301101,2024,04/02/2024,SAC,LAC,14.0,False,4.2,0.0,3,1,3,3,2.064284467603496,-5.6210725588134025,3.4039247325293402,-3.697791774311085
22301102,2024,04/03/2024,CHA,POR,-3.0,False,2.0,0.0,4,3,5,7,10.536990261795253,6.86177682917009,10.498812101263468,8.681698826665816
22301103,2024,04/03/2024,WAS,LAL,-5.0,False,-13.5,0.0,6,1,6,3,39.094125086796694,34.05496494682002,41.9203683258356,35.22949503591674
22301104,2024,04/03/2024,ATL,DET,8.0,False,16.5,0.0,3,5,5,8,-0.9963919858651735,-15.626107841959083,2.2679847200419516,-12.25588935454239
22301105,2024,04/03/2024,BOS,OKC,35.0,False,8.7,1.0,1,4,3,4,-43.66936340012487,-34.282800595840556,-44.72247642267833,-35.22254963813717
22301106,2024,04/03/2024,BKN,IND,4.0,False,-13.7,0.0,3,1,6,4,11.23353687947121,1.1966419428878652,9.515321667628566,-7.849881680763183
22301107,2024,04/03/2024,MIL,MEM,-10.0,False,10.8,-1.0,3,5,4,10,6.034737083940023,-17.01932169185649,8.647650914545835,-13.937501092145425
22301108,2024,04/03/2024,MIN,TOR,48.0,False,26.3,0.0,2,7,2,10,-41.098246338313146,-63.24578951678416,-39.07546644696459,-61.06463512839263
22301109,2024,04/03/2024,NOP,ORL,-9.0,False,-5.0,0.0,2,1,5,5,20.793551139531388,19.15100933952531,20.89208023944302,16.870926940506827
22301110,2024,04/03/2024,PHX,CLE,21.0,False,8.5,1.0,0,3,5,3,-16.850986891667922,12.337585449302164,-17.747745202321802,10.761924635489017
22301111,2024,04/04/2024,MIA,PHI,-4.0,False,7.199999999999999,0.0,2,2,6,4,0.8091289407038769,-2.6811393488641855,3.0706006169523725,-2.733045437432608
22301112,2024,04/04/2024,NYK,SAC,11.0,False,4.0,0.0,1,2,3,2,-6.649907958189454,2.8040552123469773,-10.13426245616447,-1.487589488141424
22301113,2024,04/04/2024,HOU,GSW,-23.0,False,3.0999999999999996,0.0,1,1,1,3,17.15230823156468,-2.737430342150418,16.262929119077903,-2.8008665244181614
22301114,2024,04/04/2024,LAC,DEN,2.0,False,-10.0,0.0,1,0,5,4,19.641626464507237,5.862892276104862,21.13129911756773,7.357059974768681
22301115,2024,04/05/2024,CHA,ORL,9.0,False,-23.299999999999997,0.0,2,0,6,5,12.493899463152756,11.873212668640079,12.437114810262836,11.999155072280367
22301116,2024,04/05/2024,IND,OKC,14.0,False,6.9,0.0,1,3,2,5,-21.60544110154388,-39.57262670222457,-22.92643473943462,-40.336180330345115
22301117,2024,04/05/2024,WAS,POR,-6.0,False,7.3999999999999995,0.0,5,3,7,7,24.193574496718256,11.911907543133005,26.46540803187271,13.934593598227735
22301118,2024,04/05/2024,BOS,SAC,1.0,False,11.5,1.0,4,2,4,4,25.660437133318784,17.11168030030873,20.007291100465896,12.720453940739223
22301119,2024,04/05/2024,CHI,NYK,8.0,False,-7.8999999999999995,2.0,2,0,3,2,6.087455253841743,0.37866344917623707,5.799023933736233,0.6736514611660027
22301120,2024,04/05/2024,HOU,MIA,-15.0,False,-1.7999999999999998,0.0,3,1,3,4,37.338530398660204,24.189359127941973,37.46629496084087,23.901096027146906
22301121,2024,04/05/2024,MEM,DET,18.0,False,2.6000000000000014,0.0,8,6,12,7,8.289192549900434,23.44333057063475,12.017001087180397,26.419102497781175
22301122,2024,04/05/2024,MIL,TOR,-6.0,False,24.7,0.0,0,4,3,7,-43.032300593276204,-16.001282958938532,-41.5461777358135,-15.791607228939853
22301123,2024,04/05/2024,NOP,SAS,-2.0,False,5.199999999999999,-1.0,2,5,5,5,-34.075420529251254,-7.872444438296569,-33.24652642835406,-7.751769967650226
22301124,2024,04/04/2024,DAL,ATL,14.0,False,4.8999999999999995,1.0,2,3,5,4,-15.97470098476419,-10.889394545193813,-19.621939594711137,-15.217898954645996
22301125,2024,04/05/2024,PHX,MIN,10.0,False,-5.300000000000001,0.0,0,1,4,1,-19.456052293685065,-7.930526795651032,-19.733909279981695,-8.463494870588004
22301126,2024,04/05/2024,LAC,UTA,29.0,False,11.7,-2.0,1,4,1,5,-37.258335880799336,-39.0405679075638,-37.69909488381904,-39.61947844912102
22301127,2024,04/06/2024,LAL,CLE,19.0,False,13.0,0.0,0,2,2,3,-12.858436462420766,-11.850315848310835,-13.741926823125869,-11.312087282394264
22301128,2024,04/06/2024,BKN,DET,10.0,False,10.200000000000001,2.0,3,7,5,9,-34.13730376850002,-38.23723196247931,-31.532979498833832,-34.03442177403364
22301129,2024,04/06/2024,MEM,PHI,-20.0,False,-8.0,-1.0,8,1,14,3,53.33878595015387,62.845076496187524,53.08318028804395,60.10453390075747
22301130,2024,04/06/2024,DEN,ATL,32.0,False,4.300000000000001,0.0,0,2,3,4,-26.107016981736624,-6.926099573971499,-24.61230451553076,-5.965758783352065
22301131,2024,04/07/2024,DAL,HOU,11.0,False,8.100000000000001,0.0,2,2,6,2,-3.0225979919803514,7.333796137998686,-6.346082767431554,4.419900098767517
22301132,2024,04/07/2024,LAC,CLE,2.0,False,11.0,1.0,1,2,5,5,-3.013254370052497,-0.29874707548774637,-2.8355234196095758,1.1609619407880771
22301133,2024,04/07/2024,IND,MIA,2.0,False,-1.8999999999999995,0.0,1,0,4,5,10.44613710554951,7.813979068230612,11.65151279623532,8.76260172607319
22301134,2024,04/07/2024,BOS,POR,17.0,False,23.6,0.0,1,3,3,7,-20.664332600268118,-18.548069875368565,-19.93535675458141,-17.471239361373918
22301135,2024,04/07/2024,CHA,OKC,-3.0,False,-10.7,0.0,2,3,6,7,-19.726156365935083,-37.70091478550847,-22.238961936733997,-41.410106413781094
22301136,2024,04/07/2024,ORL,CHI,15.0,False,4.6,0.0,0,1,1,4,-3.304413428894757,-20.195475197198974,-3.000741941688879,-20.473346174614896
22301137,2024,04/07/2024,TOR,WAS,8.0,False,-15.600000000000001,0.0,4,4,6,7,8.919251433415226,-7.205931769650405,5.790282725703534,-10.090468281904272
22301138,2024,04/07/2024,PHX,NOP,-8.0,False,6.6000000000000005,0.0,0,1,7,6,-17.37158105403602,-10.500248662488733,-17.157744105354567,-12.103978529097777
22301139,2024,04/07/2024,MIL,NYK,-13.0,False,-4.5,0.0,1,0,3,3,3.7339716190801853,2.029494363192903,3.471137016989423,2.0143269107397757
22301140,2024,04/07/2024,SAS,PHI,-7.0,False,-4.1,1.0,4,3,4,4,-2.0807742920510393,-15.204313784183768,-2.541100701960673,-17.299245613760206
22301141,2024,04/07/2024,BKN,SAC,-30.0,False,-4.8,-1.0,4,2,6,2,7.856785243182845,30.2992851321359,5.529113848072324,30.13240775261267
22301142,2024,04/07/2024,GSW,UTA,8.0,False,23.1,0.0,2,5,3,7,-42.9692994837997,-39.302277843584235,-41.547890270208725,-40.198041745087124
22301143,2024,04/07/2024,LAL,MIN,-10.0,False,0.40000000000000036,-1.0,2,1,2,2,10.814970176029867,6.685604069949662,8.516621653064437,4.421666931201564
22301144,2024,04/09/2024,CHA,DAL,-26.0,False,-23.1,0.0,2,1,2,3,0.6000179461842308,-11.959330520286054,1.0753814355966949,-10.795251441172358
22301145,2024,04/09/2024,PHI,DET,18.0,False,16.9,-1.0,0,6,3,8,-42.10620336000076,-25.44997529241047,-40.25459289007425,-22.39223177600254
22301146,2024,04/09/2024,TOR,IND,-17.0,False,-24.5,0.0,5,1,8,1,46.45812825398779,59.657516520417275,42.62885088240885,56.851290450611344
22301147,2024,04/09/2024,ATL,MIA,-6.0,False,-7.699999999999999,1.0,2,1,3,6,16.54066679742903,-8.163110819921467,14.909432366234363,-10.935973240353789
22301148,2024,04/09/2024,MIL,BOS,13.0,False,-12.299999999999999,0.0,1,1,4,4,-2.5834079224906112,-24.943036678708786,-3.1073643816738734,-23.260906536495508
22301149,2024,04/09/2024,CHI,NYK,-11.0,False,-9.100000000000001,0.0,1,0,4,4,3.073684210526316,2.1531081842873974,2.7912164517253397,-0.9143383038415145
22301150,2024,04/09/2024,HOU,ORL,12.0,False,-7.9,0.0,2,0,3,1,24.68347542173046,13.900175343128366,25.66447769855316,13.664181307776126
22301151,2024,04/09/2024,MEM,SAS,-15.0,False,-5.199999999999999,1.0,9,5,14,5,9.618484903734824,34.54610720431094,9.952487290890474,34.799101750196826
22301152,2024,04/09/2024,MIN,WAS,9.0,False,11.600000000000001,0.0,1,4,2,8,-14.008247751213979,-45.2410875398791,-15.372911856686706,-45.70961477317053
22301153,2024,04/09/2024,OKC,SAC,7.0,False,-4.8,0.0,2,2,5,6,-10.97349323031917,-14.872745002437842,-11.902578451224596,-12.822348267038613
22301154,2024,04/09/2024,UTA,DEN,-16.0,False,-23.6,-1.0,5,0,9,3,61.86259450197646,58.57249213397982,65.07251346598692,65.65224742510468
22301155,2024,04/09/2024,LAL,GSW,-14.0,False,-1.5999999999999996,0.0,0,1,1,2,-3.4075372480280453,19.814592216411626,-5.361588986597603,17.65311453637586
22301156,2024,04/09/2024,PHX,LAC,-13.0,False,5.5,0.0,0,1,5,4,-19.638242894056848,-20.14925316508358,-21.127658928227923,-22.974703692695847
22301157,2024,04/09/2024,POR,NOP,-10.0,False,-11.8,0.0,3,2,7,2,1.4405077402003492,23.918386638009533,0.8638644450159063,23.345788589781577
22301158,2024,04/10/2024,CLE,MEM,12.0,False,0.5,2.0,1,10,4,14,-67.40342800196541,-71.43530191220214,-67.22054706485268,-68.34363025328993
22301159,2024,04/10/2024,ATL,CHA,-1.0,False,14.1,0.0,3,2,6,4,30.68790456921364,58.978284238109914,28.783346487861923,54.91698942780691
22301160,2024,04/10/2024,BKN,TOR,4.0,False,11.700000000000001,2.0,3,6,5,9,-51.45663474452102,-65.49665952283472,-48.251543589825786,-58.444281648836665
22301161,2024,04/10/2024,MIA,DAL,-19.0,False,-4.300000000000001,0.0,0,1,4,2,-11.938396176314392,18.34213798765785,-11.395720516348096,19.17883515557908
22301162,2024,04/10/2024,MIL,ORL,18.0,False,-2.6,0.0,3,1,4,3,42.55817996452725,27.935689566736013,42.95369510533884,27.492242500781813
22301163,2024,04/10/2024,OKC,SAS,38.0,False,-2.8,0.0,2,6,2,6,-68.2152855445447,-68.2152855445447,-66.16318062621744,-66.16318062621744
22301164,2024,04/10/2024,DEN,MIN,9.0,False,0.0,0.0,0,1,3,2,-19.533433142126597,-12.258093829303677,-19.812395224617486,-12.045573534017134
22301165,2024,04/10/2024,LAC,PHX,-16.0,False,-2.3999999999999995,0.0,3,0,6,3,56.90044474854602,81.43428105353074,58.583734543365004,84.99331633906792
22301166,2024,04/11/2024,DET,CHI,-22.0,False,-9.1,0.0,6,1,9,4,38.56672066062478,29.188485389069925,37.01769184690219,27.087021955154228
22301167,2024,04/11/2024,BOS,NYK,-9.0,False,0.7999999999999989,0.0,1,0,2,3,6.319870759289175,-1.879121923405874,6.578878867219349,-2.6142402973824233
22301168,2024,04/11/2024,UTA,HOU,3.0,False,-14.299999999999999,0.0,6,2,7,2,50.652041766353676,52.494725107961244,54.129395621067644,56.045492641623724
22301169,2024,04/11/2024,POR,GSW,-8.0,False,-21.6,0.0,4,0,7,5,38.334794040315515,14.038138905577036,37.63405220630593,13.874265449415795
22301170,2024,04/11/2024,SAC,NOP,-12.0,False,0.19999999999999996,0.0,2,2,3,4,-7.362915514861211,-9.241871747978621,-5.490757141616918,-8.531100709398402
22301171,2024,04/12/2024,PHI,ORL,12.0,False,6.3,1.0,0,0,1,3,0.0,-4.395609054417478,0.0,-6.217649208897853
22301172,2024,04/12/2024,WAS,CHI,-2.0,False,-3.9,2.0,5,6,8,7,-36.4914875471608,-16.314548365303622,-30.80698596196212,-13.384107885545134
22301173,2024,04/12/2024,BOS,CHA,33.0,False,14.7,-1.0,0,2,6,4,-12.246850582044331,60.83031377435498,-12.191188763942858,60.43143691837999
22301174,2024,04/12/2024,CLE,IND,9.0,False,-12.899999999999999,-1.0,1,1,6,3,-5.26176122188325,3.1680221823692563,-6.293670613966433,3.7938727287991263
22301175,2024,04/12/2024,NYK,BKN,4.0,False,12.0,-1.0,1,3,3,6,-0.7810549081070643,-17.79102128553792,-4.326454130812554,-22.97977761475413
22301176,2024,04/12/2024,MIA,TOR,22.0,False,23.6,0.0,1,4,4,7,-30.91867639737018,-17.262928699358167,-29.39050094051944,-15.526237670927877
22301177,2024,04/12/2024,MEM,LAL,-3.0,False,-11.299999999999999,-1.0,10,0,13,3,72.1613151250507,75.96292890027557,72.52112603369292,75.40950068416232
22301178,2024,04/12/2024,MIN,ATL,3.0,False,10.4,0.0,0,4,2,5,-41.349288608310566,-37.616818692089055,-39.084395625748336,-34.76971544192395
22301179,2024,04/12/2024,OKC,MIL,18.0,False,0.10000000000000009,0.0,0,3,2,3,-53.71116421987026,-30.345779604485646,-54.6577199150653,-34.035856278201884
22301180,2024,04/12/2024,SAS,DEN,1.0,False,-14.6,0.0,6,0,6,3,61.92360163710777,50.87757653250526,61.6617558370698,50.123711899483986
22301181,2024,04/12/2024,DAL,DET,-18.0,False,25.799999999999997,1.0,2,6,3,9,-7.422730229413858,-8.125153810850946,-5.297703144021263,-3.580340706567384
22301182,2024,04/12/2024,GSW,NOP,-5.0,False,9.9,0.0,0,3,5,5,-35.234559568005395,-7.271312894077781,-35.7730191511817,-8.027118312323786
22301183,2024,04/12/2024,POR,HOU,-9.0,False,-8.2,0.0,4,3,6,3,-7.347590812594497,0.08606876500503091,-6.582394099789006,0.7418959714287254
22301184,2024,04/12/2024,LAC,UTA,-1.0,False,14.8,1.0,1,5,1,8,-37.812212820030204,-56.530564831305945,-39.31470286253852,-59.568595009556084
22301185,2024,04/12/2024,SAC,PHX,-1.0,False,-3.8000000000000003,-1.0,2,0,7,7,19.477191184008202,6.75955907622329,21.813277673976692,8.038323500301537
22301186,2024,04/14/2024,BOS,WAS,10.0,False,13.5,0.0,6,5,6,8,49.06010112778034,22.719419653319946,45.232427871974785,21.718935806556075
22301187,2024,04/14/2024,CLE,CHA,-10.0,False,7.699999999999999,0.0,4,0,5,5,41.46386093321135,-13.617610341818633,43.54881015634071,-11.203957605966671
22301188,2024,04/14/2024,IND,ATL,42.0,False,7.7,0.0,1,4,2,5,-30.23164559092336,-35.582572598735815,-26.81318184994283,-31.637129090275742
22301189,2024,04/14/2024,MIA,TOR,15.0,False,24.0,0.0,1,5,2,7,-31.8317975430273,-42.06189075047774,-27.324196829883327,-36.26675424751782
22301190,2024,04/14/2024,NYK,CHI,1.0,False,6.0,0.0,0,2,3,5,-14.687933425797507,-22.428566361620902,-14.579534512415066,-20.418508921896514
22301191,2024,04/14/2024,ORL,MIL,25.0,False,1.5000000000000002,0.0,0,2,1,3,-33.949810931591614,-33.34340647217134,-34.945601266433975,-35.497232995644595
22301192,2024,04/14/2024,PHI,BKN,21.0,False,8.600000000000001,0.0,0,6,3,6,-47.178136318735596,-5.972674840200185,-49.96270210699437,-10.082580427603261
22301193,2024,04/14/2024,MEM,DEN,-15.0,False,-18.0,0.0,9,0,12,2,72.61295502836586,75.52959734298133,72.52815859187517,75.64663992473868
22301194,2024,04/14/2024,MIN,PHX,-19.0,False,5.8,0.0,0,0,1,2,0.0,-4.047918542076143,0.0,-5.854756495629719
22301195,2024,04/14/2024,NOP,LAL,-16.0,False,-3.0,0.0,0,0,2,1,0.0,6.977700007548003,0.0,7.5057342030784655
22301196,2024,04/14/2024,OKC,DAL,49.0,True,-7.500000000000001,0.0,0,8,0,8,-112.70833333333334,-112.70833333333334,-114.01672466170771,-114.01672466170771
22301197,2024,04/14/2024,SAS,DET,28.0,False,6.8,0.0,7,6,7,8,42.3398871501149,15.285322514930925,43.054220001594054,17.656384216460637
22301198,2024,04/14/2024,GSW,UTA,7.0,False,18.4,0.0,1,5,3,7,-50.113832776604745,-36.71670483156263,-52.57860421960795,-39.38863981286448
22301199,2024,04/14/2024,LAC,HOU,-11.0,False,8.0,0.0,1,4,7,4,-34.15199152032254,43.2308078051412,-32.09481822606233,45.3279115956563
22301200,2024,04/14/2024,SAC,POR,39.0,False,12.100000000000001,0.0,2,3,2,8,-6.011113762588632,-61.50762873975825,-2.5547236548461356,-54.51097467077761
22301201,2024,12/05/2023,MIL,NYK,24.0,False,3.8000000000000007,0.0,2,0,6,1,13.98379736088018,25.048341399381094,11.983198091078417,22.139617924175518
22301202,2024,12/04/2023,IND,BOS,10.0,False,-4.4,-1.0,1,1,4,5,-6.454196592974272,-2.787524833346616,-6.521805759253981,-2.287745260707716
22301203,2024,12/05/2023,LAL,PHX,3.0,False,-5.8999999999999995,0.0,1,2,2,9,-9.061282618935568,-29.754605501174552,-13.342539306510742,-32.02169683580328
22301204,2024,12/04/2023,SAC,NOP,-10.0,False,-5.0,0.0,1,2,5,5,-5.277582982578879,-4.553645331637405,-6.837472096944816,-3.4080639503193595
22301205,2024,12/06/2023,CLE,ORL,10.0,False,-4.5,0.0,3,3,7,6,-9.681237146304852,-4.476205027892902,-11.080619012024705,-5.2490300647852735
22301206,2024,12/06/2023,DET,MEM,-14.0,False,-8.6,0.0,1,4,5,9,-30.849687541904583,-30.478645666200578,-28.266062645986757,-31.660130553206866
22301207,2024,12/06/2023,TOR,MIA,-9.0,False,-4.6,0.0,2,5,5,8,-36.73471649034501,-39.048824249635544,-31.21727977937086,-35.578356718792776
22301208,2024,12/06/2023,WAS,PHI,-5.0,False,-12.2,0.0,2,0,10,8,9.951607342020003,10.063937326074523,11.418916306473498,21.979934509758625
22301209,2024,12/06/2023,ATL,BKN,-1.0,False,-8.3,0.0,1,2,5,5,-4.153802979794886,-6.023273726671178,-5.841905402770083,-10.65350094481575
22301210,2024,12/06/2023,MIN,SAS,8.0,False,17.4,0.0,2,2,5,7,5.967540938951787,-13.651068669282662,2.9394808657306832,-15.100182652162239
22301211,2024,12/06/2023,CHI,CHA,11.0,False,3.8000000000000007,0.0,1,2,2,7,-3.069109163227129,-32.8737624632699,-0.808837875418817,-30.329245391512682
22301212,2024,12/06/2023,HOU,OKC,9.0,False,-14.600000000000001,0.0,1,2,7,5,-3.4777735845293116,17.584685085453213,-5.237483441798945,13.791837854550877
22301213,2024,12/06/2023,DAL,UTA,50.0,False,0.1999999999999993,0.0,2,4,5,5,-31.061740875864615,-18.129920991952748,-31.537755011611612,-16.52771271858112
22301214,2024,12/06/2023,GSW,POR,4.0,False,5.3,0.0,1,3,4,8,-17.998525449234528,-31.305260613503073,-18.920792231755286,-32.751456357102676
22301215,2024,12/06/2023,LAC,DEN,9.0,False,4.800000000000001,0.0,2,0,6,2,13.18467816243254,18.912404086770877,13.173875991621294,20.081602360665393
22301216,2024,12/08/2023,CHA,TOR,3.0,False,-8.9,0.0,2,1,6,3,17.32707567739738,27.49045771163138,13.893815526956837,23.187477169130474
22301217,2024,12/08/2023,ORL,DET,32.0,False,20.2,0.0,4,3,4,3,23.82787126663046,23.82787126663046,18.050183423883954,18.050183423883954
22301218,2024,12/08/2023,PHI,ATL,11.0,False,7.3,0.0,0,1,8,4,-15.00382696824936,-11.08222389876154,-14.234457490852181,-11.726820836660245
22301219,2024,12/08/2023,BKN,WAS,27.0,False,14.399999999999999,0.0,2,5,4,7,-0.5577885781378527,0.5796846476037132,0.3092652072954074,-1.326027917975587
22301220,2024,12/08/2023,MIA,CLE,-12.0,False,1.1999999999999997,0.0,4,2,7,3,22.49947578483333,18.512551816442134,22.108704831627865,15.197650198824434
22301221,2024,12/08/2023,MEM,MIN,-24.0,False,-9.5,0.0,2,2,4,4,8.153373875177962,7.839499693600082,5.282045597320781,6.800752393823647
22301222,2024,12/08/2023,OKC,GSW,2.0,False,15.0,0.0,0,1,6,2,-7.399554428823844,6.8879570918063635,-7.32314556189003,8.755482067997704
22301223,2024,12/08/2023,SAS,CHI,-9.0,False,-7.3999999999999995,0.0,0,1,7,3,-16.63693854386249,14.530156649979578,-17.396586623798264,19.161953845661422
22301224,2024,12/08/2023,DEN,HOU,-8.0,False,-2.1,0.0,0,1,1,7,-4.0042654417193,-34.55143873342774,-4.483107909197867,-34.316434284398305
22301225,2024,12/08/2023,UTA,LAC,-14.0,False,-17.299999999999997,0.0,1,1,4,6,11.913028143900455,11.147112793392601,10.93418995548468,6.096180104764635
22301226,2024,12/08/2023,POR,DAL,-13.0,False,-5.800000000000001,0.0,3,3,8,7,3.7385470775695673,26.311522287871654,2.257076395857645,22.77598083122045
22301227,2024,12/08/2023,BOS,NYK,10.0,False,-0.6999999999999997,0.0,0,0,5,4,0.0,12.969237317037795,0.0,14.209377599562082
22301228,2024,12/08/2023,PHX,SAC,-8.0,False,4.5,0.0,3,1,6,5,40.90526675679071,40.68071231313746,39.161811742426764,37.47926330833668
22301229,2024,12/07/2023,MIL,IND,-9.0,False,7.1,-1.0,2,1,5,3,3.060112403149157,-4.2653847508201395,1.3869587653256676,-9.630653231583281
22301230,2024,12/07/2023,LAL,NOP,44.0,False,-5.2,-1.0,1,2,1,2,-2.82205854258057,-2.82205854258057,-7.819112373985998,-7.819112373985998
62300001,2024,12/09/2023,LAL,IND,14.0,False,1.1000000000000005,0.0,1,2,2,4,-13.162536998677503,-21.72575093021841,-15.584818400421474,-23.59667744089103
22400001,2025,11/12/2024,BOS,ATL,-1.0,False,15.8,-1.0,1,5,4,9,-22.53193524033928,-22.228620505984146,-28.91061713775029,-34.655687641027924
22400002,2025,11/12/2024,DET,MIA,2.0,False,-2.9000000000000004,0.0,0,1,7,3,-16.849307745763618,7.551525738233728,-19.096937423494307,14.361393927526834
22400003,2025,11/12/2024,ORL,CHA,25.0,False,3.0,0.0,3,2,3,8,10.966918461483417,-13.468929817050949,7.4773461088928315,-18.186518802873657
22400004,2025,11/12/2024,PHI,NYK,-12.0,False,-7.7,0.0,2,2,6,4,1.4776475028388454,4.451875688659015,-0.2575338280077908,0.4588479462966575
22400005,2025,11/12/2024,MIL,TOR,14.0,False,0.10000000000000053,0.0,2,3,5,9,0.5137904104117226,-14.037739174061556,2.6045861835648836,-12.812737575433133
22400006,2025,11/12/2024,UTA,PHX,-8.0,False,-15.299999999999999,1.0,3,2,10,6,-1.0101779995223517,-3.0323884613037606,-5.21111072129381,-7.753839670475024
22400007,2025,11/12/2024,GSW,DAL,3.0,False,7.9,0.0,0,1,3,9,-6.326102836631868,-18.392063637709846,-7.221170771354998,-22.899578869992567
22400008,2025,11/12/2024,POR,MIN,14.0,False,-14.0,0.0,1,0,9,3,4.704680081700677,31.05494806758292,7.340819076657482,39.22468653012135
22400009,2025,11/15/2024,IND,MIA,-13.0,False,-2.6,-1.0,4,1,4,3,23.289141127814187,10.22774184512054,32.857932563302924,20.923794103013527
22400010,2025,11/15/2024,ORL,PHI,12.0,False,10.0,0.0,3,2,4,4,12.692758296826526,6.165066489016507,12.105232514203848,5.184636536766966
22400011,2025,11/15/2024,TOR,DET,-4.0,False,-6.5,1.0,4,0,9,8,42.09609486895447,14.482784796697125,39.541816675588535,10.472660779551681
22400012,2025,11/15/2024,ATL,WAS,12.0,False,6.299999999999999,1.0,4,0,8,9,24.03758187448569,-14.248662624116001,24.293831979508404,-11.684209119110378
22400013,2025,11/15/2024,CLE,CHI,18.0,False,15.0,0.0,2,0,6,4,16.591330131899895,32.13319676096303,16.370623394600816,28.4971714781594
22400014,2025,11/15/2024,NYK,BKN,2.0,False,7.8,0.0,2,3,7,6,-8.971406571199939,25.3414553948871,-5.9988458687115305,29.29483403433833
22400015,2025,11/15/2024,SAS,LAL,-5.0,False,2.1,0.0,2,2,5,4,11.951858521811184,3.54046448341154,12.538353975776632,6.705281353508298
22400016,2025,11/15/2024,HOU,LAC,21.0,False,4.1000000000000005,0.0,2,2,4,3,-12.221295507817171,-5.725080713119294,-11.810258780656694,-5.427144483427394
22400017,2025,11/15/2024,NOP,DEN,7.0,False,-16.599999999999998,-1.0,6,2,7,4,7.708316638420612,2.841747308268225,9.558313055365147,2.4229962883523797
22400018,2025,11/15/2024,OKC,PHX,16.0,False,10.8,0.0,3,3,6,7,-5.962320144056889,-18.824448098745094,-4.694046853087649,-13.940351153228768
22400019,2025,11/15/2024,GSW,MEM,5.0,False,-3.0,1.0,1,2,2,8,-11.154347744335302,-36.63806889611526,-8.254444183017142,-39.77866872455304
22400020,2025,11/15/2024,SAC,MIN,-4.0,False,1.7000000000000002,0.0,1,0,4,2,10.605315180735825,31.685626311327045,11.552037774816554,28.361235396818746
22400021,2025,11/19/2024,BOS,CLE,3.0,False,-1.0,1.0,1,2,6,8,0.9667632500496239,-11.419624421148171,-0.790687624203926,-13.148768593170267
22400022,2025,11/19/2024,BKN,CHA,1.0,False,2.5,0.0,2,3,5,9,4.635744776203399,1.2403389194400276,1.9864386539620291,0.9222615045330329
22400023,2025,11/19/2024,MEM,DEN,-12.0,False,8.899999999999999,0.0,3,2,9,4,-27.29680563053848,-5.825791215433107,-28.843194495103457,-5.099373254920081
22400024,2025,11/19/2024,DAL,NOP,41.0,False,13.6,-1.0,1,6,5,7,-54.76057582534301,-50.15996503119692,-54.912865190881604,-48.041569533193
22400025,2025,11/19/2024,SAS,OKC,6.0,False,-8.5,1.0,2,3,7,6,0.6272276298962005,14.246761825013827,0.8065862170302651,9.736090451923133
22400026,2025,11/19/2024,LAL,UTA,6.0,False,8.9,1.0,2,3,4,11,-10.012333262858274,-22.2310647050683,-7.562914442335266,-19.66908059474024
22400027,2025,11/22/2024,PHI,BKN,15.0,False,-4.7,-1.0,2,1,5,5,15.179110676200228,30.11382936438575,11.17445223530127,17.5828375517515
22400028,2025,11/22/2024,WAS,BOS,-12.0,False,-24.4,0.0,2,1,9,4,-8.456641222550152,3.5141714207703387,-5.1792842761331706,11.218338145967174
22400029,2025,11/22/2024,MIL,IND,12.0,False,6.699999999999999,0.0,1,4,5,5,-22.82267599106968,-8.780903837065814,-34.67104551364449,-18.61559657489299
22400030,2025,11/22/2024,CHI,ATL,14.0,False,-6.200000000000001,0.0,1,1,6,6,3.80168804434071,2.999458127174975,3.5881410166563876,6.662060219438686
22400031,2025,11/22/2024,HOU,POR,28.0,False,19.6,0.0,2,1,3,6,5.9183155465266175,-20.960996586078473,7.79469124296586,-19.681257198822372
22400032,2025,11/22/2024,NOP,GSW,-4.0,False,-21.6,0.0,5,1,8,2,48.04415002296961,58.80910020865679,48.29162958768591,59.604006940337904
22400033,2025,11/22/2024,DEN,DAL,-3.0,False,-5.1000000000000005,0.0,1,4,3,8,-15.468888397229325,-17.314810970391573,-19.36912313565185,-19.103807608105182
22400034,2025,11/22/2024,LAC,SAC,16.0,False,0.7000000000000002,-1.0,2,1,5,4,6.477656319061024,6.845569395380743,6.150927499574017,8.742007764361723
22400035,2025,11/26/2024,WAS,CHI,-19.0,False,-10.6,-1.0,2,1,6,3,1.2695116657732832,17.859661493345115,2.8081158737912055,16.966050263972036
22400036,2025,11/26/2024,MIA,MIL,-3.0,False,-2.2,-1.0,0,1,3,6,-13.966836636450259,-32.656830600963104,-12.932333461296118,-37.47853132789661
22400037,2025,11/26/2024,MIN,HOU,-6.0,False,-6.199999999999999,-1.0,0,2,4,6,-9.278347019372468,-1.3509685660763715,-8.937405322886981,-3.149812158000028
22400038,2025,11/26/2024,UTA,SAS,-13.0,False,-4.9,0.0,4,2,12,5,-1.1986813888913055,18.286907107205842,-1.2326173771844893,14.108234032220864
22400039,2025,11/26/2024,PHX,LAL,27.0,False,-5.8999999999999995,0.0,1,1,4,2,2.8529881606228353,14.131497058399834,2.446923742176815,11.859358238170786
22400040,2025,11/29/2024,CHA,NYK,-1.0,False,-9.3,0.0,6,2,10,4,39.0130623488391,51.6392145631272,39.215024064679305,50.92677275046113
22400041,2025,11/29/2024,ATL,CLE,16.0,False,-13.700000000000001,0.0,0,3,4,6,-22.186858362006298,-13.6736594746503,-19.92449862765219,-10.46579183985854
22400042,2025,11/29/2024,MEM,NOP,11.0,False,27.200000000000003,0.0,3,3,7,9,-1.5957060582163045,-12.843096790682154,-9.723817087944234,-13.20803713928511
22400043,2025,11/29/2024,BKN,ORL,-23.0,False,-13.5,0.0,3,3,6,4,13.374910174216978,25.51048599127585,8.896115889556448,24.081151116448655
22400044,2025,11/29/2024,MIN,LAC,1.0,False,-4.0,0.0,1,2,2,6,-2.0674894920690647,-22.645676428955156,-3.274898881625381,-27.006640953169338
22400045,2025,11/29/2024,IND,DET,-24.0,False,1.0,0.0,5,0,5,6,40.285270534414174,11.913461280512458,52.00797243192466,19.486166295796778
22400046,2025,11/29/2024,MIA,TOR,10.0,False,2.7,0.0,0,4,3,10,-36.93537637974744,-35.693474515655495,-34.55073643898194,-40.59338493769418
22400047,2025,11/29/2024,CHI,BOS,-9.0,False,-13.7,-1.0,1,0,3,5,9.535159101456776,-6.50254738516524,9.111770805564475,-2.1873714602879097
22400048,2025,11/29/2024,LAL,OKC,-8.0,False,-5.9,0.0,0,4,2,7,-31.350146397135237,-29.60618666776445,-33.11335719398034,-35.48372030092557
22400049,2025,11/29/2024,POR,SAC,9.0,False,-8.8,0.0,1,2,8,5,-16.61614555793913,13.238370831694972,-16.51526275921993,10.861953020347023
22400050,2025,12/03/2024,CHA,PHI,-6.0,False,-0.6000000000000005,0.0,4,3,9,6,7.254418776340955,16.318854656068282,12.615976392702006,23.084651590201908
22400051,2025,12/03/2024,CLE,WAS,31.0,False,22.4,-1.0,1,2,2,6,-9.931106276870068,-12.326390990331177,-11.841821382840934,-16.413935803784113
22400052,2025,12/03/2024,DET,MIL,-21.0,False,-7.7,0.0,0,1,0,5,-14.735604443749573,-33.10774555558163,-13.644159760771686,-34.12364253137182
22400053,2025,12/03/2024,NYK,ORL,15.0,False,0.29999999999999893,0.0,2,3,3,5,-6.8249815796855025,-16.385431983841695,-6.807830955660009,-13.11158518980628
22400054,2025,12/03/2024,TOR,IND,11.0,False,5.8,0.0,1,4,4,6,-14.45546857600565,-2.9344842525273904,-26.06077818354202,-14.95714879027149
22400055,2025,12/03/2024,OKC,UTA,27.0,False,12.9,0.0,4,4,7,11,7.914824440109182,-9.603631397754242,10.406651830879735,-0.065872785168402
22400056,2025,12/03/2024,DAL,MEM,5.0,False,1.8000000000000007,0.0,2,2,5,3,-10.610701121530434,-8.126599095141131,-6.470746595552418,-5.674605215026649
22400057,2025,12/03/2024,PHX,SAS,11.0,False,-7.2,1.0,2,1,6,6,6.281884365951695,2.8230683582431055,5.813525182808517,-0.06870265572170808
22400058,2025,12/03/2024,DEN,GSW,4.0,False,0.19999999999999996,-1.0,0,2,4,4,-23.333406023071724,-18.80687986281221,-23.382016564959685,-13.958538118694335
22400059,2025,12/03/2024,SAC,HOU,9.0,False,-13.9,0.0,1,2,2,4,-2.750300032108399,-7.520887574734182,-1.195656199039183,-5.26508785995059
22400060,2025,12/03/2024,LAC,POR,22.0,False,7.7,0.0,2,3,2,4,-13.443797047633284,-22.76310773408067,-8.189522713522404,-18.21206333093063
22400061,2025,10/22/2024,BOS,NYK,23.0,False,7.300000000000001,0.0,1,2,4,7,0.3556805504664844,-27.165567092031843,-4.0378357428150125,-38.23326259352403
22400062,2025,10/22/2024,LAL,MIN,7.0,True,-0.3000000000000007,0.0,0,0,4,5,0.0,-14.471003666814624,0.0,-12.006825600873984
22400063,2025,10/23/2024,DET,IND,-6.0,False,-18.8,0.0,1,0,11,3,8.2115170747139,27.555193166285353,10.538799764276211,37.645231317687546
22400064,2025,10/23/2024,ATL,BKN,4.0,False,-3.5,0.0,1,2,8,6,-13.86134874030053,14.612438033458588,-13.368508591050364,12.822532323401994
22400065,2025,10/23/2024,MIA,ORL,-19.0,True,8.9,0.0,0,0,5,2,0.0,15.49485261267893,0.0,14.016082869267755
22400066,2025,10/23/2024,PHI,MIL,-15.0,False,14.0,0.0,1,1,7,5,13.482590977415299,47.01625979337136,5.112964930923315,34.6078087770087
22400067,2025,10/23/2024,TOR,CLE,-30.0,False,-12.0,0.0,3,2,11,4,24.296295644255565,60.29502425463461,21.145482790498143,56.98427347900693
22400068,2025,10/23/2024,HOU,CHA,-5.0,False,4.5,0.0,0,0,5,7,0.0,-15.374929004899801,0.0,-14.17249745637261
22400069,2025,10/23/2024,NOP,CHI,12.0,False,-2.0,0.0,1,0,7,7,15.7655381505811,15.110001365831465,16.200923495644226,24.859809621607035
22400070,2025,10/23/2024,UTA,MEM,-2.0,False,-2.3999999999999995,0.0,1,4,9,12,-30.684366483071972,-29.94229166009052,-28.04163655977051,-34.20375201148059
22400071,2025,10/23/2024,LAC,PHX,-3.0,False,-2.1999999999999997,0.0,2,1,9,8,16.935364076171574,31.485805034273852,15.437065418608235,26.205920593843906
22400072,2025,10/23/2024,POR,GSW,-36.0,True,-22.8,0.0,1,0,5,3,5.1950162906631645,-12.876931102966267,8.105901788812178,-2.1892038623827688
22400073,2025,10/24/2024,WAS,BOS,-20.0,True,-18.3,1.0,0,1,5,3,-19.283760136051068,-6.691295867273393,-17.057529984923267,1.146694921224757
22400074,2025,10/24/2024,DAL,SAS,11.0,False,1.9999999999999998,0.0,2,1,5,5,-5.216601585933848,-13.290375825520854,-0.6585285082015737,-10.534958588332536
22400075,2025,10/24/2024,DEN,OKC,-15.0,False,-0.5,0.0,0,2,3,5,-16.210484979383466,-13.966376743914537,-16.755533017770027,-16.02691302721004
22400076,2025,10/24/2024,SAC,MIN,-2.0,True,4.4,1.0,0,0,5,3,0.0,9.334100917461548,0.0,11.182189809697652
22400077,2025,10/25/2024,ORL,BKN,15.0,False,10.6,0.0,0,2,5,6,-14.168983645569005,-5.432956890378847,-13.812841527573632,-10.600022157385556
22400078,2025,10/25/2024,TOR,PHI,8.0,False,-23.700000000000003,0.0,2,1,11,4,-15.814210583047405,19.8465124472296,-6.43262082642655,31.632734944924522
22400079,2025,10/25/2024,ATL,CHA,5.0,False,-1.700000000000001,0.0,2,1,8,10,4.368141761774293,-0.5574023618199249,2.764769764777121,1.6727787738068116
22400080,2025,10/25/2024,CLE,DET,12.0,False,7.4,0.0,2,1,5,8,4.729975512119357,-11.388785672778752,3.6114284723490044,-13.81655616402714
22400081,2025,10/25/2024,NYK,IND,25.0,False,-7.6000000000000005,1.0,2,1,4,1,5.231205221909427,24.29359787548961,-3.183966060093905,17.616134944320994
22400082,2025,10/25/2024,HOU,MEM,20.0,False,1.2999999999999998,0.0,0,3,2,11,-22.813972510609837,-52.05235377945799,-19.743659587702858,-55.0616419912043
22400083,2025,10/25/2024,MIL,CHI,-11.0,False,0.6999999999999997,0.0,1,0,5,5,14.590242167623643,15.13375708375671,13.509564255970872,8.47832596470056
22400084,2025,10/25/2024,UTA,GSW,-41.0,False,-19.299999999999997,0.0,1,0,8,0,4.460000164073934,34.685360287564734,5.314451527154325,32.49338364184486
22400085,2025,10/25/2024,LAL,PHX,7.0,False,-0.10000000000000009,1.0,0,1,2,6,-4.495770027187258,-31.377709545677085,-4.8487136090591605,-27.385366879645858
22400086,2025,10/25/2024,POR,NOP,-2.0,False,-16.6,0.0,1,3,8,4,-37.83714991722849,-10.360033545738695,-32.30489114846579,-1.481602389810675
22400087,2025,10/26/2024,DEN,LAC,-5.0,False,6.2,-1.0,0,2,3,7,-20.02407527348713,-33.62325764796694,-18.968120550062647,-29.63156221364924
22400088,2025,10/26/2024,CHA,MIA,-8.0,False,-9.5,-2.0,2,1,11,3,5.397065519546038,24.774254289260544,5.845819962640674,28.338022707153932
22400089,2025,10/26/2024,DET,BOS,-6.0,False,-23.7,-1.0,0,2,9,5,-29.886635190223014,-2.3376005505042485,-25.78125257418001,11.041433724825787
22400090,2025,10/26/2024,WAS,CLE,-19.0,False,-7.5,1.0,0,2,7,4,-12.347003407646074,16.63558086519567,-13.36597710029561,17.272007371461434
22400091,2025,10/26/2024,CHI,OKC,-19.0,False,-7.8,-1.0,0,2,3,5,-14.367856098681557,-17.64409410582784,-14.850949096353522,-19.550025725194303
22400092,2025,10/26/2024,MEM,ORL,13.0,False,-8.6,0.0,3,0,10,2,23.595033537472002,40.97118387502317,20.419605130480058,45.9770864605581
22400093,2025,10/26/2024,MIN,TOR,11.0,True,16.5,1.0,0,3,2,12,-31.667732055607743,-67.23671030058185,-28.778706687792106,-66.15809532041743
22400094,2025,10/26/2024,SAS,HOU,3.0,False,-0.30000000000000004,1.0,2,0,8,5,24.57033730140127,34.035949711295146,23.225059070145353,32.82471718345804
22400095,2025,10/26/2024,PHX,DAL,12.0,False,2.5,-1.0,1,2,7,5,-4.074708121839997,35.15836105742906,-5.8237108913903075,25.92371443547858
22400096,2025,10/26/2024,LAL,SAC,4.0,False,-0.7999999999999998,-1.0,1,0,2,6,3.3569815336671405,-17.718587484535053,4.107641642008533,-14.612643386115733
22400097,2025,10/27/2024,IND,PHI,-4.0,False,0.6000000000000005,0.0,1,1,1,6,-21.968740380135912,-50.55731570914556,-0.5911495491196739,-26.20761078626501
22400098,2025,10/27/2024,BKN,MIL,13.0,False,-4.9,0.0,2,1,6,4,-0.44674269567564906,0.7073303253127357,0.2798764478182427,4.277114269421617
22400099,2025,10/27/2024,POR,NOP,22.0,False,-12.200000000000001,0.0,1,2,5,4,-28.849247072274572,-28.54101102180031,-24.41299919096565,-19.64210539633984
22400100,2025,10/27/2024,OKC,ATL,24.0,False,16.5,-1.0,2,2,5,8,0.0830021065451767,-22.252682480609348,2.182865953908161,-22.56033618545593
22400101,2025,10/27/2024,GSW,LAC,-8.0,False,12.8,1.0,0,2,1,7,-19.943794838064004,-45.77662042808189,-18.892073643720178,-43.62818203532065
22400102,2025,10/28/2024,ORL,IND,4.0,False,-4.199999999999999,1.0,0,1,6,1,-11.80159129225946,16.199367644690437,-22.35462957297988,4.7740521636988795
22400103,2025,10/28/2024,ATL,WAS,-2.0,True,-1.8000000000000007,-1.0,3,0,7,10,29.4846329897277,-8.915955851243439,28.792638117997516,-7.790148899334689
22400104,2025,10/28/2024,BOS,MIL,11.0,False,17.3,1.0,1,1,3,4,4.634701862573522,3.8861010020110314,3.4938598778278287,-0.8098793300877531
22400105,2025,10/28/2024,MIA,DET,8.0,False,14.2,0.0,1,0,2,9,9.87937460030432,-30.9134115631472,8.017251243729385,-37.15995126683406
22400106,2025,10/28/2024,NYK,CLE,-6.0,False,-1.2999999999999998,1.0,2,2,4,6,4.397819465278316,7.770580776658527,5.54971589532485,10.460818472684124
22400107,2025,10/28/2024,TOR,DEN,-2.0,False,-20.8,0.0,2,0,12,3,17.97566301030153,52.00812896100009,16.567214228865364,51.486630399667526
22400108,2025,10/28/2024,MEM,CHI,-3.0,False,-1.5,0.0,2,0,10,6,15.250960431415612,41.92563334055808,14.232227002538066,38.9683416397193
22400109,2025,10/28/2024,SAS,HOU,-5.0,False,-0.8,0.0,2,1,8,6,22.26293394111697,24.59527396155025,21.945688960990786,23.809064566931458
22400110,2025,10/28/2024,DAL,UTA,8.0,False,13.6,-1.0,2,2,4,9,3.6474815503096654,-24.66804643306794,2.588164489019416,-23.821133508287843
22400111,2025,10/28/2024,PHX,LAL,4.0,False,0.0,0.0,1,0,6,2,4.364017604595541,20.27033040047031,4.706617870045871,18.514022637291788
22400112,2025,10/28/2024,SAC,POR,13.0,False,13.5,1.0,0,2,3,5,-6.844084253522103,-7.667350343287836,-9.24785804349202,-14.26084438162232
22400113,2025,10/29/2024,BKN,DEN,-5.0,False,-12.1,1.0,3,0,7,3,25.130536770849126,25.20253588863196,23.388634800123963,26.38102857129026
22400114,2025,10/29/2024,MIN,DAL,-6.0,False,2.5999999999999996,2.0,0,2,2,8,-11.7840124345494,-16.997299167839238,-10.949803587848455,-16.568015996761694
22400115,2025,10/29/2024,UTA,SAC,-17.0,False,-16.700000000000003,0.0,2,0,8,2,12.042139972964067,31.606314507983235,8.624702183500144,26.82319130954089
22400116,2025,10/29/2024,GSW,NOP,18.0,False,12.2,0.0,2,2,3,4,-6.3623618128027815,-3.943416582353457,-2.8857686992015985,-0.27614133266568075
22400117,2025,10/30/2024,CHA,TOR,5.0,False,2.6000000000000005,1.0,1,3,11,12,-22.13690430084435,-27.33358791822613,-20.452929381525134,-27.418382065706332
22400118,2025,10/30/2024,CLE,LAL,24.0,False,0.30000000000000027,0.0,3,0,5,1,16.41368706859891,22.313831940232134,16.664951403106386,22.386067291984734
22400119,2025,10/30/2024,IND,BOS,3.0,False,-6.4,0.0,1,1,2,3,-6.955390441914503,1.2897551297155054,5.792631220641102,12.838387682393993
22400120,2025,10/30/2024,PHI,DET,-10.0,False,17.7,1.0,1,0,5,9,33.46077395406713,13.995394659663752,22.754893984655105,-3.653295965929452
22400121,2025,10/30/2024,WAS,ATL,13.0,False,4.2,0.0,1,4,6,8,-15.334975366524784,-2.3427166646161766,-21.41909696058567,-12.410816265893168
22400122,2025,10/30/2024,MIA,NYK,-9.0,False,-0.7000000000000002,0.0,1,2,3,4,-6.7850214118881755,-12.736422888421682,-10.812486998635691,-19.20912156561265
22400123,2025,10/30/2024,CHI,ORL,3.0,False,-2.5999999999999996,0.0,0,1,6,6,-3.0143541489330734,0.7732693903119241,-3.5347965177612757,4.255424488693123
22400124,2025,10/30/2024,MEM,BKN,-13.0,False,-0.7000000000000002,1.0,2,3,8,7,-13.052024974124448,-0.21330951384952357,-12.24937610122806,1.5195641328167042
22400125,2025,10/30/2024,OKC,SAS,12.0,False,14.1,1.0,2,2,5,6,-10.48151298545369,-16.798280939997454,-8.637068160438073,-10.906415691040472
22400126,2025,10/30/2024,GSW,NOP,15.0,False,12.6,0.0,2,4,3,5,-29.675140037327854,-18.22323701984324,-24.274010479655875,-13.746532336238971
22400127,2025,10/30/2024,LAC,POR,-1.0,False,13.399999999999999,1.0,2,2,6,7,13.793750949010212,18.440488771107646,10.28472316663145,9.323936391524185
22400128,2025,10/31/2024,MEM,MIL,23.0,False,-3.5,-2.0,4,1,11,4,15.796059735339627,34.962314509444994,17.74993381465312,41.07811232916773
22400129,2025,10/31/2024,DAL,HOU,-6.0,False,-1.6,-1.0,3,1,7,6,11.280299121676332,-7.333996476797438,11.59175699395354,-6.7848622597602635
22400130,2025,10/31/2024,UTA,SAS,-18.0,False,-10.0,1.0,2,2,9,5,-12.87936936769077,14.11375788449903,-14.95419249322302,6.421576971943757
22400131,2025,10/31/2024,LAC,PHX,-6.0,False,-1.2000000000000002,-2.0,2,1,6,7,16.288108054969744,5.711969179856013,14.855321226094302,4.27418522879033
22400132,2025,11/01/2024,CHA,BOS,-15.0,False,-14.0,0.0,0,2,11,4,-30.344979500066287,9.677292181157057,-26.16496864149925,16.040823162240546
22400133,2025,11/01/2024,CLE,ORL,11.0,False,6.1,0.0,1,1,4,5,-7.496145081550832,-19.336271353328883,-8.323573639262335,-19.342738521731313
22400134,2025,11/01/2024,DET,NYK,-30.0,False,-11.7,0.0,0,2,7,4,-17.06818050382393,-5.56070686809667,-19.16454780589445,-7.332520305531361
22400135,2025,11/01/2024,ATL,SAC,-8.0,False,-18.6,-1.0,5,0,8,5,39.16941998544007,25.15827917873354,43.30650980846976,35.83370984541895
22400136,2025,11/01/2024,BKN,CHI,8.0,False,-2.2,0.0,1,0,7,5,7.036963707343319,15.998266971691752,7.254440274043216,13.518056013746858
22400137,2025,11/01/2024,TOR,LAL,-6.0,False,-9.4,0.0,3,0,13,2,31.44707133858261,75.73164968680662,29.751005905780858,74.20158450778706
22400138,2025,11/01/2024,NOP,IND,7.0,False,-6.4,0.0,4,1,6,2,44.74244212375244,45.88309030084774,30.533429377636566,28.687144327800873
22400139,2025,11/01/2024,MIN,DEN,3.0,False,-7.199999999999999,0.0,0,0,2,3,0.0,-8.826217223284461,0.0,-9.280107176127489
22400140,2025,11/01/2024,POR,OKC,-23.0,False,-28.200000000000003,0.0,1,2,5,5,-9.549356345297642,-10.631739565952095,-7.309576156267397,-10.207208949841274
22400141,2025,11/02/2024,CHA,BOS,-10.0,False,-16.200000000000003,0.0,1,2,10,4,-25.548655813670827,4.287932844458155,-22.06137598522129,7.222568812810813
22400142,2025,11/02/2024,PHI,MEM,-17.0,False,9.6,1.0,1,4,3,11,4.145947211648334,-16.80303563236854,-7.353441621794143,-33.93247813390329
22400143,2025,11/02/2024,TOR,SAC,3.0,False,-18.5,0.0,3,1,13,5,20.92667706647382,52.3514395006967,19.337439106705627,54.85260289333899
22400144,2025,11/02/2024,HOU,GSW,-6.0,False,-9.3,-1.0,1,2,3,3,-24.53661153526847,-22.502749861450546,-27.271950703472598,-23.188274799881366
22400145,2025,11/02/2024,MIL,CLE,-1.0,False,-17.9,1.0,1,2,6,5,-10.59141560340434,-2.9635719735917405,-9.39921442146037,-0.4759937155526828
22400146,2025,11/02/2024,SAS,MIN,10.0,False,-0.5,1.0,2,0,5,2,23.618609373744015,28.554217113592543,22.32544027096484,29.354508111317266
22400147,2025,11/02/2024,WAS,MIA,-20.0,False,-8.9,0.0,1,2,5,2,-2.5375994241433126,18.290404196014833,-6.456583246101422,16.157164236287045
22400148,2025,11/02/2024,DEN,UTA,26.0,False,16.8,-1.0,1,4,3,9,-11.652318037840388,-25.075688622637376,-10.104986675021888,-19.38416516412474
22400149,2025,11/02/2024,PHX,POR,6.0,False,15.0,1.0,1,2,6,7,-3.7904688833782703,-3.385851039349557,-5.076828949738265,-10.007186625715967
22400150,2025,11/02/2024,LAC,OKC,-13.0,False,-21.8,1.0,2,2,4,5,6.1677461845284824,13.454623410335923,4.598760318706294,2.9843288513283923
22400151,2025,11/03/2024,BKN,DET,-14.0,False,6.1,0.0,2,0,6,8,13.649462048033357,-9.320599225647602,13.306378278238459,-8.852024722954091
22400152,2025,11/03/2024,NOP,ATL,-15.0,False,6.7,0.0,4,4,6,8,22.566341183238066,21.298520681511903,15.793856261213548,14.037803082547
22400153,2025,11/03/2024,DAL,ORL,23.0,False,0.19999999999999996,1.0,3,2,5,4,-8.461632194787839,-14.33228743100345,-10.237209752189147,-15.761496284208903
22400154,2025,11/04/2024,CLE,MIL,2.0,False,17.0,0.0,1,2,7,6,-5.707644484299827,-13.164198873270244,-5.396062202504776,-17.741182557465308
22400155,2025,11/04/2024,WAS,GSW,-13.0,False,-21.1,0.0,1,1,8,2,5.230674756146844,39.82291047840381,-0.04097003929063625,37.810487514218494
22400156,2025,11/04/2024,DET,LAL,12.0,False,-6.1,-2.0,0,0,8,1,0.0,39.64369147285242,0.0,44.577091699208346
22400157,2025,11/04/2024,ATL,BOS,-30.0,False,-18.5,-1.0,4,2,8,3,-6.462576740816118,3.6069863074864656,-0.3006024687344748,14.973116260352484
22400158,2025,11/04/2024,BKN,MEM,2.0,False,-1.4,-1.0,3,4,8,11,-5.2217866164199656,-15.789597813311346,-7.9083580016811865,-21.135032614173078
22400159,2025,11/04/2024,MIA,SAC,-1.0,False,-1.7999999999999998,0.0,0,0,3,5,0.0,1.4396915398396146,0.0,2.8538587254594283
22400160,2025,11/04/2024,CHI,UTA,-9.0,False,12.1,1.0,0,3,6,10,-19.819364086929358,-25.209373143409792,-17.8291018913378,-12.383969107513934
22400161,2025,11/04/2024,HOU,NYK,12.0,False,-2.7,-1.0,1,2,7,5,-14.644157409902935,-6.248797559438721,-17.78534344565404,-10.611681602885454
22400162,2025,11/04/2024,MIN,CHA,21.0,False,5.3,0.0,0,1,2,7,-10.393566198059863,-29.25850523522771,-10.920905307332296,-28.729094044983647
22400163,2025,11/04/2024,OKC,ORL,16.0,False,23.5,1.0,2,3,5,5,-19.532174047035838,-17.212828826157033,-18.806775217233003,-11.039142514295023
22400164,2025,11/04/2024,NOP,POR,-18.0,False,6.500000000000001,-1.0,4,2,7,6,43.54406429338602,48.67408509439549,37.82496976382456,44.119544588667644
22400165,2025,11/04/2024,DAL,IND,-7.0,False,-1.3,-2.0,4,3,9,3,-16.312870255024116,4.107850441587839,-26.930133743010394,-6.56356315493899
22400166,2025,11/04/2024,DEN,TOR,2.0,False,13.3,0.0,1,3,3,12,-7.142074757338001,-39.31549408149414,-7.98600957223498,-38.22058092743774
22400167,2025,11/04/2024,PHX,PHI,2.0,False,1.5,0.0,1,1,6,6,-30.45003198877088,-33.64165214403294,-18.634894945803232,-20.687447932401508
22400168,2025,11/04/2024,LAC,SAS,9.0,False,-3.4,0.0,2,2,6,7,-3.923089969783952,5.447822996922838,-3.6664311048968266,1.956168131537602
22400169,2025,11/06/2024,CHA,DET,1.0,False,-3.4999999999999996,0.0,1,0,9,6,10.446568548614339,15.25282408818827,10.976596841926025,7.695937212261164
22400170,2025,11/06/2024,IND,ORL,7.0,False,4.1,0.0,3,3,3,7,-2.244978664983609,-19.94568414999819,9.090807560763295,-8.924958036008654
22400171,2025,11/06/2024,ATL,NYK,5.0,False,-14.600000000000001,0.0,3,2,9,5,3.0440641615588007,6.146654979518523,1.402184635850265,9.399274781222843
22400172,2025,11/06/2024,BOS,GSW,-6.0,False,2.4000000000000004,0.0,2,1,5,3,27.926777573265912,25.412080907535476,23.38345309528446,17.120591912708367
22400173,2025,11/06/2024,HOU,SAS,27.0,False,6.1,0.0,1,3,2,5,-33.02225713543909,-38.17270460297418,-33.52860272482249,-39.28043284679289
22400174,2025,11/06/2024,MEM,LAL,17.0,False,1.0,0.0,3,0,10,3,22.89587865114284,1.1601706010733608,23.00376551665301,11.946634999807927
22400175,2025,11/06/2024,NOP,CLE,-9.0,False,-18.2,0.0,4,2,7,6,33.243569380986244,30.063446061893707,30.36621608169912,26.016496569587048
22400176,2025,11/06/2024,DAL,CHI,20.0,False,-1.7,0.0,4,0,5,3,24.87988676461793,15.641035049191217,27.102330411998103,14.259274449336942
22400177,2025,11/06/2024,DEN,OKC,2.0,False,-19.2,0.0,2,2,5,5,25.656941173553314,25.800965633430962,21.591663449032353,19.8596585498846
22400178,2025,11/06/2024,PHX,MIA,3.0,False,3.1,0.0,1,2,6,5,-15.013963176554046,-9.976780226172842,-13.575714837303245,-4.773092641731459
22400179,2025,11/06/2024,LAC,PHI,12.0,False,-3.9,0.0,2,1,3,4,-6.043221368203511,-18.266410094338184,1.7503377376639442,-8.326873598590915
22400180,2025,11/06/2024,SAC,TOR,15.0,False,13.799999999999999,0.0,0,3,2,12,-27.740595592559554,-58.88805304311677,-26.244435115060746,-59.57936013219759
22400181,2025,11/07/2024,CHI,MIN,-16.0,False,-3.9,-2.0,0,0,4,2,0.0,16.792560217797934,0.0,21.927746340059635
22400182,2025,11/07/2024,MIL,UTA,23.0,False,3.5,0.0,1,2,5,8,3.4078011468013596,-1.8854841916068565,5.522601579813767,2.9591790662540802
22400183,2025,11/07/2024,SAS,POR,13.0,False,8.299999999999999,-2.0,3,2,5,5,28.639472301207554,26.466940881570967,25.712261009636585,22.013112322652695
22400184,2025,11/08/2024,CHA,IND,20.0,False,-8.7,0.0,2,3,8,5,-10.342442757428515,-5.749075894294521,-17.970609296364763,-14.03632465163799
22400185,2025,11/08/2024,DET,ATL,1.0,False,3.5,0.0,0,5,7,8,-32.93696099563218,2.4543834181514015,-35.79689954275277,4.896665637075259
22400186,2025,11/08/2024,ORL,NOP,27.0,False,8.2,0.0,3,5,4,6,-23.397560108979185,-31.614427625624558,-20.269875127964823,-34.356986838289274
22400187,2025,11/08/2024,BOS,BKN,4.0,False,14.3,-1.0,2,2,5,8,22.14516207307279,13.740687766097274,19.50287864752226,7.587385845720426
22400188,2025,11/08/2024,CLE,GSW,19.0,False,-2.5,0.0,1,0,4,0,11.009864680473484,23.43217910613929,10.733099116027962,22.377018631562915
22400189,2025,11/08/2024,NYK,MIL,22.0,False,9.8,1.0,2,1,5,6,2.4890395816097346,-0.42936794696561265,5.57019788960284,4.817438866620279
22400190,2025,11/08/2024,DAL,PHX,-1.0,False,-7.300000000000001,0.0,3,1,7,6,25.46252050585717,10.411642119352265,27.46542990887798,14.080667235040867
22400191,2025,11/08/2024,MEM,WAS,24.0,False,10.5,-1.0,4,3,10,6,10.94579088925374,22.466850438044183,12.738827849899096,29.759803848810805
22400192,2025,11/08/2024,OKC,HOU,19.0,False,11.1,0.0,2,2,5,3,3.9712176023809,13.785083036839593,5.18187070617887,18.41344340727973
22400193,2025,11/08/2024,MIN,POR,25.0,False,10.5,0.0,0,2,2,6,-6.435831292650173,-11.619715450991919,-8.696218804679905,-17.573525466809826
22400194,2025,11/08/2024,DEN,MIA,13.0,False,0.5999999999999996,0.0,1,1,4,3,8.730408597061183,8.653402422943842,9.349167791795274,9.808129002711649
22400195,2025,11/08/2024,LAL,PHI,10.0,False,-0.4999999999999999,0.0,0,2,1,4,-44.20067375909542,-53.148230914736985,-36.48757604204734,-45.74814305295257
22400196,2025,11/08/2024,SAC,LAC,-9.0,False,8.4,0.0,0,2,5,5,-21.955456919115587,-16.601447265756327,-20.797652220419728,-18.193871106384268
22400197,2025,11/09/2024,SAS,UTA,-1.0,False,14.0,0.0,2,2,7,11,10.921033341017417,-10.531191333929655,15.242207705337243,-7.449209871581033
22400198,2025,11/09/2024,ATL,CHI,-12.0,False,1.8999999999999995,-1.0,5,0,8,5,33.010843749973745,19.835392102262457,35.87719758650543,20.566557711794623
22400199,2025,11/09/2024,CLE,BKN,5.0,False,16.0,0.0,2,3,6,7,-8.615398666458756,-9.549421791551115,-7.958189859776597,-12.193452923697528
22400200,2025,11/09/2024,LAC,TOR,2.0,False,8.4,-2.0,2,3,5,10,-6.735069951836948,-18.592187585334145,-6.345615478565033,-20.04926779162716
22400201,2025,11/10/2024,DET,HOU,-2.0,False,-7.4,0.0,0,2,7,6,-9.44756400108373,15.51164558556891,-8.716874738049373,24.28980769457633
22400202,2025,11/10/2024,MIL,BOS,-6.0,False,-18.0,0.0,1,1,8,4,-4.4914040765555985,19.9952271329502,-3.3879945963681344,19.766016022262786
22400203,2025,11/10/2024,IND,NYK,11.0,False,-4.0,0.0,3,2,5,6,14.6582009156838,8.532288895615544,23.60216374074392,16.339537862049816
22400204,2025,11/10/2024,ORL,WAS,27.0,False,9.399999999999999,0.0,3,3,4,6,7.454610165762176,1.47658142173956,9.7439359069867,1.1173203531500562
22400205,2025,11/10/2024,PHI,CHA,2.0,False,-1.9000000000000001,0.0,2,2,7,10,22.300304803755388,13.472949029601104,11.55683686949913,0.732486542732012
22400206,2025,11/10/2024,MIN,MIA,-1.0,False,0.8000000000000003,0.0,0,1,3,3,-16.863911657071927,-17.344874745420086,-19.113489437654245,-20.068172424394305
22400207,2025,11/10/2024,OKC,GSW,-11.0,False,7.300000000000001,0.0,2,0,5,3,13.65837912994375,7.330580274716439,14.117617256488614,16.692687646377713
22400208,2025,11/10/2024,DEN,DAL,2.0,False,4.9,0.0,1,1,5,9,11.413556610654496,-12.569795754847085,9.364943385573003,-16.25771181730625
22400209,2025,11/10/2024,PHX,SAC,-9.0,False,-2.5999999999999996,0.0,2,0,6,4,22.54684720753714,29.62932313969251,24.904839322744824,31.722699760212638
22400210,2025,11/10/2024,POR,MEM,-45.0,False,-13.5,0.0,2,3,5,10,-22.99267036244653,-45.63683745774575,-19.270171547817203,-43.74327546272656
22400211,2025,11/10/2024,LAL,TOR,20.0,False,5.5,1.0,0,4,2,9,-32.266575989440476,-46.40575221940621,-30.653102129700173,-45.65642252842254
22400212,2025,11/11/2024,CHI,CLE,-6.0,False,-16.3,0.0,0,2,6,6,-15.231350111266988,-4.9435107792282516,-13.5678085282924,2.2148753842535527
22400213,2025,11/11/2024,HOU,WAS,15.0,False,15.9,0.0,4,2,6,5,19.43661371350759,17.594386323354918,15.187544620207895,13.385927951583348
22400214,2025,11/11/2024,NOP,BKN,-2.0,False,-9.200000000000001,1.0,5,2,6,7,42.739585979470405,20.56859412067302,44.00209407577262,18.711921995766147
22400215,2025,11/11/2024,OKC,LAC,6.0,False,10.600000000000001,-1.0,2,2,5,5,0.9809026446865374,2.7638070013713687,1.9364984641093521,6.910668120451994
22400216,2025,11/11/2024,SAS,SAC,20.0,False,-6.6,1.0,2,1,5,3,11.870587819527625,17.59636107644035,12.042387838549512,21.431622987023122
22400217,2025,11/13/2024,ORL,IND,4.0,False,3.6,-2.0,2,4,7,4,-12.313230156199385,4.1863082329820855,-24.939078026778223,-8.263981052378554
22400218,2025,11/13/2024,BKN,BOS,-25.0,False,-7.7,1.0,2,3,7,4,-20.061299891979548,7.338505903799216,-16.39105262346692,13.107270857734967
22400219,2025,11/13/2024,NYK,CHI,-1.0,False,9.0,-1.0,2,0,4,6,16.794378302841785,13.298009682111562,18.857116362401932,10.480901133865743
22400220,2025,11/13/2024,PHI,CLE,-8.0,False,-18.2,-1.0,3,1,6,6,44.74321703648117,44.170182968195775,34.89453297887816,32.809763161692736
22400221,2025,11/13/2024,OKC,NOP,18.0,False,23.6,0.0,3,6,6,7,-30.723583048284375,-23.49287623379478,-30.559393291820705,-18.47510919485685
22400222,2025,11/13/2024,HOU,LAC,8.0,False,4.0,0.0,2,2,6,3,-12.152079033981067,2.5212081474246695,-11.744529072222853,2.2361013995674064
22400223,2025,11/13/2024,MIL,DET,7.0,False,-4.4,0.0,2,3,7,8,8.319983521016937,16.343689533597463,9.327109547394375,10.450664792016909
22400224,2025,11/13/2024,SAS,WAS,9.0,False,14.3,0.0,2,0,6,9,22.723369242234398,-5.604994951032275,23.843931978010165,-3.7251272680368857
22400225,2025,11/13/2024,LAL,MEM,5.0,False,-10.4,0.0,2,3,4,10,-18.836673449600436,-44.88382046307846,-16.877204626577218,-47.55613683997839
22400226,2025,11/13/2024,POR,MIN,8.0,False,-11.7,0.0,3,1,7,4,14.043984831341374,13.280136325209462,18.750060866954396,22.38752851799883
22400227,2025,11/13/2024,SAC,PHX,23.0,False,0.10000000000000009,1.0,1,2,3,6,-11.79105458980846,-38.21992109253047,-13.048270683508184,-38.5726277273177
22400228,2025,11/14/2024,UTA,DAL,2.0,False,-15.9,0.0,3,1,11,8,15.135066667886058,7.4841155453937205,12.239812066226442,1.687553374319954
22400229,2025,11/16/2024,CHA,MIL,1.0,False,-2.6,0.0,2,2,9,6,-16.331887886462876,-7.185351016655822,-14.90982230652111,-3.201700636654685
22400230,2025,11/16/2024,BOS,TOR,3.0,False,15.8,2.0,1,4,5,10,-23.26565433178367,-20.748140470742626,-22.8818439213826,-26.172731101670266
22400231,2025,11/16/2024,NOP,LAL,-5.0,False,-10.100000000000001,0.0,7,2,8,5,62.98599065864006,45.45825549246174,64.26580930536699,47.9239320377794
22400232,2025,11/16/2024,DAL,SAS,17.0,False,2.0,1.0,1,2,3,5,-17.492028555534755,-42.51141081113529,-15.883749100530906,-41.298655228699005
22400233,2025,11/16/2024,SAC,UTA,4.0,False,16.6,-1.0,3,3,5,10,36.156990341214744,15.520251426125554,37.77486004002246,16.504010887733735
22400234,2025,11/17/2024,MIN,PHX,3.0,False,4.8,0.0,0,3,2,6,-36.46844811851908,-43.14850486787028,-36.44239235724471,-41.06073766046805
22400235,2025,11/17/2024,IND,MIA,9.0,False,-4.6,0.0,4,0,4,3,40.066280385902296,10.119405028881843,51.85768923808927,20.7868394781155
22400236,2025,11/17/2024,CLE,CHA,14.0,False,15.700000000000001,1.0,3,1,6,7,22.240954417495303,4.477385366533525,21.94323762330559,3.1316646137477164
22400237,2025,11/17/2024,WAS,DET,-20.0,False,-12.700000000000001,0.0,2,0,5,6,10.659256295911572,-6.566124694031124,11.842563738453114,-8.590171358492967
22400238,2025,11/17/2024,MEM,DEN,15.0,False,6.1000000000000005,0.0,2,1,8,3,1.569423255380169,-12.48791114168094,0.7235168666518774,-11.319558614466757
22400239,2025,11/17/2024,POR,ATL,4.0,False,-5.1000000000000005,1.0,1,3,9,8,-15.091996443739644,10.949952915064635,-14.745993956461179,9.877036011857172
22400240,2025,11/17/2024,NYK,BKN,10.0,False,7.0,0.0,2,2,6,5,-2.1581099929807195,12.807130438327157,0.23880303331507946,14.308831724089423
22400241,2025,11/17/2024,CHI,HOU,-36.0,False,-12.899999999999999,0.0,0,0,2,2,0.0,-5.095813785643623,0.0,-4.289098493308249
22400242,2025,11/17/2024,OKC,DAL,-2.0,False,6.5,1.0,3,2,6,7,2.806682348579873,6.2216819725685255,2.5927253773477474,8.883473752124388
22400243,2025,11/17/2024,LAC,UTA,11.0,False,6.8999999999999995,1.0,1,3,4,12,-18.07788709501209,-41.49042418403138,-16.418130995259084,-38.7081457170907
22400244,2025,11/18/2024,DET,CHI,-10.0,False,11.0,0.0,0,0,7,6,0.0,11.331853424347727,0.0,10.5612653031163
22400245,2025,11/18/2024,MIA,PHI,17.0,False,8.2,-2.0,2,2,3,4,3.4411606774796475,1.1718555035311482,1.2171183822496516,-1.388508111406054
22400246,2025,11/18/2024,NYK,WAS,28.0,False,18.1,0.0,3,1,5,6,19.336471963732457,13.387108686450137,21.40198292984778,16.41277759221991
22400247,2025,11/18/2024,TOR,IND,11.0,False,-5.699999999999999,1.0,5,5,10,6,1.4405745625347208,2.560923736793093,-13.126762018036501,-8.297219035996235
22400248,2025,11/18/2024,MIL,HOU,1.0,False,-12.399999999999999,1.0,1,1,6,5,6.77469170964309,14.143627194784582,5.449352158623325,14.060947619418613
22400249,2025,11/18/2024,PHX,ORL,-10.0,False,-6.0,-2.0,4,2,6,7,28.128107342996323,14.783302608950628,28.075305404851495,16.00990272590839
22400250,2025,11/18/2024,SAC,ATL,-1.0,False,5.9,1.0,2,2,5,8,20.78840213068346,23.21696770153831,17.62225173901458,14.60207304505839
22400251,2025,11/18/2024,LAC,GSW,3.0,False,-6.1,-2.0,1,2,4,3,-15.162506019394833,-6.936261805833828,-14.875222145286754,-5.127356278065415
22400252,2025,11/20/2024,CLE,NOP,28.0,False,20.0,0.0,6,9,8,10,-31.80126016229986,-28.529902287493783,-35.85188753847246,-31.61155762013459
22400253,2025,11/20/2024,MIL,CHI,16.0,False,8.0,0.0,1,1,5,2,5.075270092077833,21.67521541279759,4.435637853691512,22.02219198367269
22400254,2025,11/20/2024,HOU,IND,17.0,False,11.3,0.0,0,4,1,5,-39.10202470367023,-41.41701623756185,-50.609655454228296,-53.250371242296254
22400255,2025,11/20/2024,MEM,PHI,6.0,False,21.5,-1.0,4,2,11,3,22.801962797161792,52.735884698458975,19.8806823888556,55.839318690421756
22400256,2025,11/20/2024,OKC,POR,10.0,False,13.4,-2.0,3,2,6,10,23.694054104295056,-10.430357690149833,26.25881697401379,-9.19382311659922
22400257,2025,11/20/2024,PHX,NYK,-16.0,False,-11.6,0.0,3,3,5,6,11.343307742592994,0.4308901498290183,8.415997974343377,-5.562791250364469
22400258,2025,11/20/2024,GSW,ATL,23.0,False,7.6,0.0,1,1,1,6,3.859318375023425,-12.502019236209383,4.851607964192549,-16.267944691204377
22400259,2025,11/20/2024,LAC,ORL,11.0,False,-5.0,0.0,2,3,4,4,-13.692856609172487,-10.370897275355066,-12.675194103555505,-7.845872516817931
22400260,2025,11/21/2024,CHA,DET,2.0,False,-9.899999999999999,-1.0,3,0,9,5,15.254270115023962,22.37269359246,17.54872658050617,22.20325185592892
22400261,2025,11/21/2024,TOR,MIN,5.0,False,-9.1,0.0,4,0,10,4,33.25427028182734,29.57113066428619,31.97383132767996,32.30213471966293
22400262,2025,11/21/2024,SAS,UTA,8.0,False,8.3,0.0,3,3,6,11,24.27965958806064,2.6289678889833397,24.77675112920363,6.139327103089187
22400263,2025,11/21/2024,LAL,ORL,-1.0,False,-4.3999999999999995,1.0,2,3,4,7,-15.205072924965247,-16.831310741202955,-16.356608642660447,-17.937362822704216
22400264,2025,11/23/2024,UTA,NYK,15.0,False,-13.5,-1.0,3,2,11,5,-0.9026412809871083,16.982455182456174,-5.394385103870452,6.622148963682804
22400265,2025,11/23/2024,ORL,DET,11.0,False,5.5,0.0,2,1,4,5,2.623620590093889,-0.9544700663501047,2.0007762707917713,-8.480660081013312
22400266,2025,11/23/2024,CHI,MEM,-11.0,False,-17.5,-2.0,1,3,3,11,-13.886884384610505,-52.772140122421575,-11.237121632378358,-51.39445884740756
22400267,2025,11/23/2024,HOU,POR,-6.0,False,21.700000000000003,0.0,2,3,6,8,-13.43773871040614,-25.944130602069183,-9.531163665332112,-23.888095316564762
22400268,2025,11/23/2024,MIL,CHA,6.0,False,9.100000000000001,-1.0,1,4,6,9,-19.553437840715013,-17.39324250639055,-23.56944788204207,-21.20913852491109
22400269,2025,11/23/2024,SAS,GSW,10.0,False,-5.2,1.0,2,0,6,3,24.19747981113848,21.482638627165095,23.46786076373615,21.049356458546878
22400270,2025,11/23/2024,LAL,DEN,-25.0,False,-0.19999999999999973,1.0,1,1,3,2,-6.893979624113564,-8.756727312952483,-6.35600263910789,-8.39027332277084
22400271,2025,11/24/2024,BOS,MIN,2.0,False,5.5,-1.0,1,1,6,4,7.434506649972283,22.108869152293295,5.543231806904712,19.893570971781024
22400272,2025,11/24/2024,IND,WAS,12.0,False,13.7,0.0,5,2,5,9,31.165858499010618,-6.510689034911394,42.07169446011242,2.8977478488888835
22400273,2025,11/24/2024,MIA,DAL,5.0,False,-5.4,1.0,0,3,3,8,-30.92045084572332,-15.049762993401146,-33.42913633328698,-24.36964599176854
22400274,2025,11/24/2024,PHI,LAC,-26.0,False,-9.1,0.0,5,2,4,3,36.098207613414615,30.50160100699455,25.87184008057566,20.297608659535292
22400275,2025,11/24/2024,CLE,TOR,14.0,False,14.7,0.0,4,3,7,8,5.8502586327984964,0.29591831118961665,3.501735652336034,-3.8482356838251235
22400276,2025,11/24/2024,SAC,BKN,-5.0,False,7.2,0.0,1,2,4,5,-4.739005261346181,-15.855457867278687,-3.3473957475511966,-16.575586888280522
22400277,2025,11/25/2024,CHA,ORL,-11.0,False,-14.4,0.0,5,2,10,7,22.792152631576773,14.610697498179668,24.261509978182858,19.03726144642588
22400278,2025,11/25/2024,DET,TOR,2.0,False,5.2,1.0,0,4,7,10,-36.06301214769448,-8.183553497824633,-33.73469421565201,-2.4971255421232783
22400279,2025,11/25/2024,IND,NOP,4.0,False,10.7,-2.0,5,4,5,9,-0.775251065689254,-26.181186497109252,8.009100678882056,-16.68531430036176
22400280,2025,11/25/2024,ATL,DAL,-10.0,False,-13.5,2.0,2,3,8,9,-21.84662984119045,-17.38000299712906,-23.74772509409452,-18.408473463091482
22400281,2025,11/25/2024,BOS,LAC,32.0,False,3.5,0.0,0,3,3,4,-26.530992545288747,-5.255349360263132,-26.215534934743662,-7.869536958953425
22400282,2025,11/25/2024,MEM,POR,25.0,False,16.5,0.0,3,2,7,7,12.719779693705135,-1.8870244512019454,12.021361100535438,0.853171040448089
22400283,2025,11/25/2024,DEN,NYK,-27.0,False,-0.09999999999999964,0.0,1,2,3,3,-0.6649737055198592,2.778891475076307,-3.9950711485707675,-0.3543768868405728
22400284,2025,11/25/2024,GSW,BKN,-8.0,False,8.399999999999999,1.0,1,5,3,7,-35.46017994497238,-29.69561498839482,-31.34214467819875,-28.950023751291944
22400285,2025,11/25/2024,SAC,OKC,-21.0,False,-6.800000000000001,-2.0,0,4,2,7,-31.4682255749469,-35.03783161638091,-33.238077440658564,-42.023220709814694
22400286,2025,11/27/2024,CHA,MIA,-4.0,False,-4.0,1.0,5,1,9,4,32.99977474926974,26.792416672099378,37.29989390029225,38.55862036914121
22400287,2025,11/27/2024,CLE,ATL,-11.0,False,16.3,1.0,3,2,7,7,20.801134377465566,11.349508106489644,17.48175859194776,4.097833571081637
22400288,2025,11/27/2024,IND,POR,7.0,False,7.300000000000001,0.0,5,2,5,9,21.63703195555886,-6.757251903156401,36.000732993850434,8.985731322692551
22400289,2025,11/27/2024,ORL,CHI,14.0,False,14.799999999999999,1.0,3,1,4,4,13.111133770302718,2.663588620166813,14.849437352409655,-0.33770626686349914
22400290,2025,11/27/2024,PHI,HOU,-7.0,False,-21.2,2.0,3,2,6,6,36.78396233383111,33.470624706528554,28.2389386120226,23.25049036463147
22400291,2025,11/27/2024,WAS,LAC,-25.0,False,-18.0,-1.0,2,1,5,4,6.807672013630135,0.09560125211978132,8.528933375929517,1.5163924919544627
22400292,2025,11/27/2024,DAL,NYK,15.0,False,-3.0,0.0,2,2,9,4,11.437271569870404,37.97088106083663,10.789434385216012,35.773744796978235
22400293,2025,11/27/2024,MEM,DET,20.0,False,12.4,0.0,4,0,8,6,35.9779038158689,8.996632718624078,31.813056078498004,4.266054168986692
22400294,2025,11/27/2024,MIN,SAC,-11.0,False,5.2,-1.0,1,2,3,4,-22.0666159439736,-22.095165445894004,-23.659088685488545,-21.792929697665294
22400295,2025,11/27/2024,NOP,TOR,-26.0,False,-7.3,0.0,3,4,7,9,-9.221967027789713,2.3909719889415726,-2.118653135955654,7.571804056068871
22400296,2025,11/27/2024,SAS,LAL,-18.0,False,7.5,0.0,1,0,2,2,11.343725533346653,1.9519744378437487,12.197474429264545,4.038296395764906
22400297,2025,11/27/2024,PHX,BKN,-10.0,False,0.7000000000000002,-1.0,1,4,4,7,-36.658071230281365,-39.57898719790416,-34.31176500410308,-40.46413870315357
22400298,2025,11/27/2024,UTA,DEN,-19.0,False,-5.9,-1.0,6,1,12,3,32.32649048768381,48.74919531023232,28.72840478819824,40.56035063379029
22400299,2025,11/27/2024,GSW,OKC,-4.0,False,-5.7,0.0,2,4,3,7,-1.0416062896226173,-8.838423890429887,-4.1621911264567295,-16.6392954305442
22400300,2025,11/30/2024,CHA,ATL,-3.0,False,-3.8999999999999995,0.0,5,3,10,6,25.968185325534577,31.41335986108465,28.388244212850864,35.397753635739605
22400301,2025,11/30/2024,DET,PHI,-15.0,False,8.299999999999999,-2.0,0,3,1,5,-35.287455022083456,-28.557407205465257,-29.362816873266453,-20.621669454267124
22400302,2025,11/30/2024,MIL,WAS,10.0,False,20.9,0.0,1,2,5,9,-0.6709452446968207,-11.382589706178017,-1.4241814965776562,-11.682669436412539
22400303,2025,11/30/2024,PHX,GSW,8.0,False,-5.3,0.0,1,2,7,2,-8.65262796912819,36.33214201042652,-8.226112657793061,33.672712071540545
22400304,2025,11/30/2024,UTA,DAL,-12.0,False,-12.7,0.0,4,3,11,6,5.878363647210929,7.359918762265167,2.985486989790598,1.3368617018959554
22400305,2025,12/01/2024,BKN,ORL,-8.0,False,-14.9,0.0,3,3,5,5,6.419911015402832,11.950009741220569,2.9430715849837057,11.402786757726652
22400306,2025,12/01/2024,MEM,IND,15.0,False,16.0,0.0,3,4,6,4,-6.245986138357964,6.700162190304088,-20.280268570959887,-1.470682883197334
22400307,2025,12/01/2024,CLE,BOS,4.0,False,-3.2,0.0,3,0,7,6,22.276674966237106,-12.80535007959947,20.005156771249556,-10.321271916041155
22400308,2025,12/01/2024,NYK,NOP,33.0,False,19.7,0.0,2,5,3,6,-22.84307979516091,-21.846969247087785,-26.167716245214564,-22.656786906622287
22400309,2025,12/01/2024,TOR,MIA,3.0,False,-4.8,0.0,4,2,10,3,20.147987780523053,33.38107368263982,21.796324010703277,38.34522314732469
22400310,2025,12/01/2024,HOU,OKC,3.0,False,6.699999999999999,1.0,1,4,7,7,-28.660913035200842,-12.357399931611447,-31.540715192411177,-17.385882931227258
22400311,2025,12/01/2024,UTA,LAL,-1.0,False,-6.2,-1.0,4,1,11,5,12.40479167293539,7.170152995422782,12.518354561174664,-1.5439764458538576
22400312,2025,12/01/2024,POR,DAL,-6.0,False,-16.4,1.0,2,5,6,7,-33.53186795371818,-20.304612184795218,-36.03825683237198,-21.365251228147358
22400313,2025,12/01/2024,SAC,SAS,-2.0,False,-6.3,-1.0,1,1,7,6,-5.8151555045787315,-4.386322945677911,-5.560870392683635,-5.160782753982424
22400314,2025,12/01/2024,LAC,DEN,4.0,False,0.8999999999999999,-1.0,2,0,4,5,10.757919491563882,4.0505572894930175,12.576125089842705,3.9397980469623306
22400315,2025,12/02/2024,ATL,NOP,12.0,False,15.600000000000001,1.0,0,3,6,9,-21.975060159232637,-21.54957218926196,-26.226752342984955,-22.13441382028708
22400316,2025,12/02/2024,BOS,MIA,19.0,False,5.3999999999999995,0.0,3,3,5,4,5.094310015588377,8.490028564822396,7.109075742012649,11.27825405880958
22400317,2025,12/02/2024,CHI,BKN,26.0,False,-0.09999999999999964,2.0,1,6,3,6,-58.47863002926237,-37.42346787257939,-56.375008454594166,-34.301954533157236
22400318,2025,12/02/2024,MIN,LAL,29.0,False,-1.7999999999999998,2.0,1,2,1,3,-20.5407269945139,-22.887001899723625,-25.50266710351484,-28.53815901571425
22400319,2025,12/04/2024,BOS,DET,10.0,False,12.9,1.0,0,1,4,3,-10.10300222909088,23.454262388331056,-12.995395737834407,20.016045358646373
22400320,2025,12/04/2024,BKN,IND,9.0,False,-0.20000000000000018,1.0,3,4,5,4,-2.137995210661419,12.39784908668075,-5.477650374288427,6.607464961175765
22400321,2025,12/04/2024,MIA,LAL,41.0,False,6.8,0.0,0,1,3,2,-10.17246131557021,-4.885414122825576,-9.322587181385563,-11.417298466866725
22400322,2025,12/04/2024,PHI,ORL,-4.0,False,-11.600000000000001,0.0,5,3,7,7,35.03036605147898,30.003313550287665,25.301937201453285,21.778378216954565
22400323,2025,12/04/2024,MIL,ATL,-15.0,False,8.5,-1.0,1,2,2,6,5.767056070354286,-7.318572343268944,4.018194717094596,-11.55208950189613
22400324,2025,12/04/2024,LAC,MIN,-28.0,False,9.4,-1.0,4,1,4,1,29.098091076143973,29.098091076143973,32.77218028626389,32.77218028626389
22400325,2025,12/05/2024,CLE,DEN,12.0,False,8.1,0.0,1,0,3,4,5.599055159441843,-1.8574263620569624,3.3499091300502255,-6.709890470982703
22400326,2025,12/05/2024,WAS,DAL,-36.0,False,-28.4,0.0,4,2,8,2,16.119495823295164,32.719261323351844,15.82869325295043,34.830329444861825
22400327,2025,12/05/2024,NYK,CHA,24.0,False,14.5,0.0,0,4,1,6,-49.79611949024208,-47.1439023537107,-49.91795009113448,-50.731155109965634
22400328,2025,12/05/2024,TOR,OKC,-37.0,False,-7.000000000000001,0.0,2,3,2,3,-1.9704306244223204,11.830657220633558,-3.1422154834707676,11.440002230067257
22400329,2025,12/05/2024,MEM,SAC,5.0,False,11.5,0.0,2,1,4,3,16.22583852558691,24.77966825306744,12.42912364696307,22.382968555929075
22400330,2025,12/05/2024,NOP,PHX,2.0,False,-13.299999999999999,1.0,5,3,9,6,-4.286589380742843,-0.7611357560445597,-2.864381997443253,-1.8135433442875097
22400331,2025,12/05/2024,SAS,CHI,-15.0,False,3.2,-1.0,2,2,2,3,6.1844660994194065,0.09230064564424723,8.463766816463526,2.0573964179243625
22400332,2025,12/05/2024,GSW,HOU,6.0,False,-10.399999999999999,0.0,3,3,5,6,22.48711231371596,17.282877550649886,21.82121286469671,14.466266165654254
22400333,2025,12/06/2024,PHI,ORL,8.0,False,-10.0,0.0,2,3,6,5,4.489217054815132,7.9352309605552875,-1.8270650342026684,3.0563520556575554
22400334,2025,12/06/2024,ATL,LAL,2.0,False,10.799999999999999,0.0,0,2,6,3,-24.713455669426487,2.1851334869347347,-27.6201925941444,-0.056002097545437834
22400335,2025,12/06/2024,BOS,MIL,6.0,False,5.1,0.0,1,0,5,3,19.201943706954825,21.3946260767656,16.971501111039743,17.29791685380932
22400336,2025,12/06/2024,CHI,IND,-9.0,False,7.3999999999999995,-1.0,1,3,3,6,-12.024117915819168,-13.450924392137637,-14.196925094872913,-16.2390243598313
22400337,2025,12/06/2024,SAS,SAC,-27.0,False,0.7999999999999998,0.0,2,1,3,2,16.184666310321912,31.59160989039924,15.232901264784056,31.70073772571632
22400338,2025,12/06/2024,GSW,MIN,-17.0,False,-3.1999999999999997,-1.0,2,1,2,1,7.646202273077783,7.646202273077783,9.78372102991963,9.78372102991963
22400339,2025,12/06/2024,POR,UTA,-42.0,False,1.5,0.0,2,4,4,6,-5.078627550368527,-9.719545958276797,-7.1947054877972505,-10.558022972109683
22400340,2025,12/07/2024,CHA,CLE,-14.0,False,-15.899999999999999,0.0,5,1,8,4,51.15469939840014,58.50059079686146,51.220278340042825,64.32392528506654
22400341,2025,12/07/2024,WAS,DEN,9.0,False,-19.7,0.0,4,0,9,5,34.08807987615888,18.202254315245263,34.63044363776172,18.881617037747866
22400342,2025,12/07/2024,NOP,OKC,-10.0,False,-27.4,0.0,4,3,9,3,1.3611020717107927,22.819670243492954,6.403063510553608,25.557548158834262
22400343,2025,12/07/2024,NYK,DET,-9.0,False,16.7,-1.0,0,0,3,4,0.0,10.259941248353595,0.0,4.901105969707867
22400344,2025,12/07/2024,TOR,DAL,-7.0,False,-13.5,0.0,1,2,5,5,4.3929507676869495,14.281676017293453,1.597632770268671,13.69655250384385
22400345,2025,12/07/2024,BOS,MEM,-6.0,False,0.09999999999999964,-1.0,1,3,4,4,-19.21093049994904,-18.482010991221888,-17.408484870968735,-18.811038912912704
22400346,2025,12/07/2024,MIA,PHX,10.0,False,9.0,1.0,0,3,5,5,-35.10144847765986,-9.998802640359422,-38.39058757685559,-20.52164540350374
22400347,2025,12/08/2024,CHI,PHI,-8.0,False,5.3,0.0,1,1,3,5,5.330004752292134,-0.10796907464213845,4.77297056787649,0.27963296327132525
22400348,2025,12/08/2024,BKN,MIL,-5.0,False,-9.600000000000001,1.0,2,0,4,3,21.10741986315854,21.58332355192787,21.80742240057627,18.6382167089091
22400349,2025,12/08/2024,IND,CHA,-4.0,False,1.2000000000000002,1.0,3,6,5,7,-38.09166155561037,-33.274298107931976,-37.678922089621615,-32.7296250235631
22400350,2025,12/08/2024,ATL,DEN,-30.0,False,2.3,1.0,2,2,4,2,-10.508406214111904,19.533429888852453,-11.735040431361346,14.868630574032252
22400351,2025,12/08/2024,MIA,CLE,9.0,False,-3.3999999999999995,0.0,1,2,4,3,-4.874264242609778,10.548925142617847,-5.463636512654335,6.674283538876729
22400352,2025,12/08/2024,ORL,PHX,5.0,False,5.9,1.0,4,4,6,4,2.5389066898935226,12.618981363976125,-2.0545169845742066,7.186937232474627
22400353,2025,12/08/2024,WAS,MEM,-28.0,False,-26.599999999999998,0.0,6,3,7,5,19.14543134613661,-1.1919911008004291,23.45046617971336,3.0068323185849195
22400354,2025,12/08/2024,SAS,NOP,5.0,False,11.799999999999999,1.0,1,5,5,8,-27.725730694431668,-26.24413744047916,-30.251866907049493,-27.221089072687136
22400355,2025,12/08/2024,GSW,MIN,8.0,False,-7.9,0.0,1,1,4,2,4.255053191847016,26.657484327859684,7.118462927771638,29.21475302675557
22400356,2025,12/08/2024,LAC,HOU,-11.0,False,-2.9000000000000004,0.0,2,3,5,6,-10.869850544345411,0.8064149913898007,-9.781379281391487,0.7229116244334293
22400357,2025,12/08/2024,SAC,UTA,44.0,False,2.8,0.0,1,3,3,4,-13.742942530410408,-7.236143923148758,-10.770272700706766,-4.764938197378978
22400358,2025,12/08/2024,LAL,POR,9.0,False,1.299999999999999,0.0,1,2,3,4,-12.320433201022906,20.723853810891676,-10.10405817032918,27.99344952455135
22400359,2025,12/09/2024,TOR,NYK,-5.0,False,-11.9,0.0,1,0,6,3,14.972647756578473,28.414418335661324,13.817113437984315,28.768648890507734
22400360,2025,12/19/2024,DET,UTA,-7.0,False,3.9000000000000004,0.0,1,3,3,5,-1.718162408373745,5.975771143064058,-5.441437684400947,2.8662677834731767
22400361,2025,12/19/2024,ORL,OKC,-6.0,False,-8.899999999999999,1.0,2,1,4,3,8.34820970641583,5.51712022355192,7.944471260534996,5.6232386648137975
22400362,2025,12/19/2024,WAS,CHA,9.0,False,-9.000000000000002,0.0,1,4,7,7,-13.833170746074085,-7.520665059906257,-14.059689435197331,-7.234419967045021
22400363,2025,12/19/2024,BOS,CHI,-9.0,False,8.2,0.0,1,0,3,4,3.206652531521745,-14.584768814501139,3.4101290560066024,-18.041510168644326
22400364,2025,12/19/2024,TOR,BKN,-7.0,False,4.3,0.0,2,3,6,4,2.893762186073701,18.156668662820238,1.3908586945465018,20.14080578012001
22400365,2025,12/19/2024,HOU,NOP,20.0,False,13.6,0.0,1,4,3,7,-30.90924160282878,-26.30398192140822,-36.299497097717094,-30.151412611626384
22400366,2025,12/19/2024,MEM,GSW,51.0,False,16.3,0.0,2,1,3,2,13.720440588624445,13.802191113406618,11.192845134005655,9.870630717668682
22400367,2025,12/19/2024,MIN,NYK,-26.0,False,-0.9999999999999991,0.0,1,0,1,1,4.445670539147725,-17.571807058144167,2.4962799667218354,-18.504455306155606
22400368,2025,12/19/2024,DAL,LAC,-23.0,False,6.199999999999999,0.0,3,2,4,3,18.876149210241525,31.249371235778867,21.011900536106754,33.15493172716647
22400369,2025,12/19/2024,PHX,IND,-9.0,False,3.2,0.0,0,0,2,4,0.0,-3.474775719247331,0.0,-6.819322914946678
22400370,2025,12/19/2024,SAS,ATL,7.0,False,-7.199999999999999,0.0,0,3,5,6,-18.810840943032762,-13.077531730697679,-21.22944035522798,-14.086149391492292
22400371,2025,12/19/2024,POR,DEN,2.0,False,-15.4,0.0,0,1,7,2,-3.02710884077948,22.044465646698303,-3.597597529358782,17.42696591206807
22400372,2025,12/19/2024,SAC,LAL,-13.0,False,13.8,0.0,0,1,2,1,-9.861980880488145,1.278513969778178,-9.038046318129911,2.952135174247301
22400373,2025,12/20/2024,PHI,CHA,10.0,False,9.8,2.0,2,6,5,8,-37.11935597523616,-32.872494397477475,-34.28453094031952,-32.605684063741876
22400374,2025,12/20/2024,CLE,MIL,23.0,False,2.5,0.0,2,1,2,1,-7.857969354411692,-7.857969354411692,-10.865825134748668,-10.865825134748668
22400375,2025,12/20/2024,MIA,OKC,-7.0,False,-4.3999999999999995,2.0,0,2,3,3,-19.097758637058003,-6.632162345963522,-18.145128629273383,-9.508189688615511
22400376,2025,12/21/2024,SAC,LAL,-4.0,False,10.6,0.0,0,1,5,1,-9.84791187136079,4.11161411589784,-9.025152726296366,4.745617101359306
22400377,2025,12/21/2024,ORL,MIA,7.0,False,-4.300000000000001,1.0,1,3,3,4,-9.075530089279635,0.958228325772339,-6.795373421390295,5.339159495305665
22400378,2025,12/21/2024,ATL,MEM,-16.0,False,-11.899999999999999,0.0,2,3,3,3,-21.081803761293365,-5.575857203190665,-15.747019759786312,1.1268050133511167
22400379,2025,12/21/2024,BKN,UTA,-11.0,False,3.8999999999999995,0.0,3,2,4,4,21.98504868515792,17.63185542827856,21.687795825655215,15.316515523978545
22400380,2025,12/21/2024,CLE,PHI,27.0,False,7.799999999999999,0.0,3,2,3,4,-8.412030572148147,-16.090602000719578,-7.846650571105872,-14.331144589938447
22400381,2025,12/21/2024,CHI,BOS,-25.0,False,-5.1,0.0,0,1,2,3,-3.216485765933651,1.4777114182366766,-3.4205862533651987,2.4334876989642886
22400382,2025,12/21/2024,MIL,WAS,11.0,False,17.9,-1.0,1,1,4,7,10.295475590455732,22.44794889054142,11.262223095567421,21.898501795786338
22400383,2025,12/21/2024,MIN,GSW,-10.0,False,13.7,0.0,1,0,3,5,4.4481639859217905,-20.627163413785855,2.4976800572538207,-23.41936036872922
22400384,2025,12/21/2024,NOP,NYK,-11.0,False,-21.299999999999997,0.0,3,0,9,2,29.48291450894469,49.29769469600645,33.61805308513243,50.77688010963868
22400385,2025,12/21/2024,DAL,LAC,16.0,False,4.7,0.0,3,2,4,3,18.5761306163197,13.416967154057815,20.69009888883074,16.312461150817192
22400386,2025,12/21/2024,SAS,POR,20.0,False,5.300000000000001,0.0,0,2,1,3,-5.937485289433511,-7.378212023386247,-3.0655625197044047,-2.369043405124252
22400387,2025,12/21/2024,PHX,DET,-8.0,False,8.6,0.0,1,1,4,3,8.043131014308141,13.93378941905599,8.353573417808098,14.63197716425697
22400388,2025,12/22/2024,TOR,HOU,-4.0,False,-4.9,0.0,2,2,6,5,15.797762352318728,31.14849822808295,17.18843401834988,33.44215400051941
22400389,2025,12/22/2024,SAC,IND,-27.0,False,5.7,-2.0,0,0,2,3,0.0,-2.7335149615752705,0.0,-5.665904722162591
22400390,2025,12/22/2024,NOP,DEN,-3.0,False,-13.899999999999999,-2.0,3,0,9,3,29.61193040367663,46.963633837569354,33.76516415844943,48.031200717335786
22400391,2025,12/23/2024,CHA,HOU,-13.0,False,-11.2,2.0,3,1,6,3,18.181976693796642,14.587225630913185,17.27716970659895,17.453152783464642
22400392,2025,12/23/2024,CLE,UTA,11.0,False,21.3,0.0,1,0,5,5,6.966252403970475,-15.096147978486155,6.310499828416548,-19.099700103250708
22400393,2025,12/23/2024,ORL,BOS,4.0,False,-8.4,0.0,3,0,5,5,37.32511718934025,2.7079438952113293,35.25265267255276,1.9630966294598124
22400394,2025,12/23/2024,PHI,SAS,5.0,False,5.7,0.0,2,0,5,5,13.076074475988925,4.027215768071905,14.068019053309703,2.5755958071408642
22400395,2025,12/23/2024,ATL,MIN,13.0,False,-4.9,0.0,3,2,4,2,11.715834164698734,19.861432713341326,15.693214047778593,24.022867145101294
22400396,2025,12/23/2024,MIA,BKN,15.0,False,13.5,0.0,1,4,4,4,-34.836158944451974,-1.998319068628554,-37.26583413922883,-5.5447701563098875
22400397,2025,12/23/2024,NYK,TOR,14.0,False,17.4,1.0,1,2,1,5,-30.534090377443476,-42.41461563963487,-29.352696904863485,-41.691457856357964
22400398,2025,12/23/2024,CHI,MIL,-21.0,False,-3.2,0.0,0,0,3,3,0.0,-28.258541933961283,0.0,-28.434430893486834
22400399,2025,12/23/2024,MEM,LAC,-4.0,False,10.399999999999999,0.0,3,2,4,5,16.429308474567705,8.046020593307539,13.799932273746027,5.478242086430988
22400400,2025,12/23/2024,OKC,WAS,18.0,False,25.2,1.0,1,1,1,4,6.0420137819310895,-15.564661137285022,6.130224964272589,-16.080590850914465
22400401,2025,12/23/2024,DAL,POR,24.0,False,17.4,0.0,2,2,3,4,-0.6959943352501039,-12.97511195472131,4.2699403895770445,-6.7909235481510954
22400402,2025,12/23/2024,DEN,PHX,27.0,False,6.2,-1.0,0,3,2,3,-32.129543297156125,-12.008833399447173,-33.1046388666751,-10.594804478756167
22400403,2025,12/23/2024,GSW,IND,-6.0,False,-8.2,1.0,0,0,5,4,0.0,13.701608318140835,0.0,12.44376854523724
22400404,2025,12/23/2024,LAL,DET,-3.0,False,-0.20000000000000018,0.0,1,1,2,3,-0.5539006849206523,-7.440506050828205,-1.79929179473924,-6.482821864540963
22400405,2025,12/25/2024,NYK,SAS,3.0,True,15.6,0.0,0,0,4,6,0.0,-14.809264561661486,0.0,-15.433591807923907
22400406,2025,12/25/2024,DAL,MIN,-6.0,False,3.7,0.0,1,2,5,3,-7.206149788578815,1.1956969328418836,-3.188224922580615,5.6091540023845425
22400407,2025,12/25/2024,BOS,PHI,-4.0,False,5.5,0.0,0,2,3,7,-16.800383801871334,-22.10915004461904,-15.800643912592115,-22.870200467771355
22400408,2025,12/25/2024,GSW,LAL,-2.0,False,-2.0999999999999996,0.0,0,1,5,2,-9.859422132389396,4.178425849968036,-9.035701344628828,6.90993816715099
22400409,2025,12/25/2024,PHX,DEN,10.0,False,-8.7,0.0,3,0,3,4,32.047896940851984,22.532528383408852,33.02051463511569,22.75771822712319
22400410,2025,12/26/2024,IND,OKC,-6.0,False,-7.4,0.0,0,2,4,3,-22.805455033059303,-12.708953457937648,-23.495326762232974,-11.065897625720456
22400411,2025,12/26/2024,ORL,MIA,-1.0,False,-6.3,0.0,2,2,4,5,20.532081722030807,-4.8568001368168865,20.90913134970775,-1.8354835779464693
22400412,2025,12/26/2024,WAS,CHA,3.0,False,-3.8000000000000007,0.0,2,4,8,7,-7.8116283861465785,9.109024100340115,-8.244440961191044,9.717441900060251
22400413,2025,12/26/2024,ATL,CHI,8.0,False,-0.10000000000000009,0.0,2,1,6,4,7.783906259798846,-4.781500327466638,9.914519983561409,-2.386503513074601
22400414,2025,12/26/2024,MEM,TOR,29.0,False,19.299999999999997,0.0,3,2,3,5,-3.1575357093434278,-16.97938209237809,-5.3470526395032,-20.08041109684695
22400415,2025,12/26/2024,MIL,BKN,-6.0,False,16.0,0.0,0,3,4,4,-30.991027383007115,17.82176060518718,-32.09523578309413,18.445629778785012
22400416,2025,12/26/2024,NOP,HOU,-17.0,False,-13.8,0.0,2,2,6,3,5.20633782110297,10.635588835039734,7.355351123632923,10.95659608878973
22400417,2025,12/26/2024,POR,UTA,2.0,False,-4.1,0.0,0,3,7,5,-37.98371945473328,-13.092707286664073,-38.198490598390535,-17.187629762361368
22400418,2025,12/26/2024,SAC,DET,-1.0,False,6.2,0.0,0,0,5,2,0.0,23.704320082730234,0.0,23.908263474365796
22400419,2025,12/27/2024,ORL,NYK,-23.0,False,-11.4,-1.0,2,0,3,2,33.55068259163738,33.50580023289856,30.984768626202314,30.06436078225665
22400420,2025,12/27/2024,BOS,IND,37.0,False,2.5,1.0,0,1,2,3,-12.51685564658764,2.4706078600605146,-10.300554729001782,2.4437722070623735
22400421,2025,12/27/2024,BKN,SAS,-9.0,False,-4.700000000000001,-1.0,4,1,5,6,39.52989989614627,32.2409694538741,40.904211327568554,29.989054755717664
22400422,2025,12/27/2024,HOU,MIN,-1.0,False,-0.8000000000000003,-1.0,2,1,5,3,8.870242635910625,22.87462170785901,7.583987062099156,23.92466629392488
22400423,2025,12/27/2024,NOP,MEM,-8.0,False,-22.9,0.0,2,3,7,3,-16.170019457338267,4.310871775738953,-10.421369107365098,7.567591660298991
22400424,2025,12/27/2024,DEN,CLE,-14.0,False,-9.799999999999999,-1.0,1,3,2,4,-0.5810646209553116,0.20783507342039798,2.2368884672750653,3.214686044901871
22400425,2025,12/27/2024,PHX,DAL,-9.0,False,-8.6,0.0,3,1,3,4,8.142474157149003,-8.644910996657803,9.228828982239353,-9.466946632715633
22400426,2025,12/27/2024,LAC,GSW,10.0,False,7.9,1.0,2,2,5,4,-12.344587532136895,-12.061579427195916,-13.285418039142561,-11.84206106260065
22400427,2025,12/28/2024,ATL,MIA,10.0,False,-5.5,0.0,2,3,6,4,-15.585800467192925,8.929324416150848,-10.363535078022487,15.863779597960267
22400428,2025,12/28/2024,CHA,OKC,-12.0,False,-22.6,0.0,4,4,9,4,-18.760276449590336,21.10659900180363,-21.573874929651,19.00058377321156
22400429,2025,12/28/2024,WAS,NYK,-4.0,False,-22.5,1.0,3,0,9,3,20.03272000579848,43.85882383081794,19.611107653284442,46.282236915153945
22400430,2025,12/28/2024,CHI,MIL,5.0,False,-2.2,0.0,0,0,2,4,0.0,-17.759453741965444,0.0,-19.266002381835712
22400431,2025,12/28/2024,GSW,PHX,4.0,False,-2.8,0.0,2,4,6,4,-34.314826128086494,-11.452592244159327,-34.98019303616348,-10.802541116775338
22400432,2025,12/28/2024,DEN,DET,13.0,False,9.1,-1.0,1,0,3,0,14.828667290028049,19.00885539849293,14.843402806936432,20.533033730074475
22400433,2025,12/28/2024,UTA,PHI,-3.0,False,-7.9,-1.0,1,3,4,6,-9.711416861395305,1.794139821999174,-8.888571626165387,1.0180664421751686
22400434,2025,12/28/2024,POR,DAL,4.0,False,-19.200000000000003,1.0,0,4,7,6,-61.16558498025207,-24.81494721120486,-62.328297930185656,-30.0576654913935
22400435,2025,12/28/2024,LAL,SAC,10.0,False,-8.2,1.0,0,0,2,5,0.0,18.4950491815026,0.0,17.76302638206871
22400436,2025,12/29/2024,ORL,BKN,1.0,False,5.7,0.0,2,2,3,4,17.876094244655143,7.330628834864257,14.672645598489456,7.3887394724069395
22400437,2025,12/29/2024,BOS,IND,-9.0,False,6.9,0.0,0,0,2,3,0.0,10.565035487228425,0.0,9.618982659069374
22400438,2025,12/29/2024,TOR,ATL,-29.0,False,-9.8,2.0,1,3,4,4,-11.306207543243769,-8.13662075163198,-13.442917722448515,-8.026806483280776
22400439,2025,12/29/2024,HOU,MIA,-4.0,False,-2.5999999999999996,1.0,1,4,6,5,-36.910472815250856,-13.995926053224018,-34.0204419373112,-10.16888948676841
22400440,2025,12/29/2024,OKC,MEM,24.0,False,-4.0,-1.0,1,4,1,6,-43.79571140114946,-67.17170231048634,-34.730306030489444,-57.24704635367201
22400441,2025,12/29/2024,MIN,SAS,2.0,False,4.0,0.0,1,1,3,4,1.563724032846825,-2.2138983782439183,1.6984396010692733,-5.35756164951988
22400442,2025,12/30/2024,CHA,CHI,-7.0,False,-8.100000000000001,0.0,3,0,8,3,19.475396076626772,24.763253886488407,18.33516963556264,26.132791181873465
22400443,2025,12/30/2024,WAS,NYK,-20.0,False,-17.8,0.0,1,0,3,0,4.084108922978708,22.530667558432537,3.898277468196631,24.98897228588044
22400444,2025,12/30/2024,NOP,LAC,-3.0,False,-11.2,0.0,1,1,7,5,5.172603957009254,16.420443583970172,4.903609859150522,13.13116239466715
22400445,2025,12/30/2024,UTA,DEN,-11.0,False,-13.3,0.0,1,1,4,3,2.7179196994716843,15.652392857649403,2.763728591115921,12.422889952550651
22400446,2025,12/30/2024,GSW,CLE,-18.0,False,-23.7,-1.0,2,2,5,1,2.2459204617101722,27.804567557703173,6.73157251334294,31.021327590450802
22400447,2025,12/30/2024,POR,PHI,-22.0,False,-12.4,0.0,0,2,3,6,-16.935671518537838,-16.524368221255116,-15.927881067528833,-18.134058473439616
22400448,2025,12/30/2024,SAC,DAL,10.0,False,-4.3,0.0,3,3,3,6,-44.626644864336555,-66.50581924808824,-43.77353338647657,-66.8320157062546
22400449,2025,12/31/2024,BOS,TOR,54.0,False,21.700000000000003,0.0,0,1,1,3,-15.993114673429929,-10.505311336480919,-15.020942572596867,-10.629973371696515
22400450,2025,12/31/2024,IND,MIL,-8.0,False,1.6,-1.0,0,0,4,3,0.0,2.2939922996782514,0.0,3.8137878009411494
22400451,2025,12/31/2024,SAS,LAC,36.0,False,-3.0,1.0,0,1,0,1,-7.46824422836884,-7.46824422836884,-7.708794416997947,-7.708794416997947
22400452,2025,12/31/2024,OKC,MIN,8.0,False,10.299999999999999,0.0,1,2,3,3,0.25721284414413415,2.399212382455014,2.6977134422093076,7.5205983767303906
22400453,2025,12/31/2024,PHX,MEM,-5.0,False,-16.7,1.0,2,7,4,7,-60.34014542276807,-46.879975019922504,-50.67380228075817,-36.97174137692973
22400454,2025,12/31/2024,LAL,CLE,-12.0,False,-16.1,2.0,0,1,4,5,-7.031975055811659,9.40450346675561,-6.370035825551893,10.853533418930102
22400455,2025,01/01/2025,DET,ORL,9.0,False,-1.7999999999999998,0.0,1,2,3,4,-27.957138521623378,-26.26134178049768,-25.29080592675011,-26.197984113635055
22400456,2025,01/01/2025,WAS,CHI,18.0,False,-4.9,0.0,1,1,3,2,-9.901722704059086,-4.3114510979741745,-8.83139976766814,-1.574414884681346
22400457,2025,01/01/2025,MIA,NOP,11.0,False,11.8,1.0,3,1,5,7,8.259189544202666,-9.569436485029257,5.708187045021022,-10.145538412506482
22400458,2025,01/01/2025,NYK,UTA,16.0,False,16.299999999999997,0.0,0,2,3,4,-20.442513927102027,5.2456058304560855,-20.60007334123939,3.10017924606365
22400459,2025,01/01/2025,TOR,BKN,17.0,False,-9.6,-2.0,1,3,5,3,-28.951225908086474,-4.032047408909776,-29.401647592089095,-4.300774490284489
22400460,2025,01/01/2025,HOU,DAL,11.0,False,3.1,1.0,2,2,6,3,-16.364329912982775,5.957844247479841,-16.396776036510154,7.615646712695465
22400461,2025,01/01/2025,DEN,ATL,19.0,False,7.199999999999999,-1.0,1,3,2,5,-2.9369484968584256,-28.782591374079388,-3.14657155765277,-26.466211102195082
22400462,2025,01/01/2025,SAC,PHI,6.0,False,-0.5,0.0,0,3,6,7,-36.40282885515451,-30.801416594244877,-33.13563496785061,-24.952636267639743
22400463,2025,01/02/2025,MIA,IND,-13.0,False,0.0,-1.0,2,0,3,3,12.859982707810293,8.487653000348953,9.991511916456925,2.747160990709668
22400464,2025,01/02/2025,MIN,BOS,-3.0,False,-15.399999999999999,0.0,2,0,3,5,7.399304131151526,-30.554235004756006,6.832436097739592,-30.76749625286846
22400465,2025,01/02/2025,MIL,BKN,-3.0,False,13.0,1.0,0,2,3,3,-20.331148106766413,-14.684546948255036,-20.91456898314142,-14.560002212569422
22400466,2025,01/02/2025,OKC,LAC,18.0,False,13.0,0.0,1,1,1,2,0.20481611266154243,-18.114294002407977,1.8438700723284214,-17.323890408798373
22400467,2025,01/02/2025,GSW,PHI,34.0,False,-9.4,2.0,2,4,2,5,-20.431880617941825,-23.033833121912696,-17.692747742729214,-19.69594879234688
22400468,2025,01/02/2025,LAL,POR,8.0,False,13.5,-1.0,0,3,2,7,-14.645073444980579,-3.889057898952437,-12.236708996026156,-1.2370632228244318
22400469,2025,01/03/2025,DET,CHA,4.0,False,6.8,-1.0,2,4,2,9,-8.713013672687008,-44.53096966288352,-8.237746668890061,-43.613531015161286
22400470,2025,01/03/2025,TOR,ORL,-9.0,False,-10.0,0.0,3,3,7,4,-24.924682180812813,-4.0439230159391215,-23.226080223605216,-2.694554558331852
22400471,2025,01/03/2025,HOU,BOS,-23.0,False,-7.3999999999999995,1.0,2,2,4,2,-9.834352685740807,14.622779895295924,-10.531884658817475,13.967178984871119
22400472,2025,01/03/2025,NOP,WAS,12.0,False,-2.0,0.0,1,3,7,4,-6.026440375707496,14.241670153076843,-6.673441905960146,9.372647616979979
22400473,2025,01/03/2025,OKC,NYK,10.0,False,-2.0,-1.0,1,0,3,3,7.716449702412487,-2.655462202529714,9.611724173017263,1.11605034585898
22400474,2025,01/03/2025,DAL,CLE,-12.0,False,-15.8,-1.0,2,1,3,2,26.81639160669279,38.46517023087003,27.481534737197382,39.75458622466242
22400475,2025,01/03/2025,DEN,SAS,-3.0,False,1.5,-1.0,1,1,4,6,-0.0189776231726686,-14.420730681170543,0.63506902025361,-13.269728745658583
22400476,2025,01/03/2025,SAC,MEM,5.0,False,-11.3,-1.0,2,4,7,4,-45.312355669413876,-23.39417814026378,-37.724362963635485,-13.497101418197857
22400477,2025,01/03/2025,LAL,ATL,17.0,False,3.9000000000000004,-1.0,1,3,2,4,-12.978443133378104,-13.067059904082265,-13.6577659643573,-14.954690581051729
22400478,2025,01/04/2025,BKN,PHI,-29.0,False,-5.799999999999999,0.0,1,3,4,5,-11.64434570863776,19.13156585199073,-10.37883350446054,19.794238404810002
22400479,2025,01/04/2025,DET,MIN,14.0,False,1.8000000000000003,-1.0,1,2,4,4,5.138701978447797,14.530869125908183,5.801109829865716,16.330800884039007
22400480,2025,01/04/2025,IND,PHX,18.0,False,8.4,-1.0,0,2,3,4,-22.681840672934193,-31.792557102818016,-23.356101831673534,-28.66188654348745
22400481,2025,01/04/2025,MIA,UTA,-36.0,False,11.700000000000001,-1.0,3,1,4,3,27.35406971573831,22.1640566803066,23.673280404180993,18.696131759879616
22400482,2025,01/04/2025,CHI,NYK,13.0,False,-16.0,2.0,1,0,3,1,14.017882308196457,14.235127633776811,12.760581817707273,13.062509725625928
22400483,2025,01/04/2025,MIL,POR,-3.0,False,11.600000000000001,0.0,0,3,3,8,-14.591603888593665,-27.55689529158183,-12.192032442910099,-24.691335470207683
22400484,2025,01/04/2025,SAS,DEN,-11.0,False,0.7999999999999998,0.0,0,1,4,3,-14.543426088499285,-4.142450991554874,-14.557878156027765,-5.174062022300614
22400485,2025,01/04/2025,GSW,MEM,8.0,False,-13.6,1.0,3,4,5,6,-17.094225179299826,-20.152898617837252,-7.516144614640638,-10.004355109123736
22400486,2025,01/04/2025,LAC,ATL,26.0,False,-2.7,1.0,0,3,1,5,-17.766805004392474,-40.17289009928955,-17.99213814314295,-38.27434736243046
22400487,2025,01/05/2025,OKC,BOS,13.0,False,-3.6999999999999993,0.0,2,1,4,5,11.087484745387268,3.7863644121342332,12.882147971837242,6.982156600573493
22400488,2025,01/05/2025,CLE,CHA,10.0,False,22.799999999999997,0.0,1,4,2,7,-19.187857036764658,-23.545274567688345,-19.591448485932794,-23.97020964784228
22400489,2025,01/05/2025,WAS,NOP,-12.0,False,1.8999999999999995,0.0,1,1,6,7,-7.8060504345626915,5.663836226052027,-7.971196918909282,10.690594495119285
22400490,2025,01/05/2025,ORL,UTA,-13.0,False,0.19999999999999973,1.0,4,5,5,5,-8.248786067423978,-1.4005631644824277,-9.545279283911903,-1.544103399852844
22400491,2025,01/05/2025,HOU,LAL,4.0,False,-1.2000000000000002,0.0,2,0,6,2,14.18199563784123,28.753259196258796,13.799207414705268,30.467391554540846
22400492,2025,01/05/2025,GSW,SAC,-30.0,False,-0.7999999999999998,-1.0,3,2,3,4,23.469362487116076,-0.7644820358639706,23.886717630957474,0.24030909083742102
22400493,2025,01/06/2025,DET,POR,3.0,False,6.8,0.0,1,3,2,8,-1.9255452193524611,-16.90970397867519,0.547811543964885,-12.675140123506708
22400494,2025,01/06/2025,PHI,PHX,-10.0,False,7.4,0.0,2,1,6,2,5.890632037531365,34.27242896623015,5.426579626319345,33.1843735217029
22400495,2025,01/06/2025,BKN,IND,-14.0,False,-14.1,0.0,3,0,5,3,38.54523034455343,48.84476251707625,37.443748616525795,44.922939223198156
22400496,2025,01/06/2025,NYK,ORL,-9.0,False,13.4,1.0,0,4,3,5,-47.62078274839757,-8.620182437176581,-45.269919781410714,-9.12493793542609
22400497,2025,01/06/2025,TOR,MIL,-24.0,False,-16.4,1.0,0,0,6,1,0.0,9.890287741624741,0.0,12.913612380374389
22400498,2025,01/06/2025,CHI,SAS,4.0,False,-6.3,0.0,2,1,4,5,16.739714615163322,8.425166369822428,16.381307984581106,5.2154830882973755
22400499,2025,01/06/2025,MEM,DAL,15.0,False,6.9,-1.0,3,2,4,2,0.4489497357456571,16.670130162528288,-5.6509838861451485,10.575853332723305
22400500,2025,01/06/2025,MIN,LAC,2.0,False,-6.199999999999999,0.0,1,1,2,5,-0.2692394039253889,-15.541991042590261,-1.1735138444529816,-16.03459600941328
22400501,2025,01/06/2025,SAC,MIA,5.0,False,3.8,-1.0,3,2,6,5,-0.06983016814800536,-8.109175944510241,0.7941465503026244,-3.360345905976672
22400502,2025,01/07/2025,CHA,PHX,11.0,False,-4.2,1.0,4,1,8,2,16.373263005595472,23.47697164328971,16.62581688075134,23.67431620918383
22400503,2025,01/07/2025,WAS,HOU,-23.0,False,-8.7,0.0,3,2,5,3,5.669082221179833,8.298840678196196,4.748200504936545,8.227355524891706
22400504,2025,01/07/2025,DAL,LAL,21.0,False,-7.3,-1.0,3,0,3,3,52.67465218361728,37.218132098085796,54.34445410309027,38.995792801901956
22400505,2025,01/07/2025,NOP,MIN,-7.0,False,-0.10000000000000053,1.0,3,1,7,3,25.763427677801833,36.63586163110478,25.832652476897636,37.27159308558644
22400506,2025,01/07/2025,UTA,ATL,-3.0,False,1.9999999999999998,-1.0,3,4,5,6,-1.660761456154333,2.3067970463341823,0.25161256020194145,2.6346835830944144
22400507,2025,01/07/2025,DEN,BOS,-12.0,False,-4.800000000000001,1.0,1,1,2,4,10.86164467736106,29.29289010432077,11.19690243499496,29.70875755979799
22400508,2025,01/07/2025,GSW,MIA,-16.0,False,-1.3999999999999995,1.0,3,2,4,3,2.2332334458644674,3.446135136878027,3.8267356754916655,6.236954997245679
22400509,2025,01/08/2025,CLE,OKC,7.0,False,4.400000000000002,0.0,1,4,5,4,-15.934554053620753,-3.5125840998393443,-20.57365367213367,-6.39210793050087
22400510,2025,01/08/2025,IND,CHI,16.0,False,7.8,0.0,0,2,2,2,-19.61268806519167,-0.5942330163356786,-18.29420794195643,2.506331277896745
22400511,2025,01/08/2025,NYK,TOR,14.0,False,21.3,0.0,0,3,1,4,-11.609468565162626,-6.851014928663023,-10.829224095982784,-6.924003432154853
22400512,2025,01/08/2025,PHI,WAS,6.0,False,6.6,1.0,5,5,7,8,16.627473248556093,10.49278467667326,14.493629331305378,7.799083760359004
22400513,2025,01/08/2025,BKN,DET,-15.0,False,-10.3,0.0,4,2,6,2,26.720809557106016,45.18176055065164,22.47050754212558,42.15315371335762
22400514,2025,01/08/2025,NOP,POR,-19.0,False,1.7000000000000002,-1.0,3,3,6,4,22.51299370790361,28.669161314337636,29.60160344924953,33.255292484472456
22400515,2025,01/08/2025,DEN,LAC,23.0,False,1.4,-1.0,1,1,2,2,11.545377254925718,31.37589865209356,10.486689064403919,30.935011527533643
22400516,2025,01/08/2025,MIL,SAS,16.0,False,-1.0,0.0,0,2,2,2,-17.259554405473185,-8.980801832219168,-15.825338740719994,-5.713512415523676
22400517,2025,01/09/2025,CLE,TOR,6.0,False,33.0,0.0,2,4,5,7,2.0723309792613662,-4.253644257514544,0.9110823434126765,-5.096828878120313
22400518,2025,01/09/2025,DET,GSW,-3.0,False,6.300000000000001,-1.0,1,3,3,5,-15.275593937097941,-18.687307995690627,-16.030405962910315,-19.68687532072329
22400519,2025,01/09/2025,ORL,MIN,-15.0,False,0.7999999999999998,1.0,4,1,4,2,44.29748649643907,40.100053388224474,41.7960370202714,39.438536509530394
22400520,2025,01/09/2025,MEM,HOU,-4.0,False,1.9000000000000004,1.0,1,2,3,6,-6.107011546565598,-18.638384399824517,-7.841980299311429,-19.10203138879102
22400521,2025,01/09/2025,DAL,POR,6.0,False,5.9,1.0,2,3,4,7,25.702799759588473,12.731888885926878,29.02779610519781,17.062310444180046
22400522,2025,01/09/2025,PHX,ATL,8.0,False,-4.8999999999999995,0.0,1,4,3,5,-27.090513709332235,-14.400762299388166,-25.994584776485127,-12.542783105561643
22400523,2025,01/09/2025,UTA,MIA,-5.0,False,4.5,0.0,4,2,5,4,18.273699827325,12.714118336947799,18.40030642285571,12.255727320175701
22400525,2025,01/10/2025,IND,GSW,12.0,False,8.5,1.0,0,6,3,6,-68.71480786328164,-57.83593367475052,-72.3020429866109,-59.193567152286036
22400526,2025,01/10/2025,ORL,MIL,-3.0,False,-7.1,-1.0,4,0,5,4,46.74741890903179,32.376765229665224,44.43967070388156,29.89517962827151
22400527,2025,01/10/2025,PHI,NOP,-8.0,False,4.7,0.0,5,3,6,8,15.022670793700414,-11.991119809809618,13.82109978206082,-16.341088663811277
22400528,2025,01/10/2025,BOS,SAC,-17.0,False,12.3,0.0,1,1,2,8,-15.246014296715112,-33.41946696486438,-15.284359703814525,-33.67698705596056
22400529,2025,01/10/2025,NYK,OKC,-25.0,False,-4.7,0.0,0,4,1,4,-20.604080801172806,-15.996372858968527,-23.109045731223162,-18.65761521356859
22400530,2025,01/10/2025,CHI,WAS,33.0,False,3.5,0.0,2,3,2,3,0.13298291269918394,0.13298291269918394,-2.0248363817834196,-2.0248363817834196
22400531,2025,01/10/2025,DEN,BKN,19.0,False,16.7,0.0,0,4,2,4,-47.540528830718685,-29.30401169936219,-45.74439214326571,-27.12030545529411
22400533,2025,01/11/2025,PHX,UTA,8.0,False,-6.300000000000001,0.0,0,3,3,5,-35.96834073770711,-21.837003130570125,-36.247425196128155,-21.100480987987904
22400534,2025,01/11/2025,DET,TOR,9.0,False,20.700000000000003,0.0,1,3,3,7,0.7618351596061661,-5.199560660449652,1.6507089729228621,-8.74581566766171
22400535,2025,01/11/2025,MIN,MEM,-2.0,False,-3.3,0.0,1,2,3,3,-9.115528807218265,-6.2630820932491655,-9.41659089739942,-9.232525480401005
22400536,2025,01/11/2025,POR,MIA,-21.0,False,-4.3,0.0,1,2,3,3,-16.60594655277599,1.147852025622548,-15.732206389381775,1.7767583640098543
22400539,2025,01/12/2025,NYK,MIL,34.0,False,-4.3,0.0,0,0,1,2,0.0,-8.635568827973158,0.0,-7.786018986169013
22400540,2025,01/12/2025,DAL,DEN,-11.0,False,-5.5,1.0,2,0,4,3,39.99890607882346,35.99776107445807,40.9757436737423,38.60717122215507
22400541,2025,01/12/2025,CHI,SAC,-5.0,False,-5.7,0.0,1,0,4,7,5.700026276716879,15.885888128289718,5.629269516555563,15.972025148260464
22400542,2025,01/12/2025,BOS,NOP,1.0,False,11.799999999999999,0.0,1,3,5,7,-17.79944714682604,-25.227828205155802,-17.944742543299206,-23.648351067719055
22400543,2025,01/12/2025,CLE,IND,-15.0,False,10.3,1.0,1,0,2,3,4.7695390781563125,2.2183867364306114,2.6207842669833994,-1.08749843601821
22400544,2025,01/12/2025,ORL,PHI,5.0,False,-5.199999999999999,0.0,4,4,6,7,13.954001968221622,-3.281545820229475,11.81029201269471,-4.872820141607988
22400545,2025,01/12/2025,WAS,OKC,-41.0,False,-23.4,0.0,3,4,4,4,-0.8864132856032221,6.122863665392913,-2.5352522501019834,6.219054933866115
22400546,2025,01/12/2025,UTA,BKN,1.0,False,10.0,-1.0,6,4,7,4,25.109127347481873,28.15365803396159,25.507151028022378,28.943430060604356
22400547,2025,01/12/2025,PHX,CHA,7.0,False,3.2,-2.0,1,4,4,8,-14.66542372522727,-11.854435605358727,-13.757838998499142,-9.962578547272724
22400548,2025,01/13/2025,WAS,MIN,-14.0,False,-13.6,-1.0,3,1,4,2,16.766567720510242,19.597244511322508,17.45310478532932,23.90203537975528
22400549,2025,01/13/2025,NYK,DET,-5.0,False,1.2000000000000002,-1.0,0,1,3,3,-12.567984325164963,-14.507801167830708,-12.662855046791123,-13.86467471252337
22400550,2025,01/13/2025,TOR,GSW,3.0,False,-13.200000000000001,-1.0,1,3,7,5,-25.668184369899407,-4.531599431868912,-26.25199998604711,-5.50828894426207
22400551,2025,01/13/2025,HOU,MEM,2.0,False,3.4,1.0,1,2,6,4,-0.7214261012616667,11.676896559914198,-0.43451117567544273,10.889452168382345
22400552,2025,01/13/2025,LAL,SAS,-24.0,False,-1.3000000000000003,0.0,0,1,2,2,-3.022101213807365,-5.537856169836356,-2.038660020642677,-4.44668544375917
22400553,2025,01/13/2025,LAC,MIA,11.0,False,-2.3,1.0,2,2,5,4,-18.40091892173736,-22.993028779245826,-17.072887568148538,-23.37591046252831
22400554,2025,01/14/2025,IND,CLE,-10.0,False,-5.6,0.0,0,1,4,3,-4.77006483680566,16.515273310387386,-2.6210731628229893,19.689669476317142
22400555,2025,01/14/2025,PHI,OKC,-16.0,False,-14.9,0.0,5,3,9,3,32.98157836751686,71.49532041153886,31.36407270486164,69.0247303249463
22400556,2025,01/14/2025,ATL,PHX,5.0,False,-1.9,1.0,3,1,6,4,21.749913756115397,28.310939520654077,18.713515708077054,23.81400253682552
22400557,2025,01/14/2025,CHI,NOP,-6.0,False,2.8,0.0,1,2,3,7,-13.65946177296325,-18.510308486724337,-13.70496627823948,-17.87003738857237
22400558,2025,01/14/2025,MIL,SAC,15.0,False,-1.9,0.0,1,1,3,3,-2.7802511730517008,4.684267728043768,-2.301043505598969,4.455312646430407
22400559,2025,01/14/2025,DAL,DEN,-19.0,False,-11.1,0.0,1,0,1,1,23.29845755581922,19.81892968425729,23.182900721770103,19.332482876833975
22400560,2025,01/14/2025,POR,BKN,-18.0,False,4.0,1.0,1,2,4,3,-12.026079643555349,3.2276566119751955,-12.142557086784226,-0.05353308339743279
22400561,2025,01/15/2025,PHI,NYK,-6.0,False,-4.5,-1.0,6,0,8,4,49.966975104784595,18.258663467615122,49.251961449137305,18.31573706942698
22400562,2025,01/15/2025,TOR,BOS,13.0,False,-24.1,-1.0,4,1,6,1,22.012356649632775,28.786619506197866,22.816626649604245,30.44170035631869
22400563,2025,01/15/2025,CHI,ATL,-16.0,False,1.1,0.0,1,6,2,7,-64.72568953856963,-60.16935599019393,-62.26741608243533,-58.63113243015587
22400564,2025,01/15/2025,MIL,ORL,29.0,False,5.5,-2.0,1,5,1,6,-47.322908874711175,-49.71284688930192,-45.156770181763534,-47.652345328284056
22400565,2025,01/15/2025,MIN,GSW,-1.0,False,5.4,0.0,1,2,4,6,-18.37563689711133,-31.374212474981555,-18.379841100160196,-35.24783190041205
22400566,2025,01/15/2025,NOP,DAL,3.0,False,3.4999999999999996,0.0,4,2,7,3,-2.7935519345785025,-4.900067974299972,1.542587011883036,-3.8971983393184217
22400567,2025,01/15/2025,SAS,MEM,-14.0,False,1.5,0.0,2,2,6,3,5.407023940313856,16.162004717530145,3.4800576848394176,16.417236720678112
22400568,2025,01/15/2025,DEN,HOU,-20.0,False,6.5,-1.0,0,2,2,3,-14.965984144128647,23.041083428124143,-16.524366978459007,22.270613507496364
22400569,2025,01/15/2025,UTA,CHA,-5.0,False,6.6000000000000005,0.0,5,3,6,6,36.075156098325984,26.679419849497705,34.318559702621386,23.57758976416889
22400570,2025,01/15/2025,LAL,MIA,9.0,False,-0.4999999999999998,0.0,0,2,3,4,-25.216845325204957,-19.850040754863755,-24.4902640373884,-19.037239825333742
22400571,2025,01/15/2025,LAC,BKN,59.0,False,4.300000000000001,1.0,1,4,2,5,-42.45384862034535,-44.19606173860362,-41.785204131368076,-41.090891081397615
22400572,2025,01/16/2025,DET,IND,-11.0,False,0.20000000000000018,1.0,1,1,3,5,1.5379625806824233,-0.6324796612014296,-1.6734989543163987,-6.97184231026176
22400573,2025,01/16/2025,WAS,PHX,-7.0,False,-12.799999999999999,1.0,3,2,7,3,-7.71708172335601,3.594494193982147,-9.314263117808348,4.197324972858048
22400574,2025,01/16/2025,OKC,CLE,20.0,False,7.5,0.0,3,1,3,1,24.306497876618177,24.306497876618177,27.053724879921198,27.053724879921198
22400575,2025,01/16/2025,POR,LAC,-29.0,False,-8.4,1.0,3,1,4,1,4.6246993688677325,18.73057528258331,3.206652514964217,17.667280882902922
22400576,2025,01/16/2025,SAC,HOU,5.0,False,-0.09999999999999964,1.0,1,3,7,6,-25.345368023625024,-16.80925185148961,-26.431563992842317,-17.295223596777625
22400577,2025,01/17/2025,BOS,ORL,27.0,False,14.6,0.0,1,6,2,6,-53.633997079139505,-52.61235677275744,-51.112612105684796,-50.24060511069751
22400578,2025,01/17/2025,NYK,MIN,-17.0,False,1.5999999999999999,0.0,0,1,2,2,-13.286207043393095,14.870432331425029,-12.700785875189474,15.70831734169128
22400579,2025,01/17/2025,MIA,DEN,-20.0,False,-9.5,0.0,1,0,3,1,7.1065551045769215,15.134555033059591,7.1065551045769215,14.630590516832704
22400580,2025,01/17/2025,MIL,TOR,18.0,False,16.2,0.0,1,3,3,5,-15.323661396168308,-17.683939984255474,-15.663560516586477,-18.55029187549596
22400581,2025,01/17/2025,NOP,UTA,13.0,False,0.1,0.0,4,6,7,6,-33.28424568401267,-16.72570242124094,-32.13118850703867,-17.354773061231455
22400582,2025,01/17/2025,SAS,MEM,-28.0,False,2.1,0.0,1,2,2,3,2.345713021527059,-11.643729000530268,1.4096066899152966,-12.752234205737988
22400583,2025,01/17/2025,DAL,OKC,8.0,False,-22.6,1.0,2,3,3,4,9.270673363754547,-18.904451856851857,7.963396481941125,-17.531756321217955
22400584,2025,01/17/2025,CHI,CHA,-2.0,False,5.1,0.0,1,1,3,5,2.159646661510845,-15.361273721722949,1.8635975176099322,-14.457425890700792
22400585,2025,01/17/2025,LAL,BKN,1.0,False,11.6,0.0,1,2,4,4,-11.48494730169893,3.013855495702849,-12.915692864563233,5.440996392651535
22400586,2025,01/18/2025,DET,PHX,-4.0,False,3.5,0.0,1,1,2,3,0.5529048851231675,-10.935453077562354,0.03593421298128163,-13.324080290630032
22400587,2025,01/18/2025,BOS,ATL,-4.0,False,6.7,-2.0,0,3,6,6,-19.393658715475496,2.1960018362372438,-20.720546756049238,2.109903530120228
22400588,2025,01/18/2025,IND,PHI,13.0,False,11.8,-1.0,0,5,3,8,-42.98798420300815,-58.01270008083136,-42.366100610841045,-55.02321693502803
22400589,2025,01/18/2025,GSW,WAS,8.0,False,12.1,1.0,3,3,4,9,10.682957512835564,-18.899729344364385,10.462085525337834,-21.081890679336666
22400590,2025,01/18/2025,MIN,CLE,-7.0,False,-2.7,-1.0,1,0,3,6,13.168724279835391,-18.196658649604537,12.58847967530123,-17.550477982487624
22400591,2025,01/18/2025,POR,HOU,-22.0,False,-11.2,0.0,1,2,3,4,-5.302083054600711,2.4815351163744737,-6.7844813362010985,0.7112467195076562
22400592,2025,01/19/2025,MIA,SAS,21.0,False,-3.8,0.0,1,1,3,1,-7.465567159814488,4.552974584711587,-6.9955548089441395,4.599368023665585
22400593,2025,01/19/2025,ORL,DEN,-13.0,False,-15.899999999999999,0.0,5,0,6,1,54.642250716009244,52.988383598692494,51.7061325322563,50.07419622084343
22400594,2025,01/19/2025,MIL,PHI,14.0,False,13.6,1.0,0,6,3,9,-49.62581662992253,-59.12308424821621,-49.179169890153446,-56.78679453597435
22400595,2025,01/19/2025,OKC,BKN,26.0,False,27.0,0.0,2,2,4,3,6.2109496267697,17.732657552239672,5.918883629611752,22.28402027119967
22400596,2025,01/19/2025,LAC,LAL,14.0,False,7.300000000000001,1.0,0,0,5,3,0.0,10.044485108635048,0.0,8.80316028705316
22400597,2025,01/19/2025,POR,CHI,11.0,False,-10.1,-1.0,2,1,7,3,12.830011123712705,21.56548290282522,12.527501261714637,20.79864157732684
22400598,2025,01/19/2025,SAC,WAS,23.0,False,19.6,2.0,0,3,4,4,-17.01290387052233,-12.466920037527338,-17.140497943002508,-13.616149229961945
22400599,2025,01/20/2025,CHA,DAL,5.0,False,0.7999999999999998,0.0,3,3,6,6,-11.057049299670012,-26.752267341035765,-8.98573250473856,-27.05722656378424
22400600,2025,01/20/2025,HOU,DET,-11.0,False,1.3000000000000007,0.0,1,1,5,3,-1.217116746456055,3.8020778745755237,-0.5590225705560403,5.796239488488524
22400601,2025,01/20/2025,MEM,MIN,2.0,False,-0.6999999999999997,1.0,2,1,3,3,-0.9176358200203207,-3.674367100881188,0.13073993468647593,-0.33452444305441986
22400602,2025,01/20/2025,NYK,ATL,9.0,False,-0.6000000000000001,1.0,0,4,3,6,-24.388827471588776,-23.783153257768042,-25.668755752139297,-24.853522749171752
22400603,2025,01/20/2025,CLE,PHX,26.0,False,4.2,0.0,2,1,3,1,14.04875109884399,23.295587415861814,12.968242300951667,23.379410945038465
22400604,2025,01/20/2025,GSW,BOS,-40.0,False,-9.8,0.0,4,1,4,1,34.22809387237519,34.22809387237519,35.456510196065715,35.456510196065715
22400605,2025,01/20/2025,NOP,UTA,4.0,False,2.7,0.0,5,6,7,6,-10.488077379799648,-1.5545323856780513,-4.474261146831154,4.6505096423695065
22400606,2025,01/21/2025,BKN,NYK,-4.0,False,-12.700000000000001,1.0,4,0,5,3,39.050794842222125,32.15850218235963,38.70869922633601,31.450204410505982
22400607,2025,01/21/2025,MIA,POR,-9.0,False,4.300000000000001,0.0,1,2,3,7,-3.4191276935389254,3.4511785214972157,-3.8510663617452874,2.1380514176789553
22400608,2025,01/21/2025,TOR,ORL,16.0,False,-1.5,1.0,2,4,4,7,-31.101634985246257,-33.69265483341066,-26.98018909332015,-29.554567653589196
22400609,2025,01/21/2025,DEN,PHI,35.0,False,15.2,0.0,0,5,1,5,-42.13124976838519,-38.101184900402664,-41.52176008343691,-37.40923939204648
22400610,2025,01/21/2025,LAL,WAS,23.0,False,14.899999999999999,0.0,0,3,3,5,-17.17633052715019,-16.932052652255727,-17.30515027355586,-17.158083812189858
22400611,2025,01/20/2025,LAC,CHI,-13.0,False,8.7,0.0,2,3,3,4,14.177961879983979,6.9158095974085185,12.07586716389661,4.7774514724046
22400612,2025,01/22/2025,ATL,DET,-10.0,False,-6.5,0.0,3,1,6,2,6.676269839887819,15.286501036026156,7.898139046036004,17.327381192966744
22400613,2025,01/22/2025,BKN,PHX,-24.0,False,-13.4,-1.0,4,1,6,2,27.028846734975012,38.935246408507716,24.122549377122915,34.198989695420885
22400614,2025,01/22/2025,DAL,MIN,-1.0,False,-7.0,0.0,3,1,6,3,18.471259815392663,44.94911032934727,18.073655191376005,46.12140273311797
22400615,2025,01/22/2025,HOU,CLE,1.0,False,-0.7999999999999998,0.0,1,3,5,5,-19.375400885084606,-18.742281648403576,-16.17189890009862,-13.845748898925741
22400616,2025,01/22/2025,MEM,CHA,12.0,False,6.7,0.0,2,3,4,4,-9.889884506008228,-1.5525711950358776,-10.540738788449048,-1.8302691672935225
22400618,2025,01/22/2025,OKC,UTA,9.0,False,15.8,1.0,2,5,4,6,-3.6499635407393427,3.675430562368426,-2.73926473523278,4.94070017898229
22400619,2025,01/22/2025,SAC,GSW,6.0,False,13.8,1.0,2,4,5,5,-32.78814677236232,-25.901591364163387,-33.30045529618402,-26.567015625895436
22400620,2025,01/22/2025,LAC,BOS,-4.0,False,-1.2000000000000002,0.0,4,1,7,5,52.54309984321882,35.76161641569433,53.05744287297449,38.38216931955642
22400621,2025,01/23/2025,IND,SAS,-30.0,False,12.7,0.0,0,0,3,1,0.0,2.9975132185078923,0.0,5.382300050736369
22400622,2025,01/23/2025,ORL,POR,-22.0,False,-3.6000000000000005,0.0,2,1,5,2,10.65370076536676,19.378554759318074,10.157469886346291,18.502734533140504
22400623,2025,01/23/2025,ATL,TOR,-3.0,False,-2.9999999999999996,-1.0,5,4,5,8,9.835132725615015,-4.802384014552004,12.975812923767961,-4.293325185265118
22400624,2025,01/23/2025,MIL,MIA,29.0,False,10.600000000000001,1.0,1,2,3,4,-17.597412399110468,-12.199234321112627,-17.008713793242567,-12.070990973384614
22400625,2025,01/23/2025,OKC,DAL,-6.0,False,17.6,0.0,3,6,4,6,-32.202891103934526,-28.969638901281463,-30.43108711451515,-26.750873084400347
22400626,2025,01/23/2025,DEN,SAC,9.0,False,3.200000000000001,1.0,0,2,3,5,-5.183674169052231,-5.3971344780168256,-5.561909125043157,-6.551955735190761
22400628,2025,01/23/2025,GSW,CHI,25.0,False,-9.399999999999999,-2.0,3,1,3,2,23.41517842789088,10.477393054322533,23.48177806266815,8.433673683866903
22400629,2025,01/23/2025,LAL,BOS,21.0,False,-7.7,1.0,0,1,1,2,-3.9616976361464857,-1.11195562795705,-3.616007204422039,-0.34249695627782195
22400630,2025,01/24/2025,CHA,POR,-5.0,False,0.8999999999999999,1.0,2,2,6,7,-6.440476664841107,24.6678339933624,-5.781102464581146,24.682375368861763
22400631,2025,01/24/2025,PHI,CLE,3.0,False,-11.4,1.0,6,2,8,5,22.69968528964742,13.431146136506712,22.910601089523233,14.270285222269607
22400632,2025,01/24/2025,MEM,NOP,13.0,False,2.3000000000000003,-1.0,3,4,5,5,-20.96890024696727,-0.0597144109334522,-24.35847518405014,-5.0981361313784745
22400633,2025,01/25/2025,SAS,IND,-38.0,False,-7.3,0.0,0,0,0,2,0.0,-6.872213580646218,0.0,-7.444401265592196
22400634,2025,01/25/2025,MIN,DEN,29.0,False,-7.299999999999999,1.0,1,0,2,1,13.324338464924152,13.250577183770336,12.737237137645405,10.917298768800052
22400635,2025,01/25/2025,DAL,BOS,-15.0,False,-2.9000000000000004,0.0,4,1,4,3,46.09663723384981,39.15005757335747,46.111037171171034,39.11060500741185
22400636,2025,01/25/2025,BKN,MIA,-9.0,False,-12.5,1.0,3,2,5,4,9.341345208068766,10.329339095592701,9.813275074571145,10.46986626543962
22400637,2025,01/25/2025,CHA,NOP,31.0,False,-2.8000000000000003,0.0,5,1,5,4,36.28297930461359,11.025273899683476,35.81750011335582,10.973833233711225
22400638,2025,01/25/2025,ORL,DET,8.0,False,-17.3,-1.0,2,1,5,2,0.07743014606107046,13.317010314477088,-0.38220458676453894,14.375547014517931
22400639,2025,01/25/2025,ATL,TOR,-23.0,False,0.0,0.0,3,6,5,7,-10.021476202029689,1.5126565483380077,-9.07913101308689,2.4966050693628006
22400640,2025,01/25/2025,CLE,HOU,-4.0,False,-1.0,-2.0,3,1,5,5,8.869727487682715,7.1416753012963525,4.606027744038483,1.6106661281212382
22400641,2025,01/25/2025,NYK,SAC,23.0,False,-7.4,1.0,0,2,1,3,-5.211079748131144,-6.882725773668419,-5.591314395394857,-7.374929969094253
22400642,2025,01/25/2025,CHI,PHI,-12.0,False,6.700000000000001,1.0,2,5,3,6,-25.901966968629004,-26.494283722808063,-22.550191480165488,-24.19537416987906
22400643,2025,01/25/2025,MEM,UTA,22.0,False,6.9,-2.0,3,5,4,6,-15.94065885601179,-11.736918502471866,-16.388567489612097,-12.334930592691869
22400644,2025,01/25/2025,GSW,LAL,-10.0,False,-8.6,0.0,2,0,4,4,22.913786557693754,7.710762570791836,23.17414178393827,6.198832534350949
22400645,2025,01/25/2025,PHX,WAS,10.0,False,22.1,1.0,0,3,5,8,-17.37141507301877,-9.91575853571577,-17.501697922482848,-8.66523378049309
22400646,2025,01/25/2025,LAC,MIL,10.0,False,0.3000000000000007,0.0,2,2,5,3,-12.9525955820613,-1.3563465292869417,-10.195185089571348,0.669846799679533
22400647,2025,01/26/2025,POR,OKC,-10.0,False,-15.9,-1.0,1,3,6,3,-3.4332619183144697,8.18546638705402,-4.261076691422609,6.901460990949889
22400648,2025,01/27/2025,CHA,LAL,-5.0,False,-0.19999999999999996,0.0,4,0,4,5,28.343668957408525,1.2971507202290873,29.696056737564643,1.7359670053266427
22400649,2025,01/27/2025,CLE,DET,19.0,False,-1.4000000000000001,0.0,3,1,4,1,12.16000527363893,16.875660095836384,11.682475293758031,14.415928626440714
22400650,2025,01/27/2025,BOS,HOU,-2.0,False,-2.0,0.0,0,1,3,5,-11.296254961520917,-2.157837811783832,-12.042013458873573,1.187267413110959
22400651,2025,01/27/2025,BKN,SAC,-14.0,False,-18.4,0.0,4,2,4,5,38.43158482272539,26.155144254973447,37.9727540746531,25.26431358140389
22400652,2025,01/27/2025,MIA,ORL,6.0,False,9.700000000000001,0.0,1,2,4,7,-5.656657253252522,5.918894508073066,-5.292414630582803,5.463705580632606
22400653,2025,01/27/2025,NYK,MEM,37.0,False,-6.799999999999999,0.0,0,2,0,2,-11.103456455524347,-11.103456455524347,-11.531307256868057,-11.531307256868057
22400654,2025,01/27/2025,TOR,NOP,9.0,False,2.4000000000000004,0.0,1,1,8,5,4.346363027652485,14.401423172098553,4.133701059905647,15.151982190288905
22400655,2025,01/27/2025,CHI,DEN,8.0,False,-14.7,0.0,2,0,3,4,18.75876757354522,4.279266364094234,20.804885542482822,6.671243854434657
22400656,2025,01/27/2025,MIN,ATL,8.0,False,12.2,0.0,1,3,2,6,-25.760014549281145,-50.227198433190246,-26.255038833243198,-54.1918583150908
22400657,2025,01/27/2025,DAL,WAS,22.0,False,16.9,0.0,5,2,5,3,38.74985669036451,32.76514716980246,37.87182901966616,32.705572216803844
22400658,2025,01/27/2025,UTA,MIL,-15.0,False,-15.9,0.0,4,1,6,4,24.307713651298492,21.545998913684514,24.055644057705294,19.915484142810435
22400659,2025,01/27/2025,PHX,LAC,2.0,False,-7.200000000000001,0.0,1,3,6,5,-4.646068026267085,14.386243226180081,-8.276274674032495,14.630475884482177
22400660,2025,01/28/2025,PHI,LAL,14.0,False,-8.2,2.0,5,1,5,2,45.415227543365496,41.48497640031745,44.530386237261666,40.32391820773124
22400661,2025,01/28/2025,GSW,UTA,11.0,False,3.3000000000000007,2.0,2,6,5,6,-36.21348875082571,-12.889836248912488,-35.11404110220075,-9.045935701256987
22400662,2025,01/28/2025,POR,MIL,13.0,False,-15.4,1.0,0,2,3,3,-21.52310156602336,-8.306126019547424,-21.400558575281334,-9.170021555658522
22400663,2025,01/29/2025,CHA,BKN,-21.0,False,15.4,0.0,6,3,6,4,30.679389405082,24.315774880637413,29.21387713255892,21.683140405871242
22400664,2025,01/29/2025,IND,DET,14.0,False,9.2,1.0,0,1,4,1,-12.564826917401021,18.56143662427483,-12.659673805010103,19.569213482836588
22400665,2025,01/29/2025,WAS,TOR,-24.0,False,-21.8,0.0,3,4,4,7,1.1775774045535172,-11.300066690641764,1.3913085607901863,-12.128223481942172
22400666,2025,01/29/2025,BOS,CHI,22.0,False,5.3,0.0,0,2,3,2,-25.908556031174854,-10.369176663934352,-22.86999374217477,-5.119193020940266
22400667,2025,01/29/2025,MIA,CLE,-20.0,False,-4.1,0.0,2,5,4,6,-24.671961515160834,-19.35072750820634,-20.11714347958043,-14.779346399255346
22400668,2025,01/29/2025,NYK,DEN,10.0,False,1.0999999999999996,0.0,0,0,2,3,0.0,-2.6941318598909616,0.0,-1.7990346694724852
22400669,2025,01/29/2025,PHI,SAC,13.0,False,-9.6,-1.0,4,2,6,5,39.14809542680702,40.16840039088074,36.652818307037535,38.92412179904829
22400670,2025,01/29/2025,NOP,DAL,-1.0,False,-2.7,0.0,3,4,5,6,-26.67865122847101,-20.974264503721553,-24.699192954708877,-20.273312306466487
22400671,2025,01/29/2025,SAS,LAC,-12.0,False,-17.3,1.0,1,2,5,4,-5.391364797785364,0.3700330805501899,-9.33808749437947,-1.6765772321222947
22400672,2025,01/29/2025,PHX,MIN,-8.0,False,-3.3000000000000003,0.0,0,1,3,3,-13.121071707115657,-13.414437723391043,-12.542926785711407,-7.710888601091874
22400673,2025,01/29/2025,GSW,OKC,7.0,False,-14.899999999999999,-2.0,2,2,5,2,13.132752730873332,32.07399786152142,13.495257166962412,33.31287329285088
22400674,2025,01/30/2025,WAS,LAL,-38.0,False,-18.5,-1.0,3,1,3,4,1.2212593249967973,-14.869470084893624,1.6105228415648263,-14.015430393374057
22400675,2025,01/30/2025,CLE,ATL,22.0,False,7.199999999999999,-2.0,3,3,3,3,-11.0413116878549,-11.0413116878549,-13.441617050536848,-13.441617050536848
22400676,2025,01/30/2025,MEM,HOU,1.0,False,-1.2000000000000002,0.0,2,1,5,5,-0.030947506766953126,-3.8909018110546825,-0.3404840133551925,-5.912274761062207
22400677,2025,01/30/2025,UTA,MIN,-25.0,False,-15.6,1.0,3,1,6,2,-1.6960968680192146,1.514732199296425,-1.2701337621128292,1.0516121471031958
22400678,2025,01/30/2025,POR,ORL,29.0,False,7.800000000000001,-1.0,0,1,3,3,-9.997369113391212,-0.6413582952996606,-9.518853402551455,-1.4111964412513665
22400679,2025,01/31/2025,CHA,LAC,-8.0,False,-12.9,0.0,5,2,6,5,50.16115309286665,37.62055241989205,46.22441415824019,33.896813505320594
22400680,2025,01/31/2025,DET,DAL,15.0,False,-0.7,0.0,2,4,2,6,-22.574609186104112,-26.02091915446306,-19.717608556550488,-24.401561189366866
22400681,2025,01/31/2025,PHI,DEN,-3.0,False,-8.7,0.0,5,0,6,4,51.49600288416205,37.886633681615294,48.803833982967625,36.681600650568065
22400682,2025,01/31/2025,TOR,CHI,-16.0,False,13.6,0.0,3,2,7,5,-14.679035878339121,0.9145545758382596,-12.123502546252489,1.3148586227588268
22400683,2025,01/31/2025,NOP,BOS,-2.0,False,-9.0,0.0,4,0,5,4,24.303658097238923,30.282074652841455,24.22975946951817,32.620791532398115
22400684,2025,01/31/2025,SAS,MIL,26.0,False,-15.6,-1.0,0,1,1,2,-14.960904738835323,-11.09781028297818,-14.640837981831954,-11.621986853400085
22400685,2025,01/31/2025,GSW,PHX,-25.0,False,-4.199999999999999,0.0,2,0,3,1,21.727558265724443,12.281453471242086,21.974435111407296,12.048052046258976
22400686,2025,02/01/2025,IND,ATL,5.0,False,15.100000000000001,1.0,0,3,4,5,-34.19957913651321,-25.67715352688511,-36.14259930357957,-28.9845673083171
22400687,2025,02/01/2025,UTA,ORL,14.0,False,2.0999999999999996,0.0,2,1,6,6,-4.228815584674344,-6.715744209932879,-3.856745758931929,-10.012721208990428
22400688,2025,02/01/2025,CHA,DEN,-3.0,False,-4.7,0.0,5,2,6,5,21.138128497192795,10.99037546877664,23.619984628509506,13.476171695419467
22400689,2025,02/01/2025,HOU,BKN,-12.0,False,13.7,-1.0,1,3,2,5,-21.871509841732596,-11.572136514367884,-21.109917391234703,-11.29716231153511
22400690,2025,02/01/2025,MIN,WAS,-2.0,False,27.8,0.0,2,2,4,5,15.880669092853559,29.524118923368043,16.611494216645525,30.240848303404835
22400691,2025,02/01/2025,OKC,SAC,34.0,False,11.6,0.0,4,1,4,3,32.75216905338596,25.504698118764185,36.50720376024546,29.379729215263517
22400692,2025,02/01/2025,NYK,LAL,-16.0,False,2.0999999999999996,1.0,0,2,0,3,-27.96600407670618,-34.7371425995763,-27.72452624229744,-33.768075349448225
22400693,2025,02/01/2025,SAS,MIA,-2.0,False,-1.2000000000000002,-2.0,0,2,4,4,-23.59579569187037,1.0785068596589227,-23.214661289999697,-0.16723637897846544
22400694,2025,02/01/2025,POR,PHX,19.0,False,-3.0,1.0,0,0,3,1,0.0,4.5927476521968025,0.0,3.608762043654819
22400695,2025,02/02/2025,DET,CHI,8.0,False,5.1000000000000005,0.0,1,1,3,4,6.865979347629016,-15.318205159019094,7.032276270881686,-14.650816418901087
22400696,2025,02/02/2025,CLE,DAL,43.0,False,9.7,1.0,3,4,4,8,-20.86645767591323,-59.79434750744193,-22.93997353973076,-62.44461818311079
22400697,2025,02/02/2025,TOR,LAC,7.0,False,-8.2,0.0,3,3,8,6,-13.60382473473389,-8.575176156617328,-15.024201234868075,-8.67624228031984
22400698,2025,02/02/2025,PHI,BOS,-8.0,False,-11.5,0.0,4,0,7,5,40.98147723884996,38.55930685119555,38.48705287373488,33.99343939901739
22400699,2025,02/02/2025,MIL,MEM,-13.0,False,-1.7999999999999998,-1.0,1,2,2,5,4.1373471561882855,-16.3173531948513,3.3798171823699175,-17.542328318070815
22400700,2025,02/03/2025,CHA,WAS,-10.0,False,15.9,0.0,4,2,6,5,24.805725370724865,25.230177818338806,25.955778949026794,25.3012518028521
22400701,2025,02/03/2025,DET,ATL,-2.0,False,4.8,-1.0,1,3,3,5,-21.510330816832926,-18.06025987792682,-23.35490957586782,-22.109681779923207
22400702,2025,02/03/2025,NYK,HOU,6.0,False,6.3,0.0,1,2,1,5,-9.934507855240327,-35.89313828505633,-7.57545417093689,-35.0958499907416
22400703,2025,02/03/2025,MEM,SAS,19.0,False,11.7,-1.0,2,0,4,3,22.28606250544093,25.088829662469564,20.483762553334152,22.799480299144818
22400704,2025,02/03/2025,MIN,SAC,-2.0,False,11.7,0.0,2,1,3,6,29.310668188526925,0.16380128121712545,29.14032872640347,-0.9664538870838157
22400705,2025,02/03/2025,OKC,MIL,29.0,False,7.7,1.0,1,3,4,5,-57.78244202566315,-52.02725885575835,-58.869743907675854,-48.465100406894955
22400706,2025,02/03/2025,DEN,NOP,12.0,False,4.7,-1.0,2,2,4,5,1.668234906492632,-0.08294451246472079,0.3877029064087516,0.6222576760270044
22400707,2025,02/03/2025,UTA,IND,-1.0,False,-17.3,0.0,2,0,6,4,5.862765942555672,2.9948281354370927,5.751782850223069,1.0841291616862776
22400708,2025,02/03/2025,GSW,ORL,5.0,False,11.100000000000001,1.0,1,1,5,5,1.7947675245846018,7.621934682478159,1.5831760582401593,6.315867348912555
22400709,2025,02/03/2025,POR,PHX,2.0,False,3.3000000000000003,0.0,0,0,8,5,0.0,1.9901566838067808,0.0,-1.363969242069544
22400710,2025,02/04/2025,CLE,BOS,-7.0,False,1.8000000000000007,0.0,3,0,6,5,19.926894625351665,16.625785643207745,16.4065365730824,12.902387251993026
22400711,2025,02/04/2025,BKN,HOU,2.0,False,-10.0,2.0,4,3,4,5,8.538376388188126,1.0273160673558408,7.420775551833188,-1.1570358696631047
22400712,2025,02/04/2025,PHI,DAL,2.0,False,0.7999999999999998,0.0,1,3,5,9,-15.039103577324468,-31.888988939217455,-14.20283586661687,-31.87614831073555
22400713,2025,02/04/2025,TOR,NYK,-6.0,False,0.7000000000000002,1.0,2,1,7,2,1.6866208127074938,24.51949537156633,-0.66752123047279,20.036561319983324
22400714,2025,02/04/2025,CHI,MIA,9.0,False,0.09999999999999964,-1.0,1,2,4,4,-17.81131825411429,0.5685699439174172,-17.502208415962418,-0.32673115975166667
22400715,2025,02/04/2025,LAC,LAL,-25.0,False,-3.0999999999999996,-1.0,0,0,3,4,0.0,-29.001215961061607,0.0,-27.626870654158775
22400716,2025,02/04/2025,POR,IND,23.0,False,0.8999999999999995,0.0,0,0,3,1,0.0,6.4334272638216525,0.0,4.8603612808201575
22400717,2025,02/05/2025,CHA,MIL,-10.0,False,-4.0,0.0,4,0,6,3,41.96851882650724,3.358377238034052,41.904932503279355,3.1910132354258636
22400718,2025,02/05/2025,DET,CLE,-3.0,False,-13.6,1.0,1,3,2,5,-7.16933788619942,-23.67108022061872,-3.5762217026408454,-20.071311744631007
22400719,2025,02/05/2025,ATL,SAS,-1.0,False,-0.39999999999999947,0.0,3,1,5,7,25.63989133605506,10.62598890386553,27.99534533695472,12.40929331804523
22400720,2025,02/05/2025,BKN,WAS,-17.0,False,5.100000000000001,-1.0,3,2,3,4,8.539251418487755,-14.550992953265183,10.484946456407155,-12.422447532146663
22400721,2025,02/05/2025,PHI,MIA,-7.0,False,2.9,0.0,1,1,4,2,1.6642141992405364,14.435289831728937,0.20550072769299277,14.02582703328246
22400722,2025,02/05/2025,TOR,MEM,-31.0,False,-3.1999999999999993,-1.0,3,2,6,2,17.631755846716374,33.09925389631914,20.383583799856147,35.133761905613355
22400723,2025,02/05/2025,MIN,CHI,19.0,False,10.9,1.0,2,2,3,5,18.671827947350675,-6.809776297166991,16.872082115607657,-7.5176095068637
22400724,2025,02/05/2025,OKC,PHX,31.0,False,10.600000000000001,0.0,2,0,2,3,16.23875741252649,-20.38224466795848,16.56936484095604,-21.713554163560616
22400725,2025,02/05/2025,UTA,GSW,3.0,False,-6.699999999999999,0.0,3,1,4,7,7.77362634172373,-27.771294421707793,7.0406125899842475,-30.256914823324262
22400726,2025,02/05/2025,DEN,NOP,25.0,False,9.0,0.0,2,2,3,5,1.621865179170694,-15.773764110022725,0.3746917767526945,-16.14862838497025
22400727,2025,02/05/2025,SAC,ORL,-19.0,False,10.9,0.0,1,0,5,1,1.6495070517144887,20.94895722993559,1.7887704772770243,22.407502407868897
22400728,2025,02/06/2025,BOS,DAL,-7.0,False,11.5,0.0,0,3,3,6,-31.313787127903552,-29.947356650465604,-29.763435962344992,-27.90179555146588
22400729,2025,02/06/2025,MIN,HOU,13.0,False,8.5,-1.0,2,2,4,5,6.620828288026228,-1.9070974092970445,6.443844468694287,-3.182074401654134
22400730,2025,02/06/2025,DEN,ORL,22.0,False,15.8,0.0,2,0,4,3,25.65072477214819,33.667553536678234,23.41411701379145,30.13240092322021
22400731,2025,02/06/2025,LAL,GSW,8.0,False,13.899999999999999,1.0,0,5,5,6,-40.75782275058646,-2.6960155269342465,-42.395003192195254,-4.630244558837397
22400732,2025,02/06/2025,POR,SAC,6.0,False,17.1,1.0,0,2,6,6,-4.918103361679778,0.6160216102094225,-4.719152416688615,-0.9781903392343168
22400733,2025,02/06/2025,LAC,IND,-7.0,False,-2.4,0.0,3,0,8,4,17.03939099295658,17.235807079462102,18.139247014512677,19.846243752265128
22400734,2025,02/07/2025,CHA,SAS,1.0,False,3.9000000000000004,0.0,2,1,7,8,10.730486880758097,26.834959578675516,11.252291119120335,25.494735589290926
22400735,2025,02/07/2025,WAS,CLE,-10.0,False,-24.6,0.0,1,6,6,6,-28.362314160505477,10.040111255836614,-27.51302030571575,10.011091752145262
22400736,2025,02/07/2025,ATL,MIL,5.0,False,-7.0,0.0,3,0,5,4,30.80203349809249,-5.107146042934382,31.593113891280126,-2.8017047497962224
22400737,2025,02/07/2025,BKN,MIA,16.0,False,-1.7999999999999998,0.0,3,0,4,3,30.0866795176171,4.020426536644948,29.928484829050635,3.540008982806448
22400738,2025,02/07/2025,DET,PHI,13.0,False,1.6999999999999997,0.0,1,0,3,4,12.604619931583985,15.1547481466377,12.69976720085122,14.157325823820997
22400739,2025,02/07/2025,OKC,TOR,12.0,False,12.700000000000001,0.0,3,2,4,7,-9.133318954729575,-26.416799740457794,-9.143848759750654,-25.074891283725652
22400740,2025,02/07/2025,PHX,UTA,8.0,False,6.200000000000001,0.0,0,3,5,4,-27.13805770815284,23.08187277098887,-24.656713527836267,27.390624543878417
22400741,2025,02/08/2025,DAL,HOU,11.0,False,-2.9,0.0,2,2,5,5,-5.538648099176044,-2.193727662528701,-6.666886587209721,-4.22707417757228
22400742,2025,02/08/2025,LAL,IND,7.0,False,9.200000000000001,0.0,0,1,5,4,-14.189288839781119,48.25297177896401,-14.700355544008408,42.95592185232612
22400743,2025,02/08/2025,ORL,SAS,1.0,False,-3.5999999999999996,1.0,0,1,5,8,-7.30475616649378,-7.895711592709315,-6.942120399121644,-6.605233459449359
22400744,2025,02/08/2025,WAS,ATL,-14.0,False,-4.1,0.0,3,2,5,9,10.207385773913966,-23.04079513992754,9.973473321926381,-28.71971895514605
22400745,2025,02/08/2025,CHI,GSW,-21.0,False,-0.6999999999999993,1.0,0,1,3,5,-11.599449723935384,-20.526378688451445,-10.921157533667069,-20.244498798404628
22400746,2025,02/08/2025,MEM,OKC,-13.0,False,-2.5999999999999996,2.0,1,4,3,5,-29.326931384048535,-25.1212469516745,-29.162633301338058,-25.359476536543013
22400747,2025,02/08/2025,MIN,POR,16.0,False,-2.1000000000000014,0.0,2,3,5,6,23.268842895908612,49.751880350896826,25.001922603816936,48.422120788142344
22400748,2025,02/08/2025,NYK,BOS,-27.0,False,0.0,1.0,0,2,1,3,-15.317266013535999,-19.89641910136983,-15.35969560881378,-17.198763861438067
22400749,2025,02/08/2025,PHX,DEN,-17.0,False,-7.9,-1.0,2,2,4,4,7.5007566038636995,9.123046830778407,9.846798929228079,12.043681705341456
22400750,2025,02/08/2025,SAC,NOP,5.0,True,1.3999999999999995,-1.0,0,2,6,5,-23.95375083492641,-20.7310576370886,-22.96349233480052,-19.81153182726191
22400751,2025,02/08/2025,LAC,UTA,20.0,False,6.699999999999999,1.0,1,4,5,5,-55.00305887238615,-35.96106303463449,-53.707131499045104,-33.57862944023597
22400752,2025,02/09/2025,DET,CHA,10.0,False,5.300000000000001,0.0,1,3,4,8,-11.569944688993031,-45.97472769818022,-11.371843539373321,-44.790819764982324
22400753,2025,02/09/2025,HOU,TOR,7.0,False,-6.6000000000000005,-1.0,4,2,5,7,11.716397425972541,-12.77358294660327,11.123104334112703,-12.676283186450782
22400754,2025,02/09/2025,MIL,PHI,8.0,False,-0.5999999999999996,0.0,1,0,3,5,30.49527985325041,15.580769999463715,31.371608964091067,14.002053571472626
22400755,2025,02/10/2025,CLE,MIN,21.0,False,-1.3000000000000007,1.0,3,2,4,3,-5.292196848745263,-3.3383231329195553,-9.301631674236955,-7.366381045884427
22400756,2025,02/10/2025,ORL,ATL,-6.0,False,-3.5,0.0,0,1,5,8,-14.84220140233608,-29.255952000439414,-14.49499484011274,-30.590406435706456
22400757,2025,02/10/2025,WAS,SAS,-10.0,False,-6.8999999999999995,0.0,2,1,3,5,19.258900681822716,12.770813017003054,18.05479631122355,11.533250519923499
22400758,2025,02/10/2025,BKN,CHA,8.0,False,-0.2999999999999998,2.0,2,3,3,8,-10.583140853847258,-29.367062804001158,-9.877213540730345,-28.791295356025355
22400759,2025,02/10/2025,MIA,BOS,-18.0,False,-9.3,1.0,1,2,4,5,-3.129750619650684,10.730121515740201,-3.279291046375805,11.772434160677832
22400760,2025,02/10/2025,MIL,GSW,-14.0,False,-5.1,-1.0,1,1,2,3,16.457508270845757,1.1130403916508698,17.981900459286628,2.1291352781198434
22400761,2025,02/10/2025,OKC,NOP,36.0,False,23.2,0.0,4,4,4,5,-16.48416235360242,-23.74351604347879,-15.121571121177393,-21.889031389164007
22400762,2025,02/10/2025,DAL,SAC,-1.0,False,4.800000000000001,0.0,3,1,6,6,33.61078161879667,37.89795236342209,32.14849034891531,36.881540175934134
22400763,2025,02/10/2025,DEN,POR,29.0,False,-4.9,0.0,2,2,4,5,20.763961182480905,20.018505526615698,20.426941141883248,17.814328833975644
22400764,2025,02/11/2025,PHI,TOR,-3.0,False,1.1,0.0,1,2,7,6,-26.937733571688746,-19.587318583308694,-28.00970291496313,-18.370537854347923
22400765,2025,02/11/2025,IND,NYK,-13.0,False,-0.6000000000000001,0.0,0,0,3,2,0.0,3.7027840205026195,0.0,2.0544517950200714
22400766,2025,02/11/2025,CHI,DET,-40.0,False,-7.1,1.0,1,1,2,2,-2.207496034301151,-0.43802539687560227,-2.1070858214714363,0.1468634632989314
22400767,2025,02/11/2025,PHX,MEM,-7.0,False,-7.1,0.0,3,1,4,4,18.48994536024618,7.048491905860203,19.137427016374968,8.55415477486542
22400768,2025,02/10/2025,LAL,UTA,19.0,False,23.3,0.0,1,1,3,3,-10.040329792606194,-8.130176323679215,-8.078037717684682,-6.033863397282152
22400769,2025,02/12/2025,BOS,SAS,13.0,False,7.5,0.0,2,1,4,2,7.285780856773716,22.811255105357876,7.721438867325791,24.94671216386908
22400770,2025,02/12/2025,ORL,CHA,16.0,False,-3.3,0.0,0,4,2,9,-44.1112181122884,-51.60797118626395,-43.103007883063775,-51.16250641452042
22400771,2025,02/12/2025,WAS,IND,-4.0,False,-10.4,1.0,1,2,3,4,-5.883793319821002,-10.591899478491964,-7.595929496080826,-11.642344430614418
22400772,2025,02/12/2025,BKN,PHI,4.0,False,-0.8,1.0,2,3,3,6,-6.906048334653143,-23.597004578972555,-4.058770166023482,-19.20678676717731
22400773,2025,02/12/2025,NYK,ATL,1.0,False,10.0,-1.0,0,3,2,8,-32.66619626359278,-41.05987226325068,-32.095349252554776,-41.26406710883434
22400774,2025,02/12/2025,TOR,CLE,-23.0,False,-13.0,-1.0,1,3,5,4,-4.503794125342967,10.071023133130929,0.10602753075809446,12.223668752395639
22400775,2025,02/12/2025,CHI,DET,-18.0,False,-15.4,0.0,1,0,5,4,9.083708900773097,2.3194029665147085,9.275943603965693,5.41760670135853
22400776,2025,02/12/2025,MIN,MIL,-2.0,False,17.0,0.0,2,1,5,4,-0.4573148419387181,-15.45356599647262,-1.3049394431393324,-15.165611441982406
22400777,2025,02/12/2025,NOP,SAC,-8.0,False,-4.800000000000001,0.0,3,1,6,5,25.9088526899511,28.744028754343713,25.839680532805467,28.680100048840448
22400778,2025,02/12/2025,OKC,MIA,14.0,False,23.8,0.0,4,1,5,5,27.99398586192395,-0.6340248570322871,27.513515682087462,-1.400031497661395
22400779,2025,02/12/2025,HOU,PHX,8.0,False,0.7999999999999998,2.0,2,3,6,5,-24.731600665664534,-20.697745177837888,-22.01839101316605,-18.150885187354667
22400780,2025,02/12/2025,DEN,POR,11.0,False,2.2,0.0,2,3,4,7,-5.435195692563223,0.17157075099366637,-4.756951249427818,1.5325137056018008
22400781,2025,02/12/2025,UTA,LAL,12.0,False,-23.9,0.0,3,3,4,4,4.922258123924086,7.543214690581792,4.572101255112607,6.360024333903237
22400782,2025,02/12/2025,DAL,GSW,4.0,False,-6.6,0.0,4,1,7,3,36.50163063016382,44.87934244051971,35.495500411603565,42.975948685841615
22400783,2025,02/12/2025,LAC,MEM,14.0,False,-4.6,2.0,1,1,4,4,4.819821351890077,-11.272168292704379,3.636256482768374,-12.704639586322987
22400784,2025,02/13/2025,HOU,GSW,-7.0,False,-3.2,0.0,3,1,4,3,19.419909708421493,3.9071328350788477,21.176410689006353,4.598931398772756
22400785,2025,02/13/2025,NOP,SAC,7.0,False,-7.699999999999999,0.0,6,1,7,4,47.984690729246246,44.21267603694644,49.47040952388091,44.97109638534768
22400786,2025,02/13/2025,DAL,MIA,5.0,False,5.1,0.0,5,3,8,5,37.19674426849169,41.68254872706133,34.25967134209917,39.77573715304373
22400787,2025,02/13/2025,MIN,OKC,15.0,False,-10.400000000000002,0.0,2,4,4,5,2.8887577277289047,28.871495156833845,1.6144618181664008,26.458379152902147
22400788,2025,02/20/2025,IND,MEM,14.0,False,-4.6000000000000005,0.0,0,1,2,2,-4.067678656583553,-3.601672950794886,-4.471497613671367,-3.978058692648359
22400789,2025,02/20/2025,PHI,BOS,-20.0,False,-12.0,0.0,3,2,5,2,12.118519441952643,21.14868988641978,11.41509515858651,20.963733790248977
22400790,2025,02/20/2025,ATL,ORL,-6.0,False,0.5,0.0,3,1,6,5,24.248547043788044,25.07580355468568,23.744128823464163,23.30210762954899
22400791,2025,02/20/2025,BKN,CLE,-13.0,False,-15.1,0.0,4,2,4,2,16.594773957387858,16.594773957387858,21.56260048280017,21.56260048280017
22400792,2025,02/20/2025,NYK,CHI,2.0,False,16.4,0.0,1,1,2,4,16.680255112974777,19.91879027540325,13.485146974027167,17.889418003815408
22400793,2025,02/20/2025,MIL,LAC,6.0,False,-9.2,0.0,1,2,4,8,8.668433006668558,-11.574415036970127,8.163951854277116,-10.81836398310206
22400794,2025,02/20/2025,DEN,CHA,14.0,False,19.4,0.0,1,4,4,9,-37.54079388645743,-49.48559550258575,-36.691279435253975,-48.37307312137093
22400795,2025,02/20/2025,SAS,PHX,11.0,False,0.7999999999999998,0.0,2,0,6,5,33.046428565227274,23.864205723629553,33.12737766661918,24.226645217443377
22400796,2025,02/20/2025,POR,LAL,-8.0,False,-7.6,0.0,4,2,7,6,-6.015438203052412,-9.126310156077409,-8.67306622786062,-11.575116425818642
22400797,2025,02/21/2025,CLE,NYK,37.0,False,11.2,0.0,1,1,1,1,-18.06740071090577,-18.06740071090577,-18.3885372360428,-18.3885372360428
22400798,2025,02/21/2025,ORL,MEM,-1.0,False,-5.5,0.0,1,1,5,6,6.431678195091171,-5.418725773085026,5.931714671851746,-3.296220001932113
22400799,2025,02/21/2025,WAS,MIL,-3.0,False,-1.9000000000000004,2.0,1,3,3,3,-32.507552465861664,-28.34186023012733,-31.063481796398456,-26.704590026194072
22400800,2025,02/21/2025,TOR,MIA,-9.0,False,0.5999999999999996,0.0,1,1,3,4,13.434175292115434,2.579781809815234,14.420306395754071,2.5685227425350448
22400801,2025,02/21/2025,HOU,MIN,6.0,False,-10.4,0.0,1,2,6,5,-13.747399970198618,-14.896525535683665,-14.336887091452445,-12.211950644830942
22400802,2025,02/21/2025,SAS,DET,-15.0,False,-6.6,-2.0,1,0,1,0,24.824919173472953,24.824919173472953,25.31030168813323,25.31030168813323
22400803,2025,02/21/2025,DAL,NOP,8.0,False,11.1,0.0,3,3,7,7,20.37614618059779,13.930356358132343,19.34186908468954,13.446073969974009
22400804,2025,02/21/2025,UTA,OKC,-23.0,False,-21.6,0.0,3,1,6,2,14.16526057553465,22.945326437581734,13.542375301840007,21.332458034467816
22400805,2025,02/21/2025,SAC,GSW,-24.0,True,-7.4,0.0,0,0,3,0,0.0,10.30473996319497,0.0,10.591553778907095
22400806,2025,02/22/2025,CHI,PHX,-4.0,False,-2.6999999999999993,0.0,2,0,5,6,16.625532166714823,9.564528704924008,17.020678811813987,12.001716626569706
22400807,2025,02/22/2025,PHI,BKN,-2.0,False,-6.1,0.0,3,3,8,3,-12.807487646178526,8.918218741462944,-12.82300364584138,10.218107897249979
22400808,2025,02/22/2025,DEN,LAL,-23.0,False,2.5999999999999996,0.0,1,0,2,3,8.727333176333689,5.021973914061104,8.51933201905966,4.581017889788892
22400809,2025,02/22/2025,UTA,HOU,9.0,False,-3.9999999999999996,0.0,4,4,6,4,-3.8367715897370296,15.084615923740472,-7.511042763548051,12.933368848533668
22400810,2025,02/22/2025,POR,CHA,53.0,False,12.7,0.0,4,3,5,7,2.6945276021786277,-4.226679908596321,-0.3008281047942951,-7.867065201669231
22400811,2025,02/23/2025,BOS,NYK,13.0,False,11.3,1.0,2,0,5,2,4.080431785741357,10.271008310244275,4.134402242833087,9.844389147803632
22400812,2025,02/23/2025,GSW,DAL,24.0,False,6.3,0.0,0,3,1,5,-45.85114198838437,-42.191621205770105,-44.4546940338486,-38.469133416432285
22400813,2025,02/23/2025,IND,LAC,18.0,False,2.9,0.0,0,2,2,6,-5.789949641306263,-33.58541870027231,-6.494938736839661,-33.86303214759159
22400814,2025,02/23/2025,ATL,DET,-5.0,False,-11.6,1.0,3,0,6,2,35.46347744825618,37.7562865539589,34.84374750054527,37.853308993546534
22400815,2025,02/23/2025,ORL,WAS,20.0,False,3.9000000000000004,0.0,1,4,1,5,-24.757889972589716,-36.68037276994964,-23.65452687065936,-35.10157112336035
22400816,2025,02/23/2025,TOR,PHX,18.0,False,-1.2000000000000002,1.0,0,0,3,2,0.0,16.059180812055697,0.0,15.663884889322045
22400817,2025,02/23/2025,MIL,MIA,7.0,False,0.0,0.0,2,1,2,5,14.792645981411933,-7.511582979799279,14.73663064653137,-8.397010766279504
22400818,2025,02/23/2025,NOP,SAS,18.0,False,-9.6,0.0,3,1,6,1,1.2169376687877858,16.54453981091023,0.3340012555988494,15.398681418036187
22400819,2025,02/23/2025,CLE,MEM,6.0,False,19.1,0.0,1,1,4,5,0.5121189058274132,10.706066106670832,-1.9906950515597694,6.797956283056507
22400820,2025,02/23/2025,MIN,OKC,-7.0,False,-11.5,0.0,3,0,4,4,44.926045200283696,28.786201602206617,44.00589230434528,25.97689135399642
22400821,2025,02/24/2025,DET,LAC,9.0,False,12.4,0.0,1,5,4,8,-36.764147529538235,-31.687230882922687,-36.35153220549447,-31.34847491764149
22400822,2025,02/24/2025,IND,DEN,-9.0,False,-9.3,-1.0,0,1,4,3,-8.821830529834939,10.00411920323648,-8.611577188704691,8.638415583102898
22400823,2025,02/24/2025,PHI,CHI,-32.0,False,4.300000000000001,0.0,3,3,6,4,-12.786325296230558,-8.506393876204257,-14.914163159842877,-12.189523958180168
22400824,2025,02/24/2025,WAS,BKN,8.0,False,-9.1,-1.0,2,3,3,3,-5.693374476065969,-3.8111115161956874,-6.19204543066418,-4.298747624952075
22400825,2025,02/24/2025,ATL,MIA,12.0,False,5.8,0.0,3,2,6,5,20.246641562616812,16.517319141127032,19.113503870778057,16.745915317503623
22400826,2025,02/24/2025,OKC,MIN,-3.0,False,16.099999999999998,0.0,1,3,4,4,-27.664434866956636,-20.866380692014076,-28.79194022751156,-22.280099067185432
22400827,2025,02/24/2025,UTA,POR,-2.0,False,-10.5,0.0,6,5,7,7,32.81194936670299,31.42545343338673,35.891032673684634,34.15114224523203
22400828,2025,02/24/2025,SAC,CHA,42.0,True,4.4,1.0,0,4,2,9,-34.48096263360452,-47.21252402249392,-34.37986071562557,-47.07425478829775
22400829,2025,02/25/2025,TOR,BOS,-10.0,False,-19.9,0.0,2,3,4,6,-16.150557350875843,-24.120696891889608,-13.761151488228574,-22.315205106290588
22400830,2025,02/25/2025,ORL,CLE,-40.0,False,-15.700000000000001,0.0,1,1,2,2,6.201960638457161,-8.423369437634506,8.027720680516076,-4.778655474694995
22400831,2025,02/25/2025,HOU,MIL,3.0,False,-1.4,1.0,0,2,4,3,-19.555390344443044,3.5945367320822292,-19.612460107014037,3.6497540528535772
22400832,2025,02/25/2025,MEM,PHX,3.0,False,12.6,0.0,1,0,6,5,4.284052129125225,8.522659196653354,4.709351571128392,7.720462190818509
22400833,2025,02/25/2025,NOP,SAS,6.0,False,-2.5,0.0,3,2,6,3,-5.900331101814217,5.735564569203376,-5.74144315983397,6.959366697180741
22400834,2025,02/25/2025,GSW,CHA,36.0,False,22.0,1.0,0,5,1,10,-36.67378257542192,-53.388335486554865,-37.1648530762298,-53.13348785860204
22400835,2025,02/25/2025,LAL,DAL,8.0,False,16.8,1.0,0,3,6,7,-45.82447884704539,-41.108898860643436,-44.42884294838368,-41.544676757716395
22400836,2025,02/26/2025,DET,BOS,20.0,False,0.20000000000000107,1.0,1,1,2,3,-5.957852996337924,-19.877946573210245,-4.239598010101614,-17.347370869923548
22400837,2025,02/26/2025,IND,TOR,20.0,False,6.7,1.0,0,3,3,4,-10.58552027241739,-12.326681417086785,-12.177952275528513,-14.665905630037802
22400838,2025,02/26/2025,NYK,PHI,5.0,False,4.0,1.0,0,4,2,8,-36.48063980421291,-20.872677641516923,-34.82321962620217,-17.97226340309757
22400839,2025,02/26/2025,WAS,POR,-8.0,False,-6.5,0.0,1,5,3,7,-20.44888847562364,-10.614093386690744,-18.151362413721312,-8.787735459090811
22400840,2025,02/26/2025,BKN,OKC,-8.0,False,-12.0,0.0,3,2,3,4,28.929724517128705,19.735302466506084,28.028402642206483,17.62554451683176
22400841,2025,02/26/2025,MIA,ATL,22.0,False,-8.4,0.0,1,3,3,6,-24.81319463219679,-23.559355312886687,-23.797331586407374,-24.752842824429266
22400842,2025,02/26/2025,CHI,LAC,-5.0,False,-2.9,0.0,3,3,6,8,16.698654205603102,18.483624234368897,19.071067167964216,22.965424676592193
22400843,2025,02/26/2025,UTA,SAC,-17.0,False,-2.0999999999999996,0.0,4,2,6,5,30.69479689208608,28.784645857692535,32.660169085015006,30.646165925000922
22400844,2025,02/26/2025,HOU,SAS,12.0,False,2.6999999999999997,0.0,2,2,2,2,-11.09266839484853,-11.09266839484853,-9.521855684017787,-9.521855684017787
22400845,2025,02/27/2025,ORL,GSW,-6.0,False,-12.799999999999999,0.0,1,0,5,2,10.780719241260416,6.977729048799995,10.67575694282761,8.556939577301131
22400846,2025,02/27/2025,MIL,DEN,9.0,False,-13.4,-1.0,2,1,4,4,10.700057591167813,12.039416604285126,10.967018433471946,11.047578656161598
22400847,2025,02/27/2025,DAL,CHA,7.0,False,15.5,0.0,3,3,6,9,26.260516498904256,5.020721497225665,24.346389005996116,2.1731925207636635
22400848,2025,02/27/2025,PHX,NOP,-8.0,False,-2.0,0.0,1,5,4,7,-37.63396503038295,-25.156001053148454,-35.49844902238294,-23.06867763660559
22400849,2025,02/27/2025,LAL,MIN,9.0,False,11.2,-1.0,0,2,6,4,-33.005557170334065,-18.304093411503956,-32.58928922612998,-18.255179101730153
22400850,2025,02/28/2025,DET,DEN,-15.0,False,1.8000000000000007,1.0,0,1,0,2,-8.777536472928091,-20.439120644103987,-8.568338805382298,-21.00652970645921
22400851,2025,02/28/2025,ATL,OKC,-16.0,False,-12.2,0.0,3,4,4,4,17.40596136203263,21.911788446683456,16.9029138726549,21.952643835573724
22400852,2025,02/28/2025,BOS,CLE,-7.0,False,-9.999999999999998,-1.0,0,1,5,5,-4.404470795428751,12.642277959492336,-2.475117414559262,18.23127474315985
22400853,2025,02/28/2025,BKN,POR,-19.0,False,-3.2,0.0,3,4,3,6,-0.8144845505097393,-21.798262189555217,0.37029004200282145,-23.103219403760157
22400854,2025,02/28/2025,MIA,IND,5.0,False,-5.5,0.0,1,1,4,3,-2.545833990539263,8.45924090581412,-1.2669470916777659,10.811460302595776
22400855,2025,02/28/2025,CHI,TOR,10.0,False,2.0999999999999996,0.0,1,3,4,4,-4.396622637297064,10.851536300053247,-4.595862420294943,14.579966807304864
22400856,2025,02/28/2025,MEM,NYK,-1.0,False,8.7,1.0,0,1,5,2,-3.4809535637168603,16.830450485134293,-3.2671600103321077,15.462670933287932
22400857,2025,02/28/2025,PHX,NOP,17.0,False,-3.5999999999999996,0.0,2,4,4,5,-36.09108686669795,-29.260520942972903,-35.06686444004399,-27.80145953110136
22400858,2025,02/28/2025,UTA,MIN,1.0,False,-9.0,1.0,3,3,5,5,-36.23785469507048,-25.527613757457736,-32.703768993457956,-22.572394238901097
22400859,2025,02/28/2025,LAL,LAC,4.0,False,14.0,-1.0,1,2,6,9,6.330572102538787,-14.508924919096696,4.482764145661494,-15.574991769228632
22400860,2025,03/01/2025,CHA,WAS,-13.0,False,-16.1,-1.0,4,3,10,4,-5.637807143132601,17.320800642271713,-6.043980249119581,17.62163867205367
22400861,2025,03/01/2025,DET,BKN,21.0,False,14.5,0.0,0,5,0,5,-43.44347826086957,-43.44347826086957,-42.990865893006145,-42.990865893006145
22400862,2025,03/01/2025,HOU,SAC,-10.0,False,-2.5,0.0,0,2,5,4,-7.426743802361055,6.320459709692459,-7.291406616668422,10.100975941119028
22400863,2025,03/01/2025,MEM,SAS,-2.0,False,5.7,-2.0,0,2,6,4,-34.16974046394304,17.112793861269544,-33.592513001681844,20.111071350154283
22400864,2025,03/01/2025,PHI,GSW,7.0,False,-20.9,1.0,3,0,8,2,25.896398120475254,16.714166795417484,24.691698964571547,14.15724687400888
22400865,2025,03/01/2025,DAL,MIL,-15.0,False,-1.5999999999999999,0.0,3,2,6,4,26.054740196626927,27.05828161913055,24.61139669116262,26.54443655981342
22400866,2025,03/02/2025,BOS,DEN,7.0,False,-3.5999999999999996,0.0,0,1,5,4,-8.764455264759585,8.065716537972339,-8.555569365583649,7.836029696305914
22400867,2025,03/02/2025,CLE,POR,4.0,False,10.600000000000001,0.0,2,4,5,6,-7.227380974939621,-2.6965779700684323,-9.066244554223726,-6.130291530046051
22400868,2025,03/02/2025,IND,CHI,15.0,False,6.3999999999999995,0.0,1,3,3,5,-23.113082401761833,-29.637002498835102,-28.45270628705338,-35.8135057701066
22400869,2025,03/02/2025,MIA,NYK,-4.0,False,1.4,0.0,1,1,5,3,6.915988630763799,19.74586209237946,7.519192097098795,21.335462450061428
22400870,2025,03/02/2025,ORL,TOR,-2.0,False,8.799999999999999,1.0,1,3,4,5,-3.1345442457095487,-9.226833190362061,-2.8670765651191594,-7.39415487640591
22400871,2025,03/02/2025,SAS,OKC,-14.0,False,-15.399999999999999,-1.0,2,2,2,3,8.460722954310114,5.549995373481838,11.15489879689185,8.470766710186808
22400872,2025,03/02/2025,UTA,NOP,-7.0,False,-1.0999999999999996,0.0,6,2,7,6,43.47923770089082,29.440830480548733,43.30823166209689,29.185624749823504
22400873,2025,03/02/2025,PHX,MIN,-18.0,False,-4.3999999999999995,0.0,0,1,2,2,-17.44821586066527,-13.922691596372523,-16.587453160902545,-11.48454904167185
22400874,2025,03/02/2025,LAL,LAC,6.0,False,12.5,0.0,3,1,7,7,31.754697346150987,16.51886676803838,26.34413193203321,10.48282713803782
22400875,2025,03/03/2025,CHA,GSW,-18.0,False,-31.1,0.0,2,0,7,0,8.858920950508764,29.617739027694316,9.105051731247922,30.346487367677458
22400876,2025,03/03/2025,PHI,POR,-17.0,False,-10.7,1.0,3,4,7,4,-9.943728908919624,20.337987000771903,-11.411183527796783,18.013866479124886
22400877,2025,03/03/2025,MIA,WAS,16.0,False,-0.8999999999999999,-1.0,2,3,5,4,-4.052174225660732,21.40827904271105,-3.3794105286537928,23.065549799839435
22400878,2025,03/03/2025,MEM,ATL,-2.0,False,0.5999999999999999,-1.0,0,4,6,5,-43.28485359004364,-11.573344760757024,-42.1314241866605,-7.2056931272429665
22400879,2025,03/03/2025,OKC,HOU,9.0,False,12.700000000000001,-1.0,1,1,4,6,-3.019943208008131,-57.42905850421021,-3.596309744161987,-58.89733287137462
22400880,2025,03/03/2025,DAL,SAC,-24.0,False,-3.3000000000000003,0.0,3,2,6,3,22.232109125918605,29.929942312044787,20.019320858822162,28.981641268755187
22400881,2025,03/03/2025,UTA,DET,-28.0,False,-20.6,-1.0,5,1,5,2,25.137678667713935,15.911775847223645,27.41271633360948,18.22596080738988
22400882,2025,03/04/2025,IND,HOU,13.0,False,5.4,1.0,0,1,2,3,-11.578931581702527,-4.4315250466591,-11.451009806786386,-5.542348234444804
22400883,2025,03/04/2025,ORL,TOR,-1.0,False,3.4,0.0,1,4,5,5,-11.070202446888914,-1.8793324429448646,-11.427055285257186,0.6209536607543207
22400884,2025,03/04/2025,ATL,MIL,-6.0,False,-3.9,-2.0,3,2,6,4,15.651592417745093,16.990542342571008,14.981540655786908,17.8648782195477
22400885,2025,03/04/2025,NYK,GSW,-12.0,False,-18.4,1.0,1,1,3,3,-5.338666053341784,8.545779235618983,-4.937221330657782,9.722372619076772
22400886,2025,03/04/2025,CHI,CLE,-22.0,False,-24.599999999999998,0.0,3,1,6,2,16.019884791750897,43.36651262880923,21.717320693997813,52.992091865943394
22400887,2025,03/04/2025,MIN,PHI,14.0,False,10.299999999999999,1.0,1,4,2,7,-24.473895303565715,-35.23314442854582,-23.16797730852762,-35.426859922468594
22400888,2025,03/04/2025,SAS,BKN,14.0,False,0.0,-1.0,2,2,2,4,20.247108384379235,9.560512939193579,19.13190947193324,7.883018915013707
22400889,2025,03/04/2025,PHX,LAC,2.0,False,-6.2,0.0,1,3,5,8,-30.118882407967636,-31.386019803103103,-28.941847099620304,-27.61017141848606
22400890,2025,03/04/2025,LAL,NOP,21.0,False,10.8,0.0,4,2,6,4,22.913917292090336,16.044099695028795,18.198494343149306,11.529915306195345
22400891,2025,03/05/2025,BOS,POR,10.0,False,4.300000000000001,1.0,0,2,5,5,-25.683709869203334,15.66240606248929,-25.37101021107827,19.67439311785587
22400892,2025,03/05/2025,CHA,MIN,-15.0,False,-22.099999999999998,1.0,2,2,9,5,-17.969916693365896,7.217633636030328,-16.31199742126325,7.2824887352236445
22400893,2025,03/05/2025,CLE,MIA,5.0,False,19.1,-1.0,0,4,5,5,-43.87058413164708,-36.512955450032024,-45.429014404230145,-43.071953666257635
22400894,2025,03/05/2025,WAS,UTA,3.0,False,1.3999999999999995,0.0,3,7,5,8,-38.30771710235225,-34.62699525565616,-37.20936718696416,-32.22980996659023
22400895,2025,03/05/2025,MEM,OKC,-17.0,False,-15.0,0.0,1,4,4,4,-15.762225576482566,1.5940351016754128,-13.092532194374396,4.773814736570632
22400896,2025,03/05/2025,DEN,SAC,6.0,False,0.7999999999999998,1.0,1,1,5,5,-16.77296287974461,-20.60373213300269,-16.721437288866163,-18.66463032619826
22400897,2025,03/05/2025,MIL,DAL,30.0,False,7.6,-1.0,3,6,4,9,-45.57519458289027,-53.82542960797282,-45.14627630133791,-53.27683428366139
22400898,2025,03/05/2025,LAC,DET,8.0,False,-15.299999999999999,-1.0,4,1,8,4,28.795032353563585,27.169042892274764,29.20591929468332,28.766067974429696
22400899,2025,03/06/2025,ATL,IND,6.0,False,-7.2,0.0,3,0,6,3,34.95196984602343,8.195104225805466,34.34117857557699,11.048811829678534
22400900,2025,03/06/2025,BOS,PHI,18.0,False,18.9,-1.0,4,4,5,7,11.085639957621545,0.9781765210110365,15.125179063435077,4.781133911784387
22400901,2025,03/06/2025,BKN,GSW,-2.0,False,-18.3,0.0,1,0,4,1,7.250208569976139,16.174581862292825,7.444422142551168,15.388149119392052
22400902,2025,03/06/2025,NOP,HOU,-12.0,False,-3.2,0.0,3,1,6,6,12.52522944201907,8.586226773966644,12.266079294931249,6.221621665269055
22400903,2025,03/06/2025,LAL,NYK,4.0,False,15.600000000000001,0.0,3,1,7,3,20.28346336238339,19.174526070088426,17.086387077134653,15.250185653114997
22400904,2025,03/07/2025,CHA,CLE,-1.0,False,-40.0,0.0,3,0,8,5,24.365616232367596,23.922706207661285,24.631273856058264,27.84958610037133
22400905,2025,03/07/2025,TOR,UTA,9.0,False,0.7000000000000002,1.0,5,4,6,6,19.05530072068833,21.42028524211117,19.872972241716624,21.457813525227607
22400906,2025,03/07/2025,DAL,MEM,-11.0,False,-3.3,0.0,7,1,9,7,59.09899827097969,44.44848271503933,58.5189769916401,41.62659266780966
22400907,2025,03/07/2025,MIA,MIN,-2.0,False,-3.5,0.0,2,0,4,5,22.91217872665421,9.551323021201902,23.99265911257889,11.95301939535518
22400908,2025,03/07/2025,OKC,POR,18.0,False,5.3,0.0,5,3,6,4,50.910631828099326,54.791684975002184,50.73728671278717,51.07088256596642
22400909,2025,03/07/2025,DEN,PHX,8.0,False,11.2,-1.0,1,1,5,5,2.3650027940435123,4.18592722865634,2.236208163432879,3.888124554486552
22400910,2025,03/07/2025,SAC,SAS,18.0,False,11.1,-1.0,2,2,3,2,5.1420315477086405,7.381302571303536,6.622023612664137,8.50025172149492
22400911,2025,03/07/2025,LAC,NYK,10.0,False,2.6,1.0,2,3,7,4,-5.954925988002508,5.095318782813102,-8.739459996964655,3.006181200678469
22400912,2025,03/08/2025,CHA,BKN,3.0,False,-14.4,-1.0,4,3,9,4,15.083769164586602,34.40003540758262,14.430238592693762,33.161075606013696
22400913,2025,03/08/2025,HOU,NOP,29.0,False,1.3,0.0,2,4,2,5,-16.28461572775776,-23.580963105076798,-15.552903291984563,-22.354850557110296
22400914,2025,03/08/2025,ATL,IND,2.0,False,-8.1,0.0,2,0,5,2,25.684992833863124,17.70079724941729,25.27635573290125,19.194190711380177
22400915,2025,03/08/2025,TOR,WAS,-1.0,False,1.1999999999999997,-2.0,5,2,7,4,28.431209232548103,31.23032064660106,31.834856673588305,33.96989057329464
22400916,2025,03/08/2025,MIA,CHI,-5.0,False,7.9,-1.0,1,1,5,5,-0.33598423401347155,-17.952984158556895,-1.2349467933246796,-21.008260080375287
22400917,2025,03/08/2025,MIL,ORL,-2.0,False,7.699999999999999,1.0,2,1,5,4,8.512392728906635,18.592967246090684,8.674807513660253,15.937280147122419
22400918,2025,03/08/2025,BOS,LAL,10.0,False,-0.8000000000000007,0.0,1,1,7,7,-8.955379284296434,-1.867089336289581,-7.9054998263648475,0.3037478940110887
22400919,2025,03/08/2025,GSW,DET,5.0,False,-1.5,-1.0,0,0,1,3,0.0,0.350048521085947,0.0,-0.31654403187081037
22400920,2025,03/09/2025,OKC,DEN,24.0,False,4.1000000000000005,0.0,0,1,2,3,-5.840412749539915,-10.351355613978228,-6.904144616575536,-11.204078800675394
22400921,2025,03/09/2025,DAL,PHX,-9.0,False,-3.700000000000001,0.0,7,1,9,4,65.22235497066028,64.13151020901299,63.1595947598077,61.66657802391225
22400922,2025,03/09/2025,MIL,CLE,-12.0,False,-8.5,-1.0,2,0,2,1,19.23905803064143,14.858016284245462,19.29520462012694,16.833253292927772
22400923,2025,03/09/2025,NOP,MEM,-3.0,False,0.0,-1.0,4,2,5,6,25.6215101481304,14.760211247693505,23.748853221145506,11.827234440119817
22400924,2025,03/09/2025,PHI,UTA,4.0,False,-2.5,1.0,5,6,7,7,-10.37999514342114,-6.720412717799263,-11.642110136966707,-7.556867577417876
22400925,2025,03/09/2025,MIN,SAS,17.0,False,11.3,0.0,0,2,2,2,-35.16543769475959,-29.125468379744262,-34.57138997639106,-29.103668211341212
22400926,2025,03/09/2025,POR,DET,-7.0,False,-4.000000000000001,1.0,2,0,6,3,25.699316989302474,31.26107850415718,25.38642731419216,31.49130238692481
22400927,2025,03/09/2025,LAC,SAC,1.0,False,-10.100000000000001,0.0,2,2,6,4,-14.991245697283059,-4.859029197486578,-17.174869415364256,-6.334186193358541
22400928,2025,03/10/2025,ATL,PHI,9.0,False,6.699999999999999,1.0,2,5,6,9,-27.103359704653162,-23.03186135090167,-25.691955839427692,-16.411508991516513
22400929,2025,03/10/2025,BOS,UTA,6.0,False,15.700000000000001,1.0,1,4,6,6,-24.153902080851307,13.666986836501238,-22.477739276450514,15.688252549845416
22400930,2025,03/10/2025,BKN,LAL,3.0,False,-14.299999999999999,0.0,3,4,4,7,-25.11062684045981,-23.781705652807496,-21.77842113282577,-20.81809787489908
22400931,2025,03/10/2025,MIA,CHA,-3.0,False,21.3,0.0,1,3,3,7,-3.4872560916948636,-10.48921868168296,-3.4066527165207106,-9.983751463428309
22400932,2025,03/10/2025,TOR,WAS,15.0,False,-0.6999999999999997,0.0,5,5,6,6,-1.4779091087334137,5.28835042382471,1.5827264520676962,7.159314272175045
22400933,2025,03/10/2025,CHI,IND,18.0,False,-7.9,0.0,1,0,3,2,10.209902075439832,4.446980150095502,11.48261177730018,7.473503370595282
22400934,2025,03/10/2025,HOU,ORL,13.0,False,2.2,0.0,2,1,3,2,10.302009119849936,19.772204366655846,10.411174651094626,18.765020228494684
22400935,2025,03/10/2025,MEM,PHX,2.0,False,1.0,0.0,3,1,7,5,21.71925984139755,39.50841235281933,22.62004188806128,36.91849843707391
22400936,2025,03/10/2025,OKC,DEN,-13.0,False,13.3,0.0,1,2,2,5,-14.352958316290845,-18.9478489198498,-16.13035922777728,-21.516198022363263
22400937,2025,03/10/2025,SAS,DAL,-4.0,False,2.8,0.0,2,7,3,10,-33.858900315469995,-35.47071281038342,-33.581615475633,-35.318881639080445
22400938,2025,03/10/2025,GSW,POR,10.0,False,7.499999999999999,1.0,1,2,3,6,-10.254751400589612,-14.505939579631473,-11.442570001819847,-12.598552841776993
22400939,2025,03/10/2025,SAC,NYK,-29.0,False,14.399999999999999,-2.0,1,2,2,2,0.4801230258653746,5.51525123230563,2.130869528663613,8.970169281542184
22400940,2025,03/11/2025,CLE,BKN,5.0,False,23.0,1.0,1,2,5,4,-4.247993302032386,21.99801607209851,-3.4711716503886674,21.830623586474573
22400941,2025,03/11/2025,DET,WAS,20.0,False,11.8,1.0,0,2,0,5,-21.558085364137007,-34.3246616032735,-20.882420827620038,-31.509802432039827
22400942,2025,03/11/2025,IND,MIL,1.0,False,-1.9000000000000004,-1.0,0,1,3,4,-14.285714285714283,-16.69021054043906,-14.485211598295548,-15.154944643700775
22400943,2025,03/11/2025,NOP,LAC,7.0,False,-2.9999999999999996,0.0,3,2,7,5,5.327152034506831,12.188331825582175,5.905866731701252,12.525590951151749
22400944,2025,03/06/2025,ORL,CHI,-2.0,False,7.2,0.0,1,1,4,5,0.3610999508534327,-24.684368744620535,-1.0474220322153265,-27.60769811740588
22400945,2025,03/12/2025,ATL,CHA,13.0,False,15.499999999999998,0.0,3,4,5,8,16.097075101198,6.364287254925486,15.588122486085961,7.898568285175671
22400946,2025,03/12/2025,BOS,OKC,-6.0,False,-2.999999999999999,0.0,1,3,6,5,-21.397452984052244,-12.54232956540114,-21.329557861676925,-11.578535659426556
22400947,2025,03/12/2025,TOR,PHI,13.0,False,10.1,0.0,5,5,8,8,-3.615116000959503,15.179708831819525,0.32534726888181353,17.525722146111733
22400948,2025,03/12/2025,MIA,LAC,-15.0,False,2.7,1.0,1,3,4,3,-28.761574184834448,-12.71467330898539,-28.60354594090029,-12.097611881847364
22400949,2025,03/12/2025,HOU,PHX,7.0,False,5.9,0.0,2,0,2,4,21.291107590273782,-7.898675348922133,21.293235245116268,-8.829660272073667
22400950,2025,03/12/2025,MEM,UTA,7.0,False,5.8,0.0,2,3,6,6,8.591955254473884,9.909363692950421,9.915056047535469,12.560900957396857
22400951,2025,03/12/2025,SAS,DAL,10.0,False,1.3999999999999986,0.0,2,6,2,9,-21.83985323744885,-41.43525836616931,-22.226662191643975,-41.424381505603165
22400952,2025,03/12/2025,DEN,MIN,-20.0,False,-4.3999999999999995,-1.0,1,0,4,2,5.772314270443612,21.0565250819779,6.823643157515684,23.63774359603098
22400953,2025,03/12/2025,POR,NYK,-1.0,False,8.5,0.0,3,2,6,4,-3.1558330036454834,15.032983780238379,-4.565454663449305,13.47597485361096
22400954,2025,03/13/2025,DET,WAS,-4.0,False,13.899999999999999,0.0,0,2,3,6,-21.443444544483633,-20.69615410718594,-20.771373032809485,-19.378343887785505
22400955,2025,03/13/2025,MIL,LAL,20.0,False,-1.7999999999999998,-1.0,1,3,2,5,-30.720191977856697,-31.388293017955323,-26.397027179327658,-27.970390255502654
22400956,2025,03/13/2025,CHI,BKN,6.0,False,9.4,1.0,1,2,5,4,-3.8535994023415725,25.777871361564074,-3.057209976526055,24.558201034365542
22400957,2025,03/13/2025,GSW,SAC,26.0,False,8.6,0.0,1,0,1,1,15.28955174880111,-8.389164593924715,13.79978080225003,-10.956012109785195
22400958,2025,03/14/2025,MIA,BOS,-12.0,False,-4.3999999999999995,0.0,2,1,5,6,12.305720323469753,-11.31005290713042,13.38094156700912,-9.784954455645263
22400959,2025,03/14/2025,PHI,IND,-12.0,False,-12.600000000000001,-1.0,6,0,12,2,56.072905396884394,92.71308772241096,55.26581567423631,89.92649675123012
22400960,2025,03/14/2025,ATL,LAC,-23.0,False,-1.6,0.0,3,1,4,2,9.629371213766943,12.381042244074191,11.399400676050302,14.228115940377972
22400961,2025,03/14/2025,HOU,DAL,37.0,False,15.5,0.0,2,5,3,8,-34.78923861534007,-46.97218601840199,-34.10179753120812,-47.17008518868608
22400962,2025,03/14/2025,MEM,CLE,-9.0,False,-14.1,-1.0,1,1,2,1,-6.550469874090293,-4.788756438378542,-5.793339759083445,-3.8800294029463167
22400963,2025,03/14/2025,MIN,ORL,7.0,False,9.5,1.0,0,1,5,4,-11.22718268691001,-12.680675852751754,-11.117873570016124,-14.842448209847632
22400964,2025,03/14/2025,SAS,CHA,-11.0,False,7.6000000000000005,0.0,3,4,3,8,34.6504569931434,16.689601834356687,34.449506075402866,17.256766589083
22400965,2025,03/14/2025,DEN,LAL,5.0,False,-7.4,1.0,1,4,4,7,-61.476221814022864,-63.93076430343855,-55.14300056678338,-58.86574719746346
22400966,2025,03/14/2025,UTA,TOR,-8.0,False,-9.899999999999999,0.0,4,5,6,7,-8.738606221008126,-2.828661280502601,-13.142355982372813,-7.732359452600484
22400967,2025,03/14/2025,PHX,SAC,16.0,False,-6.1,1.0,0,0,4,2,0.0,21.142918511762648,0.0,22.76004369950014
22400968,2025,03/15/2025,BKN,BOS,-2.0,False,-12.3,1.0,5,1,6,6,43.61873342221582,18.32678098195,43.81119424113853,21.15214493066921
22400969,2025,03/15/2025,DET,OKC,-6.0,False,-2.3,-1.0,0,3,3,4,-37.72204981967625,-36.49348618893296,-36.53119258142986,-34.67376654714242
22400970,2025,03/15/2025,HOU,CHI,3.0,False,5.3999999999999995,-1.0,3,2,6,5,15.496990879836439,1.0317728937201451,14.125527108157726,1.5787533957901871
22400971,2025,03/15/2025,MEM,MIA,34.0,False,-0.2,0.0,1,2,5,4,-3.6918837269094826,12.56007468586273,-4.62513198026584,12.138623995998728
22400972,2025,03/15/2025,MIL,IND,7.0,False,4.800000000000001,1.0,1,0,3,3,14.4332083073783,12.154436778705369,14.63476534622563,11.566816712998106
22400973,2025,03/15/2025,SAS,NOP,4.0,False,1.8000000000000007,-1.0,3,4,3,6,4.834027286777022,-5.069145459148942,5.187458347435225,-4.689379917427836
22400974,2025,03/15/2025,GSW,NYK,3.0,False,16.8,-1.0,1,2,3,4,-9.283521552412308,-4.187129112312078,-10.060813901821275,-3.631453007087309
22400975,2025,03/15/2025,DEN,WAS,-3.0,False,4.6,-1.0,1,3,5,7,-20.22620515417187,-14.153198008451291,-16.49772715100686,-9.389995426272286
22400976,2025,03/16/2025,DAL,PHI,-5.0,False,-2.4000000000000004,0.0,5,9,9,11,-21.42987475537859,-8.404981338204976,-19.594287467962346,-6.486151350882352
22400977,2025,03/16/2025,LAL,PHX,11.0,False,1.5999999999999999,0.0,2,1,7,5,25.273278634395886,21.079680935683314,21.615461597337465,16.604166267011703
22400978,2025,03/16/2025,BKN,ATL,8.0,False,-5.4,-1.0,4,2,6,5,16.838766127561314,15.916244676083743,16.59114394023508,13.535941987322069
22400979,2025,03/16/2025,CLE,ORL,-5.0,False,14.0,0.0,0,0,4,2,0.0,31.09761184331994,0.0,26.43889338719579
22400980,2025,03/16/2025,POR,TOR,3.0,False,-1.1,1.0,2,4,6,7,-9.3590959604065,-16.13286965549169,-13.302028535269237,-21.404776573949746
22400981,2025,03/16/2025,MIN,UTA,26.0,False,17.4,0.0,1,5,2,7,-30.515801500912055,-36.828764858122334,-30.835915356196566,-37.847005919873325
22400982,2025,03/16/2025,MIL,OKC,-16.0,False,-3.5999999999999996,0.0,1,4,1,4,-20.588789318389388,-20.588789318389388,-19.983894689767858,-19.983894689767858
22400983,2025,01/23/2025,LAC,WAS,17.0,False,26.9,-1.0,2,3,3,5,-7.601947241534196,-15.693707056220296,-5.947943553531937,-15.03568154900925
22400984,2025,03/17/2025,NYK,MIA,21.0,False,5.7,0.0,2,2,4,4,7.729270852409627,-4.248308515307851,6.157829174890846,-6.550871170227303
22400985,2025,03/17/2025,HOU,PHI,7.0,False,15.3,1.0,2,9,5,12,-53.99156948932737,-55.36959345291869,-52.10857562253227,-53.5183082595586
22400986,2025,03/17/2025,MIN,IND,-2.0,False,8.600000000000001,-1.0,0,1,5,4,-19.487977143224004,-51.25606969826666,-19.120883733002874,-48.96596007924788
22400987,2025,03/17/2025,NOP,DET,-46.0,False,-14.2,0.0,2,0,4,0,19.71846045193766,29.577690677906492,19.299612356964094,29.13262495365978
22400989,2025,03/17/2025,UTA,CHI,-14.0,False,-12.5,-1.0,6,2,6,5,21.081739113412738,-10.344997307306471,20.39984041797723,-9.022415108158114
22400990,2025,03/17/2025,GSW,DEN,-9.0,False,12.7,0.0,1,1,3,6,8.113091210676838,-62.171725781793576,5.728893486545365,-60.0505376050144
22400991,2025,03/17/2025,PHX,TOR,40.0,False,-2.4,0.0,2,5,2,7,-28.474603688849168,-44.4016231985306,-30.98314601954369,-45.658947697316506
22400992,2025,03/17/2025,SAC,MEM,10.0,False,0.6999999999999997,1.0,0,2,3,6,-21.712231603333514,-37.070197919433824,-21.597328070355545,-37.94152696597331
22400993,2025,03/18/2025,CHA,ATL,-32.0,False,-4.3,1.0,5,4,9,4,1.0517326349719767,26.253007423997204,-2.176309799482496,23.820165185711204
22400994,2025,03/18/2025,BOS,BKN,8.0,False,9.3,1.0,1,3,5,4,-5.334626012052912,12.27607759799234,-6.655068351169735,11.203990287376122
22400995,2025,03/17/2025,POR,WAS,15.0,False,2.4000000000000004,-1.0,3,4,5,7,-1.1678522074701618,-1.1726957067390202,0.9092195978400355,0.4375156947680878
22400996,2025,03/20/2025,LAL,MIL,-29.0,False,-1.6,-1.0,4,2,7,3,53.256957547368685,50.628818185326026,46.76271988278803,44.96030945483539
22400997,2025,03/18/2025,LAC,CLE,13.0,False,-5.7,1.0,1,0,4,1,2.0601308495230484,9.322122108853137,2.5596667305825505,10.24669725799907
22400998,2025,03/19/2025,IND,DAL,4.0,False,13.5,-1.0,0,6,3,9,-62.22448660272666,-50.911271168882834,-61.905155679858886,-52.567787071467365
22400999,2025,03/19/2025,ORL,HOU,-8.0,False,-12.0,1.0,0,3,3,7,-23.77246356303948,-20.936938548889866,-23.86229522528947,-21.079808198140764
22401000,2025,03/19/2025,MIA,DET,-3.0,False,-16.9,0.0,1,0,5,3,10.271405120439109,25.68344887244765,10.673077029155065,27.909865282365264
22401001,2025,03/19/2025,MIN,NOP,-4.0,False,25.4,0.0,0,3,4,6,-34.269582035186886,-32.375723049921156,-34.7279806964361,-33.4254564903264
22401002,2025,03/19/2025,OKC,PHI,33.0,False,18.700000000000003,1.0,4,8,7,11,-5.756540742678325,10.115076884064777,-6.286959922239284,9.702673280812377
22401003,2025,03/19/2025,SAS,NYK,15.0,False,-7.8,1.0,3,2,3,3,28.92892342430498,26.854612797396673,29.43178247813887,27.155720288963394
22401004,2025,02/13/2025,UTA,LAC,-4.0,False,-11.0,0.0,4,2,4,8,22.95320760711747,-3.2919160827413734,19.66741614381543,-8.275112735833261
22401005,2025,03/20/2025,GSW,TOR,3.0,False,7.699999999999999,-1.0,0,4,3,6,-33.341871713351516,-31.563953648533065,-35.46645521683306,-31.7945488042413
22401006,2025,03/19/2025,LAL,DEN,12.0,False,1.5,1.0,2,1,6,5,28.43559309155074,-23.61288298436027,23.939389992462992,-25.7126197774907
22401007,2025,03/19/2025,PHX,CHI,6.0,False,2.8,0.0,3,2,8,5,10.562119905797271,14.957714604417717,7.954645080200475,12.43123330596373
22401008,2025,03/19/2025,POR,MEM,16.0,False,-1.2999999999999998,0.0,3,3,4,4,3.8454159851195584,10.947455069193335,2.7162469343435305,9.923816963241713
22401009,2025,03/19/2025,SAC,CLE,4.0,False,-4.6000000000000005,1.0,1,1,4,4,8.623422269814048,19.445034720647435,7.585136734909476,21.986494738850936
22401010,2025,03/20/2025,CHA,NYK,17.0,False,-9.399999999999999,1.0,2,3,6,5,-20.298187961532342,-4.62644130183654,-20.79927045067213,-6.036298512346313
22401011,2025,03/20/2025,IND,BKN,6.0,False,6.4,-1.0,1,4,2,5,-10.544097938028248,-17.54155285169821,-14.919895819598924,-21.770448708541544
22401012,2025,03/18/2025,GSW,MIL,11.0,False,1.0,-1.0,1,2,1,4,2.0329288580471427,-6.953525975446542,1.2003624040754097,-6.920804676296449
22401013,2025,03/20/2025,SAC,CHI,-12.0,False,-2.1,0.0,1,2,4,6,5.123407887161971,-18.965891528102162,4.284318241096102,-19.13047960044024
22401014,2025,03/21/2025,WAS,ORL,-15.0,False,-3.8,1.0,4,0,6,2,36.446229649375965,35.536971142139066,34.47965286446371,33.37319156538973
22401015,2025,03/21/2025,MIA,HOU,-4.0,False,-17.8,0.0,1,2,4,8,4.3194509069591875,-4.312401643350839,4.338096115860424,-4.484065165948248
22401016,2025,03/21/2025,MIN,NOP,41.0,False,23.0,0.0,0,3,0,5,-43.03669658604389,-52.6353748008471,-43.17165248518664,-53.16051437402338
22401017,2025,03/21/2025,OKC,CHA,35.0,False,18.8,1.0,3,4,3,7,-8.184217392698923,-24.061189229878703,-8.994136119822588,-23.99821562354308
22401018,2025,03/21/2025,SAS,PHI,8.0,False,9.5,0.0,3,8,4,11,-17.3535195144567,-20.997043854130766,-14.734956761655646,-18.928689087791135
22401019,2025,03/21/2025,DAL,DET,6.0,False,-24.299999999999997,0.0,6,0,8,3,61.6107918753649,59.13866090100993,61.294610383120784,59.59999678148567
22401020,2025,03/21/2025,UTA,BOS,-22.0,False,-17.2,0.0,5,2,6,2,16.67423676737687,25.61543397445452,19.214172330366477,27.82988231558357
22401021,2025,03/21/2025,PHX,CLE,11.0,False,-0.8999999999999999,0.0,3,0,9,3,21.98157112394353,47.99338185219678,20.66591580721611,46.95296343133421
22401022,2025,03/21/2025,POR,DEN,19.0,False,2.6,0.0,3,2,6,4,-5.87546373190353,18.460964347665296,-9.023271071178314,13.579500330519153
22401023,2025,03/21/2025,LAC,MEM,20.0,False,4.8,1.0,1,4,2,5,-36.864187952678726,-36.31896363581057,-35.29004120294197,-34.70862167124774
22401024,2025,03/22/2025,IND,BKN,5.0,False,4.0,0.0,0,4,2,6,-30.25211545064979,-40.471749691653436,-31.15648180056106,-40.76625896957346
22401025,2025,03/22/2025,ATL,GSW,9.0,False,-7.0,1.0,2,1,4,2,-2.0063111294335876,4.029402068938506,-0.8954011860503712,6.215793901786746
22401026,2025,03/22/2025,NYK,WAS,19.0,False,5.1000000000000005,1.0,2,5,5,6,-20.71915753404173,-9.668570248918165,-17.628650380817078,-6.143432761292573
22401027,2025,03/22/2025,SAC,MIL,-6.0,False,-8.4,0.0,2,3,4,4,-12.076325846159929,0.48327034732228924,-11.739701273252859,2.6469329210075188
22401028,2025,03/22/2025,LAL,CHI,-31.0,False,-2.4000000000000004,0.0,0,3,3,3,-29.225337713498995,-19.99243823839467,-29.73557096640075,-20.04854468540635
22401029,2025,03/23/2025,DET,NOP,6.0,False,24.0,0.0,1,2,3,6,-12.651554942590426,-25.168148725170013,-13.534746401233047,-28.439648364957712
22401030,2025,03/23/2025,UTA,CLE,-29.0,False,-14.799999999999999,0.0,3,0,5,1,25.526327027373274,30.527625423788965,27.725467606252764,33.370260224017876
22401031,2025,03/23/2025,ATL,PHI,13.0,False,14.1,-1.0,3,9,4,11,-46.743264325226534,-48.4173360484735,-44.026996981592774,-44.88817537141222
22401032,2025,03/23/2025,MIA,CHA,17.0,False,-2.4000000000000004,0.0,1,1,4,6,4.2405239519845175,-1.1266059231332939,5.209695302141673,0.8505752729853668
22401033,2025,03/23/2025,TOR,SAS,-34.0,False,1.4000000000000001,1.0,5,3,6,3,-5.823145192710712,2.8171961186971117,-3.4902133012975227,4.220461796105965
22401034,2025,03/23/2025,POR,BOS,-13.0,False,-6.5,0.0,2,2,5,7,7.682830406570989,-17.178338939257927,7.58114350161085,-18.306554469704515
22401035,2025,03/23/2025,HOU,DEN,-5.0,False,14.399999999999999,0.0,3,2,8,4,-30.141441195476787,-14.625817857864511,-31.92297389605848,-14.601619460504352
22401036,2025,03/23/2025,LAC,OKC,-2.0,False,-7.6,0.0,1,2,3,6,-20.44324139610299,-38.063222417141816,-18.945150262016824,-36.36553494437485
22401037,2025,03/24/2025,IND,MIN,16.0,False,-13.9,-1.0,0,0,1,1,0.0,0.4728029790172086,0.0,0.7898674379352602
22401038,2025,03/24/2025,ORL,LAL,12.0,False,5.9,1.0,0,1,3,6,-1.198757170874314,1.1456899597374601,-1.217441537947446,1.9102547284757811
22401039,2025,03/24/2025,WAS,TOR,-8.0,False,-5.4,1.0,3,4,6,6,-6.718612341337568,1.525224846416286,-10.106598086976152,-2.6202791572530586
22401040,2025,03/24/2025,BKN,DAL,-19.0,False,9.4,-1.0,4,5,5,7,-11.926000164619804,-14.961249936649693,-11.549259519158369,-14.393026656690488
22401041,2025,03/24/2025,NOP,PHI,13.0,False,-4.6,0.0,5,9,6,11,-19.41176238408569,-21.23661033447901,-14.969191976125664,-16.627935814129287
22401042,2025,03/24/2025,DEN,CHI,-10.0,False,-9.5,-1.0,2,3,5,5,8.89064789839512,23.228768214700956,10.010541229521156,22.921146120738037
22401043,2025,03/24/2025,PHX,MIL,2.0,False,0.5999999999999996,1.0,2,3,7,5,-24.78679089606686,-7.723950030781367,-26.550870496050337,-7.890628978738938
22401044,2025,03/24/2025,SAC,BOS,-18.0,False,-15.9,1.0,0,2,3,4,-11.271800236557011,-2.1495471242718054,-11.294866399128109,-2.0196052000370024
22401045,2025,03/25/2025,CHA,ORL,-7.0,False,-10.2,1.0,1,0,5,5,6.030531416776375,-3.5959078288643838,5.4607138202763315,-7.335119064565184
22401046,2025,03/25/2025,DET,SAS,26.0,False,1.7999999999999998,0.0,0,3,1,3,-50.83675845525831,-26.071688270735358,-50.76693016482634,-27.329476922972944
22401047,2025,03/25/2025,MIA,GSW,26.0,False,-13.6,-1.0,1,0,4,1,10.249656179584012,6.855250031750568,10.650477577733653,9.159278101744327
22401048,2025,03/25/2025,NYK,DAL,15.0,False,8.6,2.0,3,6,5,8,-30.71835414247951,-37.19691242895682,-29.68230009075618,-34.80939700842705
22401049,2025,03/25/2025,HOU,ATL,7.0,False,6.8,0.0,3,3,8,3,-15.859477253262419,18.39601913832427,-16.726591333014852,19.359747082708715
22401050,2025,03/25/2025,UTA,MEM,-37.0,False,-11.3,-1.0,4,4,5,6,-5.921118673612231,-5.677428952425991,-3.4060731924950147,-3.278484250075195
22401051,2025,03/25/2025,POR,CLE,-11.0,False,-3.4,0.0,2,2,7,4,3.8047806818204037,19.54017360007788,2.696338705011879,16.697525157546384
22401052,2025,03/25/2025,SAC,OKC,-16.0,False,-22.0,-1.0,1,1,2,4,10.676114881180599,-22.0938669197677,11.917987077860214,-19.644863779633372
22401053,2025,03/26/2025,PHI,WAS,-5.0,False,-1.8000000000000007,0.0,8,6,12,9,11.69476352184882,11.617846807304431,12.869267879922333,12.400402262099576
22401054,2025,03/26/2025,BKN,TOR,-30.0,False,-1.5,0.0,5,5,7,7,-5.108256890158351,4.060688588508647,-3.7584390526985345,4.215843909928033
22401055,2025,03/26/2025,IND,LAL,-1.0,False,10.200000000000001,0.0,0,1,2,7,-1.204410267007129,-11.945241595477354,-1.22318274577278,-11.671170665401194
22401056,2025,03/26/2025,NYK,LAC,-13.0,False,-4.300000000000001,-2.0,3,1,3,2,29.575705620578006,22.779467096787194,29.593488442943894,23.112437094908913
22401057,2025,03/26/2025,DEN,MIL,10.0,False,-7.3999999999999995,0.0,1,4,5,5,-59.715462825392194,-49.73841243682991,-59.40603985329514,-49.50114540291743
22401058,2025,03/26/2025,PHX,BOS,-30.0,False,-4.700000000000001,0.0,2,2,2,3,10.659882255407465,-11.14684400038141,9.284930644658072,-11.819556846931173
22401059,2025,03/27/2025,CLE,SAS,8.0,False,3.9,0.0,2,3,4,3,-23.771698484635994,-7.798279574501954,-25.744161800428138,-9.562839771982063
22401060,2025,03/27/2025,ORL,DAL,-9.0,False,9.3,0.0,0,5,3,7,-47.19877308953424,-41.92694567086295,-47.23637470896702,-40.64280505482137
22401061,2025,03/27/2025,WAS,IND,-53.0,False,-9.9,0.0,6,1,7,1,46.34258920812879,48.374693679407734,41.23518519456843,43.58799121390763
22401062,2025,03/27/2025,MIA,ATL,10.0,False,-10.0,0.0,2,3,5,5,-9.065569116398068,-0.681458029535797,-8.937475725220864,-0.6867493490535068
22401063,2025,03/27/2025,CHI,LAL,2.0,False,17.5,2.0,2,1,6,8,9.65848558573205,13.251321796059631,11.039608484032744,14.476903960937893
22401064,2025,03/27/2025,OKC,MEM,21.0,False,10.4,0.0,2,4,2,4,-20.9197534134773,-20.9197534134773,-21.530078809510076,-21.530078809510076
22401065,2025,03/27/2025,UTA,HOU,-11.0,False,-27.2,0.0,6,3,7,7,37.0112704170612,21.818852041776655,38.92454368878536,22.036796485870184
22401066,2025,03/27/2025,SAC,POR,21.0,False,-10.3,0.0,1,3,2,4,-20.140444514489733,-26.4111740579741,-17.079733226438435,-24.05916706629111
22401067,2025,03/28/2025,DET,CLE,11.0,False,4.6,2.0,1,3,4,3,-2.7307940802708686,22.231838669341425,-3.207446076358142,19.41082252632111
22401068,2025,03/28/2025,BKN,LAC,-32.0,False,-16.4,0.0,2,1,4,1,20.096952098804223,34.19272237225818,19.21329541870735,34.3078152815434
22401069,2025,03/28/2025,TOR,CHA,11.0,False,6.3999999999999995,-1.0,4,3,7,7,8.911071544358734,7.378233640730542,10.40538711576967,9.486389504972053
22401070,2025,03/28/2025,MIL,NYK,-9.0,False,-1.7000000000000002,0.0,3,4,4,4,1.3564293674879195,6.0461307438561604,0.39358147250886333,4.717831106540167
22401071,2025,03/28/2025,MIN,PHX,15.0,False,7.199999999999999,1.0,0,2,5,7,-14.036274135904161,-22.362225891633752,-12.7125812029903,-20.744229358471703
22401072,2025,03/28/2025,NOP,GSW,-16.0,False,-14.1,0.0,3,1,5,2,39.268228357659495,42.60036677122609,39.79672705411368,42.74481985540737
22401073,2025,03/28/2025,DEN,UTA,36.0,False,14.2,1.0,1,5,4,6,-46.29577335942693,-23.182127363204284,-46.71660450082901,-25.56027871058938
22401074,2025,03/29/2025,ORL,SAC,30.0,False,11.200000000000001,0.0,0,1,1,1,-5.644293664736678,5.822748505491201,-7.661237904907606,3.2180704796344264
22401075,2025,03/29/2025,WAS,BKN,-3.0,False,-2.8000000000000007,1.0,6,4,8,7,4.503094832721068,0.3558138479221924,0.8500491047835794,-4.10133633023414
22401076,2025,03/29/2025,PHI,MIA,-23.0,False,-6.9,1.0,6,4,9,4,29.34352311028487,42.338448697369806,25.422632261163194,38.085503608192944
22401077,2025,03/29/2025,CHI,DAL,-1.0,False,13.100000000000001,0.0,2,3,6,6,-2.687152858656134,-4.2921655872358,-3.387881509751594,-4.172280276893126
22401078,2025,03/29/2025,MEM,LAL,-7.0,False,8.5,0.0,2,0,5,7,16.04583799166582,8.241647303526719,14.734214569872158,7.178901158981642
22401079,2025,03/29/2025,OKC,IND,21.0,False,5.5,0.0,3,1,4,2,17.288956709413224,24.991537510648513,18.528321580623178,25.61668513120592
22401080,2025,03/29/2025,SAS,BOS,-10.0,False,-11.0,-1.0,3,1,4,7,47.38695368217472,20.578262668454236,47.41875824160146,20.743165208103086
22401081,2025,03/30/2025,CLE,LAC,5.0,False,-10.0,0.0,2,2,4,4,-3.459346401303776,-2.6606888797315946,-4.348908006192293,-4.524688145053112
22401082,2025,03/30/2025,NYK,POR,17.0,False,5.6,-1.0,4,4,4,5,4.773451394661297,-3.446391221407204,5.754200730302863,-2.7048877699452163
22401083,2025,03/30/2025,MIL,ATL,-21.0,False,-1.7,-1.0,3,3,4,4,14.179203926435058,15.897509934459123,13.774432827102153,15.705976102705613
22401084,2025,03/30/2025,MIN,DET,19.0,False,0.29999999999999893,0.0,0,0,3,2,0.0,-30.232768409095105,0.0,-27.153040946878793
22401085,2025,03/30/2025,NOP,CHA,4.0,False,-3.0999999999999996,0.0,3,5,5,7,4.701929866667591,8.602953034699581,2.153701580071079,6.108726734780511
22401086,2025,03/30/2025,SAS,GSW,-42.0,False,-1.8,-1.0,2,1,3,1,31.35574184794835,39.95029385692488,33.51548655667011,41.41156171665262
22401087,2025,03/30/2025,PHI,TOR,-18.0,False,-12.7,-1.0,6,3,10,7,35.56131917615505,37.648719283607576,33.84255118363458,34.054955449674615
22401088,2025,03/30/2025,PHX,HOU,-39.0,False,-8.2,-1.0,2,3,2,3,-3.7216991159641744,-3.7216991159641744,-4.945572686979604,-4.945572686979604
22401089,2025,03/31/2025,CHA,UTA,4.0,False,10.8,-2.0,3,5,6,7,-28.127428859715412,-28.400832528903955,-28.505261143122873,-28.85378731693872
22401090,2025,03/31/2025,IND,SAC,2.0,False,15.8,0.0,1,2,4,5,4.095986324317353,19.48475482107522,1.159695610760167,15.464465537177404
22401091,2025,03/31/2025,ORL,LAC,-9.0,False,-5.1000000000000005,1.0,0,3,3,4,-18.552317966116252,-4.554467381650614,-18.27568829996311,-2.663266865533462
22401092,2025,03/31/2025,WAS,MIA,-26.0,False,-10.799999999999999,0.0,7,4,9,5,16.17238331026754,12.297613118662873,10.071015245827788,6.424195367102527
22401093,2025,03/31/2025,MEM,BOS,-14.0,False,-11.8,0.0,1,1,2,6,8.045653188767378,-23.988747773835282,7.447447978773015,-24.249218788746603
22401094,2025,03/31/2025,OKC,CHI,28.0,False,6.0,0.0,2,3,2,4,-13.592846680262465,-21.389624776372752,-14.596477289398813,-22.85997582187216
22401095,2025,03/31/2025,DAL,BKN,-4.0,False,6.499999999999999,0.0,5,4,7,7,0.015856578056443027,-7.258095262058639,0.010417879098710614,-7.7656772747346
22401096,2025,03/31/2025,LAL,HOU,6.0,False,-18.6,1.0,0,2,7,8,-5.080309437666591,-12.742205493597051,-4.7655330110599605,-12.142609402315646
22401097,2025,04/01/2025,ATL,POR,-14.0,False,6.9,0.0,3,3,4,5,4.78871628615941,-12.66453462977302,4.933902062160282,-11.949126231641586
22401098,2025,04/01/2025,NYK,PHI,14.0,False,16.099999999999998,0.0,4,5,5,10,-20.49014755961163,-24.688293276742513,-17.118217925896104,-17.48984307822368
22401099,2025,04/01/2025,CHI,TOR,19.0,False,2.9000000000000004,-1.0,6,3,6,6,14.705913019085404,0.5568865774420075,12.885195778469935,-1.2727006871725095
22401100,2025,04/01/2025,MEM,GSW,-9.0,False,-8.6,-1.0,1,1,7,4,0.3405928695699174,6.283741706534304,0.8584204927614199,6.915510397290468
22401101,2025,04/01/2025,MIL,PHX,10.0,False,2.0,0.0,2,2,4,9,5.970304722810784,-31.01452536753054,5.764327017873352,-28.862437703402257
22401102,2025,04/01/2025,DEN,MIN,-1.0,False,-12.200000000000001,1.0,1,3,5,6,-27.883836646154915,2.633056573861424,-23.899700891862324,5.329818823506585
22401103,2025,04/02/2025,CLE,NYK,19.0,False,-2.9000000000000004,2.0,1,5,3,5,-32.3161860389519,-24.382053260543874,-33.74677965669737,-24.83920403932767
22401104,2025,04/02/2025,IND,CHA,14.0,False,14.6,0.0,0,1,3,5,-12.739084016430523,-11.390548811931591,-14.176116274654435,-14.589486934016808
22401105,2025,04/02/2025,WAS,SAC,5.0,False,-6.199999999999999,0.0,6,2,9,5,40.86131794413776,40.19574452098551,36.7368776622159,36.0346436130568
22401106,2025,04/02/2025,BOS,MIA,-21.0,False,9.5,0.0,2,4,4,5,-30.228411026521844,-0.07307219644846441,-31.873879752687685,-3.2550323880563568
22401107,2025,04/02/2025,HOU,UTA,38.0,False,29.9,0.0,2,6,3,6,-41.784458347497306,-26.951672395357072,-44.17021599447964,-27.80415259368565
22401108,2025,04/02/2025,OKC,DET,16.0,False,10.7,-1.0,2,3,4,4,-8.447864095933276,-13.89234021995182,-6.5528239827315975,-12.277450712236622
22401109,2025,04/02/2025,DAL,ATL,2.0,False,-6.6,1.0,5,2,8,3,22.629798955226203,39.366609980592514,21.661467345394378,36.77335747630467
22401110,2025,04/02/2025,DEN,SAS,-7.0,False,4.6,-2.0,1,4,7,5,-51.34350177402993,32.56648730124061,-48.978560351432684,38.258087814216964
22401111,2025,04/02/2025,LAC,NOP,16.0,False,21.6,-1.0,2,4,3,5,-44.46866806034654,-47.34997484385101,-42.9014305350391,-46.11792319928632
22401112,2025,04/03/2025,WAS,ORL,-12.0,False,-18.2,-2.0,6,0,8,3,60.61448344834305,58.46113179943933,56.04365349966388,50.05041311940659
22401113,2025,04/03/2025,BKN,MIN,-15.0,False,-19.4,1.0,5,1,8,2,42.24577310603651,62.1402897473904,42.82349812263492,61.44026450385514
22401114,2025,04/03/2025,MIA,MEM,-2.0,False,9.6,-1.0,3,2,4,7,8.998682417038761,-5.7346706735397746,10.371718090442176,-4.007483409100622
22401115,2025,04/03/2025,PHI,MIL,-13.0,False,-11.200000000000001,0.0,6,2,10,2,32.14669476428927,50.54936805759406,29.9397021920999,47.0657184887299
22401116,2025,04/03/2025,TOR,POR,-9.0,False,-2.8,0.0,3,3,7,5,15.863266424833736,14.184276957113639,13.440792049774426,12.96455429256033
22401117,2025,04/03/2025,LAL,GSW,-7.0,False,-10.8,1.0,0,1,8,3,-10.223203019710807,6.896815253541721,-9.010709875161698,7.128760290817084
22401118,2025,04/04/2025,CHA,SAC,-23.0,False,-3.4000000000000004,0.0,3,1,7,1,17.717188385113342,46.91546680672626,17.353024149352844,50.43412076293552
22401119,2025,04/04/2025,IND,UTA,28.0,False,30.5,0.0,0,6,2,7,-54.19670963457922,-54.76117768073385,-56.31180720250553,-57.39486897677672
22401120,2025,04/04/2025,BOS,PHX,20.0,False,13.8,-1.0,0,2,1,4,-19.51444632848587,-27.292845311887135,-20.05099521696983,-27.422293821701018
22401121,2025,04/04/2025,TOR,DET,-12.0,False,-8.2,-1.0,3,2,6,3,0.4319837395446626,-1.4328319042882214,3.566576547600288,3.6473157178206463
22401122,2025,04/04/2025,CHI,POR,5.0,False,3.6,2.0,2,1,5,5,12.069911578851546,-10.461272532346143,10.444435419408665,-11.770083806696647
22401123,2025,04/04/2025,HOU,OKC,14.0,False,-8.799999999999999,0.0,1,2,4,3,-3.289987032590778,1.2660616481069873,-3.976655277260848,1.2779740318620583
22401124,2025,04/04/2025,SAS,CLE,-1.0,False,-5.699999999999999,0.0,2,2,2,4,13.223886528294003,5.800943866703385,12.978266075216151,6.308017357216816
22401125,2025,04/04/2025,GSW,DEN,14.0,False,3.9000000000000004,-1.0,0,0,0,4,0.0,-29.73459835036209,0.0,-27.191824062817584
22401126,2025,04/04/2025,LAL,NOP,16.0,False,8.4,-1.0,1,4,6,5,-42.065730480281566,-35.503902845377496,-41.67157355130758,-34.22712784308281
22401127,2025,04/04/2025,LAC,DAL,23.0,False,16.2,0.0,3,6,3,8,-27.41483372544842,-48.85276843353262,-27.563011497927633,-48.61513120606612
22401128,2025,04/05/2025,ATL,NYK,-16.0,False,-2.0,0.0,1,2,2,5,-0.5948867443048957,-26.348051515053584,-1.4456489525352563,-26.573158671457193
22401129,2025,04/05/2025,DET,MEM,-6.0,False,8.1,-1.0,1,2,3,6,-0.27264981087941464,-6.702196150275448,-1.5295122660505065,-9.41321931019278
22401130,2025,04/05/2025,PHI,MIN,-5.0,False,-24.9,0.0,5,1,9,5,39.414114664431615,46.79966508361946,37.905361828469616,43.41648412228126
22401131,2025,04/05/2025,MIA,MIL,-6.0,False,10.4,0.0,2,2,4,2,-6.993029184631222,16.9611976655206,-6.443473787015943,17.503083842032364
22401132,2025,04/05/2025,LAC,DAL,31.0,False,15.6,0.0,1,5,1,8,-28.66004836247905,-48.45296022639414,-28.882130761456196,-48.69015272341886
22401133,2025,04/06/2025,CHA,CHI,-14.0,False,-18.0,0.0,3,2,5,4,2.646537214848827,-5.975204017452619,4.185042953500286,-3.3875243231369154
22401134,2025,04/06/2025,BKN,TOR,-11.0,False,-5.0,1.0,6,3,9,6,23.99432417923063,22.988532712391596,26.323311866436832,23.22474974350498
22401135,2025,04/06/2025,OKC,LAL,-27.0,False,21.299999999999997,0.0,2,0,3,5,13.266800724907522,2.867138622091602,12.85985760039358,1.690193174552899
22401136,2025,04/06/2025,ATL,UTA,13.0,False,26.3,-1.0,1,6,4,7,-43.28794411909846,-35.25573457980525,-45.3645125371156,-37.180522307062425
22401137,2025,04/06/2025,BOS,WAS,34.0,False,25.7,-1.0,1,4,3,8,-34.70644275151367,-25.55099554911331,-32.139291924735005,-23.724928990887342
22401138,2025,04/06/2025,CLE,SAC,-7.0,False,7.5,0.0,0,1,4,5,-5.415099329925495,-10.138689505349946,-7.350142765330483,-13.321335110982048
22401139,2025,04/06/2025,POR,SAS,11.0,False,2.5,0.0,1,2,5,3,-21.951094934716814,21.2449907704045,-21.614520587159994,17.50428963079807
22401140,2025,04/06/2025,NYK,PHX,14.0,False,9.2,-1.0,1,1,4,7,-14.951784055492578,-30.308628893406926,-15.906135604635976,-29.487042709074807
22401141,2025,03/13/2025,NOP,ORL,-20.0,False,0.10000000000000009,-1.0,4,1,5,3,26.09598992710109,20.01796156935772,27.132283985788533,20.731119488593496
22401142,2025,04/06/2025,DEN,IND,-5.0,False,-10.9,0.0,0,1,6,4,-17.501278855886547,2.1130889397090193,-18.667702809842318,-1.4708394002044898
22401143,2025,04/06/2025,GSW,HOU,-10.0,True,-5.8999999999999995,0.0,0,0,0,2,0.0,-10.733667081422642,0.0,-10.303590421264758
22401144,2025,04/07/2025,DET,SAC,-10.0,False,9.5,1.0,0,2,3,4,-18.455800402679024,-1.0614527111004648,-19.354067001670426,-3.747909299766281
22401145,2025,04/07/2025,MIA,PHI,12.0,False,25.3,0.0,1,5,4,8,-43.39564724215015,-20.94414907818326,-41.816100421880826,-18.046730977845684
22401146,2025,04/08/2025,CHA,MEM,-24.0,False,-5.2,-1.0,3,1,6,1,12.608395012637487,29.249917802688568,14.868764697297589,31.445742521832532
22401147,2025,04/08/2025,CLE,CHI,22.0,False,-1.7999999999999998,0.0,1,5,3,7,-38.95922955017817,-67.4993513224994,-34.70822290959296,-61.97278679757716
22401148,2025,04/08/2025,IND,WAS,6.0,False,26.7,0.0,0,3,3,7,-26.531720229691544,-41.67620734818545,-25.96401209738923,-41.28873248414553
22401149,2025,04/08/2025,ORL,ATL,7.0,False,0.8999999999999999,1.0,0,1,4,3,-10.76609285587078,-4.384355944578994,-10.797750996870867,-2.2378232914315355
22401150,2025,04/08/2025,BKN,NOP,5.0,False,0.5,-1.0,6,4,8,5,-2.189224731212221,6.794420447744642,-0.18586720244859123,7.97283806969557
22401151,2025,04/08/2025,NYK,BOS,-2.0,False,-9.3,0.0,1,1,4,7,-9.229539128558056,-16.173128072368854,-8.023829750191416,-13.219204519165176
22401152,2025,04/08/2025,MIL,MIN,7.0,False,-8.9,0.0,2,0,4,5,25.504059396120553,16.311731591995112,25.7749464605518,15.634259816107544
22401153,2025,04/08/2025,OKC,LAL,16.0,False,15.5,0.0,1,2,2,5,-8.16566393723298,-6.377808803825966,-7.350819597249817,-6.6365976496581975
22401154,2025,04/08/2025,PHX,GSW,-38.0,False,-12.600000000000001,0.0,1,0,4,2,17.850193137764244,11.813528133883352,18.602995563093817,12.668705532192888
22401155,2025,04/08/2025,LAC,SAS,5.0,False,18.4,1.0,1,2,3,3,-22.666679450676188,-7.311981173399978,-24.188263025451498,-9.706342176341021
22401156,2025,04/09/2025,ORL,BOS,20.0,False,-7.999999999999999,0.0,0,5,1,6,-75.54800639785954,-84.79305932983755,-73.32007773463599,-81.5847731335488
22401157,2025,04/09/2025,WAS,PHI,-19.0,False,-2.6999999999999993,-1.0,6,6,7,9,0.9107696790769424,-8.237878956834649,-0.5675162911141953,-8.298039734957399
22401158,2025,04/09/2025,TOR,CHA,30.0,False,14.6,2.0,4,5,6,8,-25.823205582629466,-18.936915185177007,-29.63276743852555,-24.87513317382473
22401159,2025,04/09/2025,DAL,LAL,-15.0,False,-2.9,2.0,6,0,8,5,40.530533447821945,35.958269635061875,39.45831693664276,34.583509765864015
22401160,2025,04/09/2025,CHI,MIA,8.0,False,-8.100000000000001,-1.0,3,1,5,4,23.32788174667871,18.657817532894654,23.19216050731669,17.272076070081482
22401161,2025,04/10/2025,MIL,NOP,25.0,False,15.4,0.0,2,8,2,9,-65.21274544938484,-70.79638045098955,-64.68654538977907,-70.15652426376734
22401162,2025,04/09/2025,UTA,POR,7.0,False,-23.4,0.0,6,2,7,5,36.69659635430638,5.897849712265717,36.94748304071208,9.81059859269837
22401163,2025,04/09/2025,GSW,SAS,-3.0,False,13.8,0.0,1,2,3,5,-20.72661155095596,-19.810786284802994,-20.994409863595337,-19.911185290705543
22401164,2025,04/09/2025,PHX,OKC,-13.0,False,-26.1,0.0,2,5,6,5,-38.92705178988601,-17.988142005217853,-35.82018294676125,-14.933298798386566
22401165,2025,04/09/2025,SAC,DEN,-8.0,False,0.09999999999999987,-1.0,2,0,5,6,17.046637576484866,3.4995127352411473,20.44588870083077,8.72222115766468
22401166,2025,04/09/2025,LAC,HOU,17.0,False,2.1999999999999993,-2.0,3,0,4,6,17.976144671027317,-46.68378548164064,17.511554663749514,-43.132371312324366
22401167,2025,04/10/2025,DET,NYK,9.0,False,-6.9,1.0,0,3,3,4,-44.029408756670506,-33.35441517225793,-42.92337270905213,-32.28159103029452
22401168,2025,04/10/2025,IND,CLE,2.0,False,4.1,0.0,0,4,3,5,-59.79876927313677,-54.303025551450936,-64.11084083582503,-58.35324198353261
22401169,2025,04/10/2025,BKN,ATL,-24.0,False,-10.6,0.0,5,1,6,2,32.38195180454782,35.55737971782825,33.41932074588176,35.88999514863576
22401170,2025,04/10/2025,MEM,MIN,-16.0,True,-8.5,0.0,2,0,3,4,16.98402405858515,9.415677003691192,17.640492846044033,12.03587308449625
22401171,2025,04/11/2025,DET,MIL,-6.0,False,-1.8,0.0,1,2,3,4,-12.787007899811977,-11.32789865041623,-13.667964521446343,-12.200651837052316
22401172,2025,04/11/2025,IND,ORL,-14.0,False,2.7,-1.0,6,4,6,4,27.205945148342813,27.205945148342813,22.243462299155006,22.243462299155006
22401173,2025,04/11/2025,PHI,ATL,-14.0,False,-11.2,1.0,6,1,10,3,39.063520759342076,57.3434588783954,38.11776318876469,52.386161675839304
22401174,2025,04/11/2025,BOS,CHA,36.0,False,24.0,0.0,1,3,2,4,-20.143790886838463,-26.293684881854876,-21.054249961359744,-26.218439991183924
22401175,2025,04/11/2025,NYK,CLE,-6.0,False,-3.3,0.0,0,4,3,6,-46.68559633768227,-29.483761488672513,-46.116606038715055,-25.811537619617507
22401176,2025,04/11/2025,CHI,WAS,30.0,False,18.9,0.0,3,6,5,8,-23.052495988884413,-6.199021736926213,-20.179507035858904,-8.403239799156907
22401177,2025,04/11/2025,NOP,MIA,-49.0,False,-22.3,-1.0,8,2,9,2,77.71278297221471,83.07350867230818,75.5982099832317,80.84981692393075
22401178,2025,04/11/2025,DAL,TOR,22.0,False,-8.5,0.0,4,5,6,8,-25.1244980984643,-30.945852824706563,-24.02284863426015,-30.352104742758677
22401179,2025,04/11/2025,MIN,BKN,26.0,False,20.9,0.0,1,7,2,8,-55.55689141535689,-57.96199328454355,-56.62416883202468,-58.91958732543575
22401180,2025,04/11/2025,DEN,MEM,8.0,False,2.1,1.0,0,2,6,6,-17.0775627246243,-13.289956912518424,-17.73764698121249,-14.223132019755077
22401181,2025,04/11/2025,UTA,OKC,-34.0,False,-30.3,0.0,6,8,8,8,-57.18588441997038,-38.57730776753587,-51.270122241337766,-34.12287345367528
22401182,2025,04/11/2025,PHX,SAS,19.0,False,-10.700000000000001,0.0,2,4,5,5,-29.55367002523646,-21.09317442430323,-25.67084829552181,-16.957086706809044
22401183,2025,04/11/2025,POR,GSW,-17.0,False,-9.9,0.0,3,0,5,0,29.401823245556724,63.75984736774088,31.03863702369169,60.54235406408845
22401184,2025,04/11/2025,SAC,LAC,-1.0,False,-15.700000000000001,0.0,2,3,6,5,0.8105261718517305,6.707685652009928,5.806691887623449,11.818838811144097
22401185,2025,04/11/2025,LAL,HOU,31.0,False,-6.0,0.0,0,7,4,8,-83.04348432746451,-79.6036004403352,-81.02323404594438,-76.63734833703211
22401186,2025,04/13/2025,ATL,ORL,12.0,False,-8.3,0.0,1,0,6,4,10.900517468385438,36.99451393455223,10.932570890514329,33.126061439207106
22401187,2025,04/13/2025,BOS,CHA,7.0,False,28.200000000000003,0.0,6,4,7,6,38.27494590519296,26.057779183137818,33.716797454015776,22.48070849815207
22401188,2025,04/13/2025,BKN,NYK,-8.0,False,-16.6,0.0,5,0,8,5,43.32440533971376,-27.471797442091123,44.39738136533075,-29.01345760808426
22401189,2025,04/13/2025,CLE,IND,-8.0,False,-2.2,0.0,9,2,9,4,57.91387037764995,41.6271105967809,65.47899370001365,48.94277840413916
22401190,2025,04/13/2025,MIA,WAS,-1.0,False,32.4,0.0,6,6,6,9,16.630220454184666,3.6163998481229243,17.805322270083238,4.805664981111434
22401191,2025,04/13/2025,PHI,CHI,-20.0,False,-13.5,0.0,4,2,10,2,-7.438950889912412,27.9166564879488,-1.8219515547452687,33.60222411697288
22401192,2025,04/13/2025,MIL,DET,7.0,False,1.8,0.0,4,2,9,4,27.67574194600794,58.075956185186804,26.890300722120074,55.64626466135351
22401193,2025,04/13/2025,HOU,DEN,-15.0,False,3.0,0.0,1,0,2,3,3.5570779263553125,7.580382647882513,3.5421516841524037,6.100294719431394
22401194,2025,04/13/2025,MEM,DAL,35.0,False,2.9,0.0,2,6,9,8,-39.70863027862675,39.908231660695876,-38.854794464441085,45.381591180213405
22401195,2025,04/13/2025,MIN,UTA,11.0,True,33.8,0.0,0,7,5,8,-61.624839571558695,-54.13388432290776,-62.7862089696845,-54.399859334575574
22401196,2025,04/13/2025,NOP,OKC,-15.0,False,-28.1,0.0,8,8,9,8,-16.196261077512958,-11.074283334373078,-14.513766145637703,-9.49604739432938
22401197,2025,04/13/2025,SAS,TOR,7.0,False,-15.799999999999999,0.0,3,6,4,8,-15.943589445782983,-21.874368277847665,-15.972757158537725,-21.871837023179822
22401198,2025,04/13/2025,GSW,LAC,-5.0,False,-3.799999999999999,0.0,0,2,4,5,-9.494116463843909,9.054119322411196,-8.135313829085907,7.571288125253147
22401199,2025,04/13/2025,POR,LAL,28.0,False,-13.5,0.0,3,5,6,9,-48.59252782014815,-31.024270578178303,-46.428447935696965,-34.4968649683146
22401200,2025,04/13/2025,SAC,PHX,11.0,False,15.700000000000001,0.0,2,4,3,5,-40.58583016436158,-41.05014997723808,-37.917603628850706,-38.27885323402083
22401201,2025,12/10/2024,MIL,ORL,5.0,False,-0.10000000000000053,0.0,0,2,3,5,-24.902691543504083,-26.384254602754265,-23.42364383133403,-23.836596362701385
22401202,2025,12/11/2024,NYK,ATL,-8.0,False,10.0,-1.0,0,0,2,6,0.0,-27.2174505794876,0.0,-28.214052698745917
22401203,2025,12/10/2024,OKC,DAL,14.0,False,-2.4000000000000004,0.0,3,3,2,5,12.742147644705495,-5.6127917010450545,10.798054336068898,-7.117003807924082
22401204,2025,12/11/2024,HOU,GSW,1.0,False,6.0,0.0,0,2,7,4,-13.825622206338876,-0.5872324982771815,-15.246156619212865,1.4601966828941926
22401205,2025,12/12/2024,BOS,DET,24.0,False,13.700000000000001,0.0,3,0,3,1,32.09198921797764,19.126435639194728,31.948846817975348,16.532011218017413
22401206,2025,12/12/2024,MIA,TOR,10.0,False,10.1,0.0,1,2,4,4,-26.270850801213417,-19.16709720648705,-25.75921435560293,-21.135916577025284
22401207,2025,12/12/2024,NOP,SAC,-2.0,False,-16.4,0.0,6,1,8,4,37.12178016756771,37.260179992708835,41.24804036351136,39.514485834314726
22401208,2025,12/13/2024,CLE,WAS,10.0,False,25.6,0.0,1,4,4,6,-32.457181298075525,-15.663705675017049,-32.783929630499756,-20.01449799862307
22401209,2025,12/13/2024,PHI,IND,-14.0,False,3.5,0.0,2,3,5,4,-10.617498063314105,-2.425337505319561,-11.867897600044666,-4.4861139700720365
22401210,2025,12/13/2024,MIN,LAL,10.0,False,15.1,0.0,1,2,3,2,-29.554867523516528,-22.25126951983332,-31.75349638069375,-25.40288795791223
22401211,2025,12/13/2024,MEM,BKN,16.0,False,16.6,0.0,1,3,3,4,-15.336050185826526,-4.8013237191676446,-16.68398867132975,-6.354666658471313
22401212,2025,12/13/2024,CHI,CHA,14.0,False,7.0,0.0,0,3,4,5,-35.09505784406596,-5.349998638603353,-33.377841330197846,-6.150602844289544
22401213,2025,12/13/2024,DEN,LAC,22.0,False,0.2999999999999998,0.0,1,3,1,3,-16.637820169135296,-16.637820169135296,-16.55076284573122,-16.55076284573122
22401214,2025,12/13/2024,UTA,PHX,-8.0,False,-6.3,0.0,3,1,6,3,11.105673724780507,3.0977177788198347,7.2921192646824275,1.8191477572839645
22401215,2025,12/13/2024,POR,SAS,-2.0,False,-10.7,0.0,2,4,7,5,-28.288797210679753,6.022138206857335,-35.69147917053307,-3.33102904235308
22401216,2025,12/15/2024,IND,NOP,15.0,False,8.8,-1.0,3,5,6,9,-17.117986541901747,-23.33822548543959,-19.88751066070528,-22.07144362813615
22401217,2025,12/15/2024,WAS,BOS,-14.0,False,-27.799999999999997,-1.0,4,2,5,2,22.098927299917936,29.49595348837232,22.571972538802545,31.36058107959745
22401218,2025,12/15/2024,SAS,MIN,-14.0,False,-8.4,0.0,1,1,3,1,5.818176748384436,21.21299622935275,7.778410787125227,25.935346153450514
22401219,2025,12/15/2024,PHX,POR,7.0,False,12.7,0.0,0,3,2,6,-20.533454292686383,-8.633614751168238,-18.284943672447817,-8.382439490741636
22401220,2025,12/15/2024,LAL,MEM,6.0,False,-24.6,0.0,1,1,1,2,-1.9258197725483068,-8.06049786627012,-0.5708997593636074,-7.43448732191437
22401221,2025,12/16/2024,DET,MIA,1.0,False,-13.2,0.0,1,3,3,4,-6.985028936474031,3.9196150816372217,-3.1000376883302483,7.854769760356678
22401222,2025,12/16/2024,CHA,PHI,-13.0,False,-7.4,0.0,4,3,7,6,-14.59719740045259,-16.49176637130997,-12.096791836044389,-11.364725508361062
22401223,2025,12/16/2024,TOR,CHI,-1.0,False,-8.2,0.0,3,0,4,4,36.47700435023317,12.418921812938429,32.77376147000378,7.452429193734318
22401224,2025,12/16/2024,BKN,CLE,-29.0,False,-13.8,0.0,2,1,3,2,18.257253805639056,28.68101511574517,18.728688323443016,26.972180875749828
22401225,2025,12/16/2024,SAC,DEN,-1.0,False,0.5999999999999996,0.0,2,1,5,3,11.546057436079488,11.640738066724342,12.189859451231097,11.195578695990775
22401226,2025,12/16/2024,LAC,UTA,37.0,False,7.4,0.0,3,1,3,5,14.89112970423864,-1.577474918970843,16.23989001349352,-0.6863966218443238
22401227,2025,12/15/2024,ORL,NYK,-9.0,False,-1.0,0.0,1,0,2,3,21.480072680418342,16.143454536454648,19.47935063482193,14.299599289650107
22401228,2025,12/15/2024,GSW,DAL,-10.0,False,-10.9,0.0,2,4,4,5,-7.212081952115916,0.8953441854145794,-6.740332118019614,1.2174883570507475
22401229,2025,12/14/2024,MIL,ATL,8.0,False,4.4,0.0,0,0,3,6,0.0,-18.448816712769208,0.0,-19.052305495357693
22401230,2025,12/14/2024,OKC,HOU,15.0,False,6.999999999999999,0.0,2,0,3,6,20.22386292257473,-4.360373905504794,19.558770317759702,-4.814087695112466
62400001,2025,12/17/2024,OKC,MIL,-16.0,False,9.4,0.0,2,0,2,3,20.224973654671963,-2.063128642002681,19.559844521736334,-0.7136954488551446
22500001,2026,10/21/2025,OKC,HOU,1.0,False,7.300000000000001,0.0,3,2,8,10,18.965357064183667,-16.978525192415262,15.51322255483718,-18.062133157451363
22500002,2026,10/21/2025,LAL,GSW,-10.0,False,-7.6,0.0,1,1,11,4,9.169079528781783,34.76531156353701,6.938813522999364,36.31700487924299
22500003,2026,10/22/2025,NYK,CLE,8.0,False,0.9000000000000004,0.0,2,2,6,8,1.0615188251991938,-25.226949410242298,2.7790294487113734,-18.382655781977185
22500004,2026,10/22/2025,DAL,SAS,-33.0,False,-1.0,0.0,2,2,7,7,-9.529781648111317,-4.291536735348117,-11.108660994223062,-6.41835323860581
22500005,2026,10/23/2025,IND,OKC,-6.0,False,-2.0,1.0,3,4,4,8,4.043687394710389,-10.279891124699702,-2.9559759963883607,-14.295719561552175
22500006,2026,10/23/2025,GSW,DEN,6.0,True,7.9,-1.0,1,0,5,6,9.047397863360057,-7.937246445495514,10.359833505593246,-9.95088204433451
22500007,2026,10/27/2025,DET,CLE,-21.0,False,-5.3,0.0,2,3,4,6,-11.009785030334893,-21.243311836308735,-16.500918505753376,-25.633426900324373
22500008,2026,10/27/2025,MIN,DEN,-13.0,True,0.10000000000000053,-1.0,1,0,2,1,22.125452514971407,24.388789019856063,21.906024244778298,21.483342748384995
22500009,2026,12/25/2025,NYK,CLE,2.0,False,7.1,0.0,2,3,5,6,7.6281174932937645,4.130319065904359,4.727992475982033,-3.0670213513910447
22500010,2026,12/25/2025,OKC,SAS,-15.0,False,5.0,0.0,3,0,3,1,21.33582196085409,16.770183778168324,22.432016420477275,19.113385631409223
22500011,2026,12/25/2025,GSW,DAL,10.0,False,4.2,1.0,1,1,5,5,-4.825526890383158,-0.29053424745928424,-2.789728816376284,2.4104347533168564
22500012,2026,12/25/2025,LAL,HOU,-23.0,False,-7.199999999999999,0.0,2,0,4,0,9.451638740293324,22.715572856963576,10.837130145807478,23.198448716809814
22500013,2026,12/25/2025,DEN,MIN,4.0,False,1.7999999999999998,0.0,3,0,5,2,39.48339425579285,42.050386544320595,37.20443794260038,37.57014611615921
22500014,2026,01/19/2026,ATL,MIL,-2.0,False,0.9000000000000001,-1.0,2,0,6,5,18.82629481319943,24.106453406239904,18.86888820862603,22.278302489704203
22500015,2026,01/19/2026,CLE,OKC,-32.0,False,-3.8999999999999995,1.0,4,2,5,4,-4.139564219059576,-7.677134961539863,-2.8619208300748724,-6.355206377732209
22500016,2026,01/19/2026,NYK,DAL,-17.0,False,-8.0,0.0,1,4,3,4,-42.43708941676365,-33.740504229843125,-44.43227309608001,-40.43538014233151
22500017,2026,01/19/2026,DET,BOS,1.0,False,-0.5999999999999996,0.0,0,1,4,1,-6.581522941713807,15.42838413047189,-7.527112221806759,13.381786893415025
22500018,2026,10/24/2025,NYK,BOS,10.0,False,-4.0,0.0,1,2,6,4,-20.002220317183344,-9.255893889804952,-19.668760630538085,-3.79245745116355
22500019,2026,10/24/2025,LAL,MIN,18.0,False,-6.4,1.0,1,0,6,0,18.669952150368186,38.566230193977255,17.90988889669064,44.01364888038552
22500020,2026,10/31/2025,IND,ATL,-20.0,False,-2.5,0.0,5,1,7,4,51.43886893799733,38.19172202472254,47.92989626244112,37.27489815752058
22500021,2026,10/31/2025,PHI,BOS,-1.0,False,-11.7,1.0,1,1,11,5,-19.15327386571921,11.27118528418302,-20.03807591005076,18.241179021081876
22500022,2026,10/31/2025,CLE,TOR,-11.0,False,4.800000000000001,0.0,3,2,8,7,10.515360447386055,34.41138810372761,12.477984294493947,41.097169268876065
22500023,2026,10/31/2025,CHI,NYK,10.0,False,6.800000000000001,-1.0,2,0,5,6,25.501593849615602,14.054117392102278,23.51683030419305,13.06366568755438
22500024,2026,10/31/2025,MEM,LAL,-5.0,False,-0.30000000000000027,0.0,3,2,7,9,12.58172878556681,8.27919123973583,10.544258543209327,6.724566185083184
22500025,2026,10/31/2025,PHX,UTA,22.0,False,-1.1999999999999993,0.0,1,2,6,5,-10.42580121783258,-4.459926340595054,-11.408270256718218,-13.226004546903887
22500026,2026,10/31/2025,POR,DEN,2.0,False,-3.3,0.0,3,0,5,6,30.308667818442135,17.134559086966867,26.856069802281986,9.149325014688106
22500027,2026,10/31/2025,LAC,NOP,2.0,False,27.799999999999997,1.0,1,0,5,11,2.002160225506468,-38.516200065093216,2.7751577835419776,-39.664564177708215
22500028,2026,11/07/2025,ORL,BOS,13.0,False,-5.2,1.0,0,2,5,6,-25.234314844807905,-18.76652509020375,-25.958826853213747,-12.45211907118139
22500029,2026,11/07/2025,WAS,CLE,-33.0,False,-17.0,0.0,1,3,6,6,-11.320570502384182,-0.6176920241336106,-12.147335812708295,-6.322915386425372
22500030,2026,11/07/2025,ATL,TOR,-12.0,False,2.9,0.0,1,2,5,7,3.419441838993082,3.8187113356466114,3.386232932131797,8.174233091915767
22500031,2026,11/07/2025,BKN,DET,-18.0,False,-15.7,0.0,1,3,6,4,-15.394809704161057,3.6591675711337004,-25.3558036479834,-6.175222605865997
22500032,2026,11/07/2025,SAS,HOU,11.0,False,2.1000000000000005,0.0,2,2,3,6,7.137270668300811,-0.4924279955818065,4.517642190159172,-4.454922511779433
22500033,2026,11/07/2025,MIA,CHA,18.0,False,12.899999999999999,-1.0,3,3,6,12,18.29261607135148,-14.267657338994269,16.141954758172382,-19.943528165055426
22500034,2026,11/07/2025,MEM,DAL,14.0,False,5.4,0.0,2,2,4,6,9.768040469949668,-20.993683165684708,11.08493923765094,-15.234795774284066
22500035,2026,11/07/2025,MIL,CHI,16.0,False,-7.299999999999999,0.0,2,2,7,4,-7.290074683724448,-3.6667402710626718,-5.337029826927669,-1.3748213342697682
22500036,2026,11/07/2025,MIN,UTA,40.0,False,10.0,0.0,1,2,1,4,-19.547285711418652,-29.50414864919428,-19.1170473426086,-33.970215093324896
22500037,2026,11/07/2025,DEN,GSW,25.0,False,9.4,0.0,0,1,1,2,-19.983688908680936,-29.71966817825159,-19.84905707605312,-29.314671508935522
22500038,2026,11/07/2025,SAC,OKC,-31.0,False,-13.700000000000001,0.0,1,3,8,8,-21.091315133686646,-1.710198723036065,-19.605378481138043,-4.440230953603745
22500039,2026,11/14/2025,NYK,MIA,8.0,False,4.5,0.0,1,3,6,5,-19.694791325058958,-9.921688533254397,-21.331040068091667,-17.802692390442076
22500040,2026,11/14/2025,ORL,BKN,7.0,False,16.4,-1.0,2,1,4,8,17.769993835663357,-8.329937012285654,18.46219949277605,-10.806028739478904
22500041,2026,11/14/2025,DET,PHI,9.0,False,2.9000000000000004,-1.0,3,2,8,11,12.898038230108341,26.247814525744786,11.952868038683544,32.37212422016698
22500042,2026,11/14/2025,HOU,POR,24.0,False,8.5,0.0,2,3,4,4,-3.257842490575854,-3.1402065296268624,-3.519516635017844,-0.4381184450943749
22500043,2026,11/14/2025,MIL,CHA,13.0,False,2.3,0.0,3,4,4,11,-4.107835820960286,-26.11166969329468,-6.618515799583822,-36.56567402937743
22500044,2026,11/14/2025,MIN,SAC,14.0,False,18.6,1.0,1,1,2,7,-6.138147293152427,-23.94239722757285,-4.743084960451455,-19.831686022949103
22500045,2026,11/14/2025,NOP,LAL,-14.0,False,-11.5,0.0,2,2,8,9,4.923254799634218,9.287906235919131,0.8909670637167366,8.324280978272363
22500046,2026,11/14/2025,DAL,LAC,-6.0,False,0.8000000000000003,0.0,1,2,7,7,-22.890300787403405,11.912516238448163,-19.853282231500877,11.288502357519036
22500047,2026,11/14/2025,SAS,GSW,-1.0,False,3.2,0.0,1,1,5,4,-0.4349784211187995,9.86579988231075,-1.6182969022111582,4.593256888142733
22500048,2026,11/21/2025,CLE,IND,11.0,False,20.4,0.0,3,5,7,7,-28.67246501204493,-5.450312684126317,-18.86792603297727,9.418347243796333
22500049,2026,11/21/2025,BOS,BKN,-8.0,False,14.100000000000001,0.0,1,1,4,8,11.861329176099337,-9.11784256635599,14.480613608573154,-12.765952975005362
22500050,2026,11/21/2025,TOR,WAS,30.0,False,30.0,0.0,3,0,6,6,19.88676646030045,-3.2689646675923356,21.438642270967623,-0.8326158267110486
22500051,2026,11/21/2025,CHI,MIA,-36.0,False,-3.6,0.0,1,4,3,6,-29.472643796773333,-18.883084704952317,-30.776946707262198,-27.121080542730766
22500052,2026,11/21/2025,DAL,NOP,3.0,False,6.300000000000001,0.0,2,2,6,9,6.9188771354549665,3.098915784206433,9.019149690169144,-0.5062419825082358
22500053,2026,11/21/2025,PHX,MIN,1.0,False,0.7000000000000011,1.0,2,1,4,3,22.08228331702717,22.699841536587044,18.9279450894829,19.81165748628397
22500054,2026,11/21/2025,HOU,DEN,-3.0,False,2.5999999999999996,0.0,3,2,7,6,8.781738774170499,6.69116734591541,9.76812768238224,6.930890666444277
22500055,2026,11/21/2025,UTA,OKC,-32.0,False,-28.8,1.0,2,4,6,7,-9.655577595178034,2.5962146544659817,-7.0108242704604145,9.486578992818188
22500056,2026,11/21/2025,GSW,POR,-4.0,False,4.1,0.0,1,4,3,5,-31.303562352069367,-29.7446903000043,-28.982714317843726,-26.15288819797188
22500057,2026,11/25/2025,WAS,ATL,19.0,False,-23.4,1.0,1,2,7,3,-15.771656543294505,10.12645227517682,-17.712629898103437,10.004569179501615
22500058,2026,11/25/2025,PHI,ORL,-41.0,False,-9.2,0.0,5,1,13,4,20.566984952988008,41.22430808129794,22.627027448597396,44.0829203928147
22500059,2026,11/25/2025,LAL,LAC,17.0,False,10.3,0.0,1,3,7,6,-6.206102060004065,-1.2023300951047986,-2.7131912678003633,2.754316038171254
22500060,2026,11/26/2025,BOS,DET,3.0,False,-2.5,1.0,2,3,5,7,24.820895210620467,17.69791244380395,27.344506979864597,10.158017666855443
22500061,2026,11/26/2025,CHA,NYK,-28.0,False,-15.7,1.0,5,2,11,6,-2.2478636726477,2.4549666044128884,0.09887675917611105,15.017169374654188
22500062,2026,11/26/2025,MIA,MIL,3.0,False,12.600000000000001,0.0,1,2,5,6,-14.568571039127399,-32.13448568413683,-12.26822090786494,-23.23464880238635
22500063,2026,11/26/2025,TOR,IND,2.0,False,26.1,0.0,1,5,7,9,-31.973181973614082,-12.04661672328239,-23.74349277857065,-0.18442453256152191
22500064,2026,11/26/2025,OKC,MIN,8.0,False,11.599999999999998,1.0,2,0,8,3,24.539784184562816,28.01086864956786,21.560817939544492,23.94695970983875
22500065,2026,11/26/2025,NOP,MEM,-5.0,False,-5.6,0.0,3,2,10,6,-5.338722846386762,9.161943906566535,-6.122397951682469,8.358267104317562
22500066,2026,11/26/2025,GSW,HOU,-4.0,False,-10.200000000000001,0.0,2,5,3,8,-29.093521308035108,-31.94314845210035,-26.124183879783757,-30.80056839570871
22500067,2026,11/26/2025,POR,SAS,-13.0,False,-9.5,-1.0,3,3,4,4,-16.126949074810828,-16.4359200282889,-18.507337208795004,-17.750823568741918
22500068,2026,11/26/2025,SAC,PHX,-12.0,False,-27.1,0.0,1,3,6,4,-18.8102204282265,-4.5509215157254275,-15.158606972643547,1.992464151374449
22500069,2026,11/28/2025,ATL,CLE,7.0,False,2.2,0.0,2,4,4,9,4.080508894472082,5.925879085498451,4.40332439581681,4.355771768796437
22500070,2026,11/28/2025,BKN,PHI,-12.0,False,-0.7999999999999998,0.0,2,4,7,12,-5.773010686788375,-21.734204291432306,-7.5003576243669094,-20.448578776714314
22500071,2026,11/28/2025,CHA,CHI,7.0,False,-1.5999999999999996,-1.0,5,1,11,4,9.646893653839255,17.178061999851487,8.825378166720903,23.753532521677514
22500072,2026,11/28/2025,DET,ORL,-3.0,False,-1.8000000000000007,-1.0,3,3,6,6,-22.1440317129295,-21.857167638511836,-22.213652787027467,-15.865157385248676
22500073,2026,11/28/2025,IND,WAS,33.0,False,-1.0,-1.0,5,2,8,6,29.12801226913972,26.6294303324789,20.841383385386898,15.258415711155024
22500074,2026,11/28/2025,NYK,MIL,9.0,False,16.799999999999997,0.0,2,2,7,6,1.33417564705951,10.588623215370198,-1.3143883421160147,5.668964247418458
22500075,2026,11/28/2025,OKC,PHX,4.0,False,11.599999999999998,0.0,2,2,8,5,1.7504359074885372,-5.9494986546335085,2.416365868814122,-1.105162782083319
22500076,2026,11/28/2025,DEN,SAS,-3.0,False,4.1000000000000005,1.0,3,3,5,4,-8.7020680608004,-6.073854206164874,-12.712426946256606,-9.036811456149017
22500077,2026,11/28/2025,UTA,SAC,9.0,False,5.200000000000001,1.0,5,1,7,6,13.29971156867001,4.083496182959017,18.4786402134344,10.583313038459814
22500078,2026,11/28/2025,LAL,DAL,10.0,False,8.1,0.0,0,2,10,6,-15.219088731551276,-4.197120199082775,-14.60337061716563,-2.191286262039597
22500079,2026,11/28/2025,LAC,MEM,-5.0,False,-4.7,1.0,4,2,7,6,-0.9471388975197925,-3.8278951293924237,-3.821578961260478,-11.31782016081921
22500080,2026,10/22/2025,CHA,BKN,19.0,False,-2.5,0.0,1,0,11,10,5.103547674459816,13.689801166813119,6.09083604216524,25.159802564526963
22500081,2026,10/22/2025,ORL,MIA,4.0,False,-5.2,0.0,0,1,7,7,-18.51954786668803,-16.91899034236978,-17.335588164354874,-16.052888779362725
22500082,2026,10/22/2025,ATL,TOR,-20.0,True,0.3999999999999999,0.0,0,1,6,7,-7.502107367896478,10.17155424296574,-7.02780168602702,0.3333199247744574
22500083,2026,10/22/2025,BOS,PHI,-1.0,False,21.7,0.0,1,0,8,10,22.311782231077174,12.263370816206901,22.452300395881487,10.668521264127506
22500084,2026,10/22/2025,CHI,DET,4.0,False,5.3,0.0,2,0,5,6,29.7811254123233,1.280176956102494,27.4632902052926,-7.0901858745585
22500085,2026,10/22/2025,MEM,NOP,6.0,False,12.299999999999999,0.0,4,1,10,13,32.24141585879935,-0.08819753819705056,30.102419065719154,-3.892737289454786
22500086,2026,10/22/2025,MIL,WAS,13.0,False,21.099999999999998,0.0,0,1,6,6,-9.47631608522357,-3.596244847309734,-11.473881328513567,-12.38121414669601
22500087,2026,10/22/2025,UTA,LAC,21.0,False,-33.9,0.0,1,1,8,7,6.468722134014539,11.108036326718903,7.502283748077017,14.26052860927581
22500088,2026,10/22/2025,PHX,SAC,4.0,False,-19.700000000000003,0.0,0,3,8,9,-39.707187756349036,-15.094202179355491,-35.281074211021085,-29.56817766842918
22500089,2026,10/22/2025,POR,MIN,-4.0,False,-10.1,0.0,1,0,7,4,7.796155857740587,25.254153291171406,9.732227948218167,20.16965894212078
22500090,2026,10/24/2025,ORL,ATL,-4.0,False,3.9000000000000004,0.0,0,0,3,4,0.0,-20.049101060115664,0.0,-16.3606503086446
22500091,2026,10/24/2025,BKN,CLE,-7.0,False,-14.0,0.0,0,2,9,7,-22.04949823257227,-10.314483710561845,-23.178673817920483,-11.914437441918544
22500092,2026,10/24/2025,TOR,MIL,-6.0,False,-3.6,0.0,0,1,7,7,-11.266795829083563,9.30156495414014,-10.073670925248273,10.01243633302537
22500093,2026,10/24/2025,HOU,DET,-4.0,False,7.800000000000001,1.0,2,0,8,5,15.10075132078477,6.859430763909323,16.323309929915737,-0.42835985013797284
22500094,2026,10/24/2025,MEM,MIA,-32.0,False,-9.1,0.0,4,2,5,4,22.89081264715675,15.304762529457477,18.889914911721945,6.431845916471609
22500095,2026,10/24/2025,NOP,SAS,-4.0,False,-9.3,0.0,1,2,12,5,-25.521971204849354,22.47708762103288,-23.647145784421586,28.30769178924338
22500096,2026,10/24/2025,DAL,WAS,-10.0,False,3.0,0.0,2,1,6,7,10.6242629919926,3.5501217560245806,5.834567143912796,-2.693170130418771
22500097,2026,10/24/2025,POR,GSW,20.0,False,-9.200000000000001,1.0,2,1,4,2,9.982376993486627,9.033180093714158,7.036026016738848,6.0059962659980854
22500098,2026,10/24/2025,SAC,UTA,1.0,False,14.799999999999999,0.0,1,1,6,7,0.12836727423410643,-22.5865643385893,-3.016021616209173,-31.785442074750705
22500099,2026,10/24/2025,LAC,PHX,27.0,True,21.799999999999997,0.0,1,0,4,5,1.9284608683148805,-2.3369574531990445,2.673004448286036,-2.631426691321984
22500100,2026,10/25/2025,ORL,CHI,-12.0,False,0.39999999999999947,-2.0,1,2,3,4,-13.601764282860822,-10.426465262458525,-10.623068699463653,-5.04898276151976
22500101,2026,10/25/2025,ATL,OKC,-17.0,False,-8.0,-1.0,1,4,5,7,-30.211891159927987,4.9753089764798375,-29.076001318643936,10.342638876196446
22500102,2026,10/25/2025,PHI,CHA,4.0,False,3.0,0.0,0,1,9,10,-4.237509942274679,3.4094294846136535,-5.057262110943641,-1.670527772958387
22500103,2026,10/25/2025,MEM,IND,25.0,False,-3.0,-1.0,4,4,5,6,-8.39725345169174,-10.277689362508433,-5.8974652504832505,-9.686136654023713
22500104,2026,10/25/2025,DEN,PHX,22.0,True,19.3,1.0,0,1,2,6,-17.551079877611876,-34.90796799830789,-16.40497768610911,-30.954305338005256
22500105,2026,10/26/2025,SAS,BKN,11.0,False,7.4,0.0,3,0,5,8,40.4417271477008,8.876589572022738,38.81662560911691,4.694003900161086
22500106,2026,10/26/2025,DET,BOS,6.0,False,-10.399999999999999,0.0,0,1,6,5,-24.199426067355795,6.402330689871313,-24.351832491239144,14.131595056157778
22500107,2026,10/26/2025,CLE,MIL,5.0,False,-3.7,0.0,2,1,6,7,10.629465443257937,8.578216705450224,12.95818353277418,12.879165183854631
22500108,2026,10/26/2025,MIA,NYK,8.0,False,8.5,0.0,2,1,5,6,12.913890241311426,3.3936939729312066,13.524208540514632,4.745706387839405
22500109,2026,10/26/2025,WAS,CHA,-26.0,False,0.5,1.0,1,3,4,10,-11.915119202132146,-24.255793928493862,-12.224106431639237,-35.51374903851998
22500110,2026,10/26/2025,MIN,IND,4.0,False,5.2,1.0,0,5,2,6,-63.54841815296417,-54.10854531396988,-57.094069988350185,-49.6362971712405
22500111,2026,10/26/2025,DAL,TOR,10.0,False,-13.0,0.0,2,1,6,7,7.650410798388309,17.558173827633205,7.153232401229463,11.01870174326006
22500112,2026,10/26/2025,LAC,POR,7.0,False,8.100000000000001,0.0,1,2,5,6,-21.395962895294346,-13.73029621543063,-18.130204244117824,-14.892916265214318
22500113,2026,10/26/2025,SAC,LAL,-7.0,False,-2.0,0.0,1,1,5,9,-7.720854815765213,-42.49340411811107,-7.736485693918382,-47.86958508541436
22500114,2026,10/27/2025,PHI,ORL,12.0,False,-12.2,0.0,2,1,11,5,13.629531441737111,43.99886083900229,12.808535972779646,43.91992993394905
22500115,2026,10/27/2025,CHI,ATL,5.0,False,5.7,0.0,2,0,5,4,25.562536920680955,14.396473055018312,23.57303023698595,11.797907452682217
22500116,2026,10/27/2025,HOU,BKN,28.0,False,13.899999999999999,2.0,2,1,5,8,8.31640954350002,-15.16110885119749,9.902523626493098,-11.901198324897912
22500117,2026,10/27/2025,NOP,BOS,-32.0,False,-18.9,2.0,0,1,10,3,-24.082412458576542,32.53425881750934,-24.234081938302204,32.59019541511165
22500118,2026,10/27/2025,SAS,TOR,18.0,False,5.3,0.0,3,1,5,7,34.06401319621962,15.005149677303898,32.15355023782802,11.34586071878632
22500119,2026,10/27/2025,DAL,OKC,-7.0,False,-19.4,-1.0,1,4,8,9,-33.87981483525113,15.149803034505261,-31.04069072329663,10.010642837902452
22500120,2026,10/27/2025,UTA,PHX,4.0,False,-0.5,1.0,2,0,7,7,21.819422369118797,12.69021656621861,23.649976051397942,21.382467902895485
22500121,2026,10/27/2025,GSW,MEM,13.0,False,2.1000000000000005,1.0,1,4,2,6,-30.76775151282652,-32.04268413208392,-27.661103325227344,-31.645502898460173
22500122,2026,10/27/2025,LAL,POR,-14.0,False,1.0999999999999996,0.0,5,2,9,4,32.62077083955106,31.720325992073555,34.60767629854193,39.89767816730778
22500123,2026,10/28/2025,WAS,PHI,-5.0,False,-8.2,1.0,0,1,6,10,-4.3955736808406005,-12.830642640375984,-3.6201193212324916,-16.90984939041617
22500124,2026,10/28/2025,MIA,CHA,27.0,False,20.799999999999997,0.0,2,3,5,11,-2.1772361887814746,-18.964659369198152,-3.255319093213707,-20.057414677359915
22500125,2026,10/28/2025,MIL,NYK,10.0,False,7.6000000000000005,0.0,1,1,7,7,3.6826723470319678,-12.799833882810791,1.744651243711182,-16.991107093987164
22500126,2026,10/28/2025,OKC,SAC,6.0,False,4.1,-1.0,4,1,8,7,33.60341242675803,24.09792747996212,35.97371261807443,30.081664944870347
22500127,2026,10/28/2025,GSW,LAC,19.0,False,-5.1,-1.0,0,2,1,4,-13.380894479948827,-15.054793436777803,-7.288257378170002,-10.094205370920942
22500128,2026,10/29/2025,BOS,CLE,20.0,False,5.7,0.0,1,3,4,6,-5.409592584733662,-10.713893618830106,-6.5502989065825865,-19.2650017537501
22500129,2026,10/29/2025,DET,ORL,19.0,False,-3.0999999999999996,0.0,0,1,4,3,-4.376123384577811,8.767305066232437,-4.892707839945349,16.431043766101272
22500130,2026,10/29/2025,BKN,ATL,-5.0,False,-14.6,0.0,1,0,7,4,7.717371039056329,16.085892385506,7.292473481921707,21.59048679362775
22500131,2026,10/29/2025,TOR,HOU,-18.0,False,-3.9,0.0,1,2,8,8,-8.738857084674656,4.100182992875865,-9.67455869330545,5.443459587038397
22500132,2026,10/29/2025,CHI,SAC,13.0,False,6.9,1.0,2,1,5,6,14.560968479484554,9.406616159938231,13.351113142435329,10.455995376543626
22500133,2026,10/29/2025,DAL,IND,2.0,False,-13.4,-1.0,1,6,6,7,-66.7843872178139,-18.151740383307505,-62.992334734994174,-23.68920550426305
22500134,2026,10/29/2025,DEN,NOP,34.0,False,19.7,0.0,0,0,1,9,0.0,-44.98458283278149,0.0,-45.52803278462688
22500135,2026,10/29/2025,UTA,POR,-2.0,False,-13.899999999999999,0.0,2,2,6,5,-1.3670323759552474,13.74434745681907,2.9614855748375177,23.59213638732147
22500136,2026,10/29/2025,MIN,LAL,-1.0,False,-0.2999999999999998,0.0,1,4,3,9,-25.795689636289197,-26.559781477569814,-24.762382886837685,-29.61120788609952
22500137,2026,10/29/2025,PHX,MEM,-1.0,False,-15.5,0.0,1,3,7,8,-26.118177476243755,-24.625013115295538,-21.78167470395673,-25.20763573901631
22500138,2026,10/30/2025,CHA,ORL,-16.0,False,-11.8,1.0,3,2,10,4,7.082943718437981,29.820875519415743,7.855980970007437,36.8357499251626
22500139,2026,10/30/2025,MIL,GSW,10.0,False,2.3000000000000007,0.0,1,0,7,3,11.375566616849671,41.69495186072811,10.170923164381545,40.634001621452924
22500140,2026,10/30/2025,OKC,WAS,19.0,False,22.200000000000003,0.0,3,0,6,4,35.83541627212128,20.228935568904642,37.60320354606483,23.908481509532844
22500141,2026,10/30/2025,SAS,MIA,6.0,False,-6.699999999999999,1.0,3,2,4,6,21.400856911019453,1.1088636041221847,18.3887984200636,-9.255780071505647
22500142,2026,11/01/2025,MIL,SAC,-2.0,False,9.5,-1.0,1,2,6,9,-9.67023097652672,-21.57519436529027,-9.842478747410944,-18.999215776481964
22500143,2026,11/01/2025,CHA,MIN,-17.0,False,-14.0,-1.0,2,1,11,1,-8.676364341009192,28.36220956534452,-6.341062852541528,36.76636916629589
22500144,2026,11/01/2025,IND,GSW,5.0,False,-11.5,-1.0,5,0,6,3,68.19015799902844,58.98795372961149,65.15648835127378,58.419978150401086
22500145,2026,11/01/2025,WAS,ORL,-31.0,True,-14.299999999999999,0.0,0,1,3,4,-4.1023558503634625,-6.900396444829692,-4.586623106207369,-10.277125112433609
22500146,2026,11/01/2025,BOS,HOU,-27.0,False,2.0999999999999996,-2.0,1,2,3,5,8.184651043138189,-0.18002203106282977,7.1095788513275195,-4.428043227554436
22500147,2026,11/01/2025,DET,DAL,12.0,False,10.4,0.0,0,3,5,7,-31.151553246933233,-30.676651745145158,-28.772272418870678,-13.58179891678175
22500148,2026,11/02/2025,OKC,NOP,31.0,False,32.2,1.0,3,0,7,9,35.811730063950705,7.349417033146359,37.57834887993484,6.223730876052734
22500149,2026,11/02/2025,BKN,PHI,-24.0,False,-12.3,1.0,0,2,6,11,-15.324042069199205,-24.96915334996391,-14.48432292308309,-22.680749766153546
22500150,2026,11/02/2025,CHA,UTA,23.0,False,-3.6999999999999993,-1.0,2,3,9,6,-24.15957908535908,-6.237850694399221,-24.648247054281683,-4.025570267250707
22500151,2026,11/02/2025,CLE,ATL,8.0,False,-1.8,0.0,2,1,8,5,4.1008341988688315,23.006622967409236,4.726316379941171,26.556053615395584
22500152,2026,11/02/2025,TOR,MEM,13.0,False,-2.6,0.0,1,4,7,7,-39.27503210049719,-20.84423906237968,-34.59899336967733,-16.70760752410444
22500153,2026,11/02/2025,NYK,CHI,12.0,False,-9.9,0.0,0,2,6,4,-25.455339515938554,-16.307666678808623,-23.47417589904758,-17.298125112784795
22500154,2026,11/02/2025,PHX,SAS,12.0,False,-11.8,-1.0,1,2,6,3,-14.238338594359073,3.8669591269999017,-11.4066596908981,5.63468320274848
22500155,2026,11/02/2025,LAL,MIA,10.0,False,-9.4,-1.0,2,2,9,6,1.0322544018263144,9.97329597064801,-1.550330720432239,3.9750199180645893
22500156,2026,11/03/2025,BKN,MIN,-16.0,False,-18.599999999999998,-1.0,1,1,7,2,-7.833264201973211,15.648049363230257,-5.431963481504894,24.268751214464757
22500157,2026,11/03/2025,IND,MIL,-2.0,False,-12.7,0.0,5,2,6,6,49.19005199473377,42.562672606484256,46.71993667661634,42.17314185266473
22500158,2026,11/03/2025,BOS,UTA,-2.0,False,10.600000000000001,1.0,1,2,4,8,-1.1332928355482181,-29.72152284003544,-1.2714743947209186,-39.22150375125819
22500159,2026,11/03/2025,NYK,WAS,17.0,False,13.100000000000001,-1.0,1,0,6,4,7.215905988771476,3.688545917536903,7.999393554083559,5.6054035409007525
22500160,2026,11/03/2025,HOU,DAL,8.0,False,13.8,0.0,2,3,7,6,-16.09331845390151,-9.176692376336597,-12.487058893317478,-4.540668244948996
22500161,2026,11/03/2025,MEM,DET,-8.0,False,-2.2,-1.0,4,1,7,5,31.092061933396895,13.602213410905343,31.200514161800786,2.4548040153311987
22500162,2026,11/03/2025,DEN,SAC,6.0,False,8.8,1.0,0,2,5,8,-20.927729099338972,-26.8914455227412,-19.90429341800576,-19.77019014512921
22500163,2026,11/03/2025,POR,LAL,-8.0,False,0.7000000000000002,2.0,4,4,7,9,-26.52755885813535,-29.449303032318596,-26.86233695373306,-34.281683942843316
22500164,2026,11/03/2025,LAC,MIA,-1.0,False,-4.4,2.0,1,2,5,5,-18.18197579942805,-13.458839664230553,-18.714686397814138,-18.989891934691673
22500165,2026,11/04/2025,TOR,MIL,28.0,False,-7.9,1.0,1,2,5,4,-7.311075719412747,4.887945283998594,-6.681087989758486,6.625014327681239
22500166,2026,11/04/2025,ATL,ORL,15.0,False,0.2999999999999998,-1.0,1,1,3,4,12.969576835969097,3.763431378571223,12.942968915410571,3.6966603519544456
22500167,2026,11/04/2025,CHI,PHI,2.0,False,5.0,0.0,2,1,5,13,21.561226118170115,-15.608956106412748,20.267610012882454,-18.148749389009602
22500168,2026,11/04/2025,NOP,CHA,4.0,False,-13.4,0.0,0,3,11,11,-17.913960787848687,7.7838297308926485,-21.476998244003465,-3.8727435897853653
22500169,2026,11/04/2025,GSW,PHX,11.0,False,4.300000000000001,1.0,1,1,2,6,3.0933419880270083,-10.673639972881894,3.1059641257328163,-7.823706347387848
22500170,2026,11/04/2025,LAC,OKC,-19.0,False,-12.600000000000001,-1.0,3,2,5,5,10.244780849362368,11.81275479902655,7.325454997602392,9.154755796210928
22500171,2026,11/05/2025,CLE,PHI,11.0,False,-3.0,2.0,1,3,6,13,-11.542959611464905,-23.605193370128376,-9.728169470689478,-22.684327338795953
22500172,2026,11/05/2025,DET,UTA,11.0,False,7.9,0.0,2,2,5,7,-4.541172243220927,-16.025907714463756,-5.132753507887209,-13.963579921674786
22500173,2026,11/05/2025,IND,BKN,-9.0,False,11.0,0.0,7,0,8,6,67.84628342753551,39.61903599995129,64.37263872698554,31.55518546386302
22500174,2026,11/05/2025,BOS,WAS,29.0,False,19.9,0.0,1,1,5,5,15.586867107909601,12.200714594755919,16.83756014976598,11.090058091230183
22500175,2026,11/05/2025,NYK,MIN,23.0,False,-5.0,0.0,0,0,5,2,0.0,9.374286604956108,0.0,6.661286714972356
22500176,2026,11/05/2025,MEM,HOU,-15.0,False,-3.5,0.0,3,2,5,6,18.29082715982245,2.3423964553673073,13.830213001190977,-2.966599017804448
22500177,2026,11/05/2025,DAL,NOP,-2.0,False,10.799999999999999,1.0,3,2,6,12,8.949444593314375,-16.273116380628025,9.263089624107636,-18.850829333430454
22500178,2026,11/05/2025,DEN,MIA,10.0,False,0.5,0.0,0,2,6,4,-20.339541879093474,-12.441797454624595,-21.66216975432244,-14.401260387081468
22500179,2026,11/05/2025,LAL,SAS,2.0,False,-1.7999999999999998,-1.0,3,2,7,3,13.15269576691151,18.53915013458556,11.989380428965053,20.29092062322906
22500180,2026,11/05/2025,POR,OKC,2.0,False,-13.2,1.0,4,5,6,8,-18.538901792128335,-19.144576003582756,-20.137926330491187,-21.65198531850188
22500181,2026,11/05/2025,SAC,GSW,5.0,False,-6.7,1.0,1,1,9,3,-10.79984008526835,9.265414142178592,-11.422567537588048,1.2156911518152569
22500182,2026,11/06/2025,PHX,LAC,13.0,False,-1.7999999999999998,0.0,1,3,5,5,-31.11424867730028,-21.86335670218402,-30.88631163759876,-22.315422533533923
22500183,2026,11/08/2025,WAS,DAL,-6.0,False,-5.299999999999999,0.0,2,3,8,8,-3.2602336049472918,-16.93946515189588,-2.8265941004903077,-13.527609196627303
22500184,2026,11/08/2025,PHI,TOR,10.0,False,-2.7,2.0,1,2,12,7,-13.974199042020633,10.722013908408584,-13.896351375667429,12.035430782942903
22500185,2026,11/08/2025,ATL,LAL,20.0,False,-0.5,-2.0,3,3,7,7,-1.6193891779032654,24.231123697457903,3.1183701553674013,33.43979319169321
22500186,2026,11/08/2025,CLE,CHI,6.0,False,-3.0,0.0,2,2,8,5,-4.046657575680275,14.26583328376649,-1.352784816214772,20.83520230276197
22500187,2026,11/08/2025,MIA,POR,5.0,False,2.3,-2.0,3,3,6,5,16.446818897048846,22.89220247877686,16.25568842340334,27.355830808239322
22500188,2026,11/08/2025,SAS,NOP,7.0,False,22.4,-2.0,2,3,5,11,-8.816771273461313,-23.138012074442315,-4.96565263279339,-25.675896438439132
22500189,2026,11/08/2025,DEN,IND,17.0,False,19.4,-2.0,0,6,3,7,-56.02555868062308,-22.431509900679913,-49.71371563024013,-14.457044970765295
22500190,2026,11/08/2025,LAC,PHX,-11.0,False,-0.6000000000000001,0.0,2,0,7,4,22.60603370979867,32.483517174878386,25.128871222244353,32.32037482201112
22500191,2026,11/09/2025,MIL,HOU,-7.0,False,-0.5,0.0,2,2,7,7,1.7492139297833802,-1.3771482714711603,0.3887284670447748,-0.43797381155975756
22500192,2026,11/09/2025,NYK,BKN,36.0,True,17.1,1.0,0,1,4,6,-10.688710697960257,-20.784386635889398,-8.277470952464416,-24.78698891097615
22500193,2026,11/09/2025,ORL,BOS,-4.0,False,-3.3,0.0,2,1,5,6,-7.976829126633207,-16.448732453544483,-8.319169839585701,-10.253551556337257
22500194,2026,11/09/2025,MEM,OKC,-14.0,False,-17.5,0.0,2,3,4,8,-5.991493991270229,-14.643210408610948,-3.361854661859926,-11.59419851764298
22500195,2026,11/09/2025,PHI,DET,-3.0,False,-2.3999999999999995,-1.0,2,3,12,5,-11.570052999139238,11.453847079537368,-19.89759638659438,4.25474908007493
22500196,2026,11/09/2025,GSW,IND,31.0,False,6.6000000000000005,1.0,0,8,1,9,-75.5283087803693,-57.3226259448205,-70.02822067727976,-53.447489701157394
22500197,2026,11/09/2025,SAC,MIN,-27.0,False,-8.5,0.0,1,0,7,2,9.788475527319656,23.171451814250688,9.09508330639825,16.771658813947454
22500198,2026,11/10/2025,CHA,LAL,-10.0,False,-3.2,1.0,4,2,11,9,7.565106299320789,10.590742200965288,12.9973957666028,22.468652088619244
22500199,2026,11/10/2025,DET,WAS,2.0,False,22.5,-1.0,4,1,8,7,27.665991119075578,30.77721152916343,31.851850394386965,35.702793292339535
22500200,2026,11/10/2025,ORL,POR,3.0,False,-4.6000000000000005,-1.0,2,3,5,5,1.7786906151174193,8.691596707465255,-1.1501624387935543,8.714002513035624
22500201,2026,11/10/2025,MIA,CLE,2.0,False,0.8999999999999995,0.0,3,1,6,8,27.570115003371715,9.130398710847352,28.276477693592255,9.293467094140816
22500202,2026,11/10/2025,CHI,SAS,-4.0,False,-5.1000000000000005,0.0,2,1,4,3,14.751026695725004,31.809960316092287,13.295112945809803,29.255858037923836
22500203,2026,11/10/2025,DAL,MIL,-2.0,False,-8.3,1.0,1,2,6,6,-12.932159184689333,27.47999095240764,-12.63320916589376,20.74552964513739
22500204,2026,11/10/2025,PHX,NOP,23.0,False,12.2,0.0,1,2,4,10,-10.997320207009304,-38.26481188436233,-7.681147283501501,-36.39877307590534
22500205,2026,11/10/2025,UTA,MIN,-7.0,False,-13.600000000000001,2.0,2,1,8,4,19.681529375891166,32.720246996888164,19.258739183332334,38.14928559065467
22500206,2026,11/10/2025,LAC,ATL,-3.0,False,-4.5,0.0,1,1,7,5,3.0692763944103447,12.75062401843023,4.30468866894908,2.3573174276371134
22500207,2026,11/11/2025,BKN,TOR,-10.0,False,-17.7,-1.0,2,2,7,7,7.369047046951007,11.067627934997951,6.399844014553892,12.584377354040598
22500208,2026,11/11/2025,NYK,MEM,13.0,False,14.6,0.0,0,2,7,6,-25.329358991947387,-10.491447547276845,-25.744799663678062,-15.876663494834744
22500209,2026,11/11/2025,PHI,BOS,2.0,False,1.1,0.0,2,1,11,6,-7.188770598564076,13.554113559254702,-8.150757904460168,17.16865686662301
22500210,2026,11/11/2025,OKC,GSW,24.0,False,13.3,0.0,4,0,8,1,39.20827972965959,36.91807501199034,35.76668201662573,33.96777608213331
22500211,2026,11/11/2025,UTA,IND,24.0,False,3.1999999999999993,-1.0,5,5,7,7,-7.637656939539909,-2.218067637358871,1.077068511566459,10.319686341817444
22500212,2026,11/11/2025,SAC,DEN,-14.0,False,-22.0,-1.0,2,0,7,5,12.124627978747533,14.152018463000486,12.890094938531263,10.001577372904162
22500213,2026,11/12/2025,CHA,MIL,11.0,False,-3.1999999999999997,0.0,4,2,10,4,9.83315553325555,0.4141346732025255,14.008965390941086,14.012270100833092
22500214,2026,11/12/2025,DET,CHI,11.0,False,5.4,0.0,3,2,9,4,5.144561432638206,47.344499715246386,6.434275365111873,59.40748994115533
22500215,2026,11/12/2025,NYK,ORL,-17.0,True,9.4,-1.0,0,1,4,4,-4.158023804686282,-6.412710727823651,-4.648862447426322,-10.988855386589849
22500216,2026,11/12/2025,BOS,MEM,36.0,False,7.699999999999999,0.0,1,1,4,5,9.721341876575432,-19.984785287832256,11.423780053978568,-21.204769378765437
22500217,2026,11/12/2025,MIA,CLE,-14.0,False,0.9000000000000004,0.0,3,5,6,8,-21.226231717712167,-27.165850571685617,-22.019151321322546,-25.96031952847582
22500218,2026,11/12/2025,HOU,WAS,23.0,False,23.0,1.0,2,1,4,6,7.7204775527800855,-11.257553260998428,7.629377041005229,-7.96019016336863
22500219,2026,11/12/2025,NOP,POR,-8.0,False,-14.600000000000001,0.0,2,3,8,4,5.902765337256831,29.205981781028864,-0.9502519405591627,26.1698127383903
22500220,2026,11/12/2025,SAS,GSW,-5.0,False,9.5,1.0,1,0,4,3,10.628436142056811,18.71168463482153,10.110102241651596,14.453407343178997
22500221,2026,11/12/2025,DAL,PHX,-9.0,False,-5.300000000000001,0.0,1,1,6,4,-8.128257279699582,30.602832098848598,-6.14900363509207,25.33445464827811
22500222,2026,11/12/2025,OKC,LAL,29.0,False,13.900000000000002,-1.0,4,2,7,7,18.463455534977605,8.298155449890203,16.232262361849315,6.265207826765796
22500223,2026,11/12/2025,SAC,ATL,-33.0,False,-12.1,-1.0,3,1,7,3,15.208953874276897,19.470398295269177,11.98627786671932,12.622706647881934
22500224,2026,11/12/2025,LAC,DEN,-14.0,False,-18.4,1.0,2,0,5,1,28.701732747516317,41.243114644817275,25.976824847335024,36.7140008660667
22500225,2026,11/13/2025,CLE,TOR,-13.0,False,5.3,-1.0,5,3,8,7,14.14097047398403,11.038220589513173,16.793194951097178,13.402529066887212
22500226,2026,11/13/2025,PHX,IND,35.0,False,18.1,-1.0,2,5,5,7,-16.184608190332877,-8.56511946647953,-10.655969915034557,-1.7162686008877301
22500227,2026,11/13/2025,UTA,ATL,-10.0,False,-13.0,1.0,4,2,8,5,2.708626054355058,3.8090945490340786,3.579076589683126,6.32284267872982
22500228,2026,11/15/2025,CLE,MEM,8.0,False,14.899999999999999,-1.0,4,1,9,5,13.806169628703737,20.142761870243195,17.21423204378242,23.042119143223324
22500229,2026,11/15/2025,CHA,OKC,-13.0,False,-22.3,-2.0,5,3,10,7,-1.8644297429970464,1.9943301967637623,4.703476316791807,15.825087118200628
22500230,2026,11/15/2025,IND,TOR,-18.0,False,-17.0,0.0,6,2,8,7,41.07042592710408,20.260632736897044,32.26601595305771,11.841634298175144
22500231,2026,11/15/2025,MIL,LAL,-24.0,False,1.8,0.0,3,4,3,8,-15.066748175952867,-26.391327359878133,-11.027690567382681,-23.457076623664268
22500232,2026,11/15/2025,MIN,DEN,-11.0,False,-6.5,-2.0,1,2,4,6,-20.504721429507587,-21.156912804331395,-16.72969144508963,-17.058414925090144
22500233,2026,11/16/2025,BOS,LAC,3.0,False,14.3,1.0,1,2,6,7,-6.631671003256514,-7.404276454824689,-3.779275149618737,-6.519575697350469
22500234,2026,11/16/2025,SAS,SAC,13.0,False,17.4,0.0,1,1,4,7,0.5497794440511488,10.779450179888848,0.7455690568538724,14.184051155879072
22500235,2026,11/16/2025,WAS,BKN,-23.0,False,-4.500000000000002,1.0,0,1,5,6,-10.215775076804645,-13.148039211662152,-7.911223705521121,-16.353279475740358
22500236,2026,11/16/2025,HOU,ORL,4.0,False,9.8,0.0,3,2,8,6,-3.086699187523088,-8.911887324786491,-1.5824375477096346,-9.394376858958644
22500237,2026,11/16/2025,NOP,GSW,-18.0,False,-14.3,0.0,1,1,9,1,-1.8504416937311312,47.22452274189096,-4.944240715750233,45.25966809573795
22500238,2026,11/16/2025,DAL,POR,5.0,False,-3.3000000000000003,0.0,1,3,6,6,-14.117926397180373,5.867916638970691,-15.426757502741062,1.668175702043527
22500239,2026,11/16/2025,PHX,ATL,-2.0,False,2.8000000000000007,0.0,2,1,4,5,9.642676445773308,-9.288858855747577,6.6376055105060665,-14.120694521602118
22500240,2026,11/16/2025,UTA,CHI,3.0,False,-7.8,0.0,3,1,8,5,19.027707571871744,16.5948974336413,19.676951236715894,21.215875163747036
22500241,2026,11/17/2025,CLE,MIL,12.0,False,6.3,0.0,5,2,10,5,7.925006610633414,24.94530132505413,10.771421001267122,31.13965511083797
22500242,2026,11/17/2025,DET,IND,15.0,False,22.5,1.0,2,5,6,8,-28.166390717350083,8.435232684039867,-20.012206942695514,26.241447482796318
22500243,2026,11/17/2025,PHI,LAC,2.0,False,10.2,2.0,3,4,12,7,-14.176168324229618,16.29603878941561,-13.20584405402223,18.165343271944018
22500244,2026,11/17/2025,MIA,NYK,2.0,False,-5.9,0.0,3,2,5,8,5.898950725397736,-6.3933426488139915,8.905788560482456,2.221099801127366
22500245,2026,11/17/2025,TOR,CHA,2.0,False,14.3,0.0,0,4,8,12,-19.33076654378367,-7.84554891989832,-23.150399130482473,-18.910624330978877
22500246,2026,11/17/2025,MIN,DAL,24.0,False,11.3,1.0,1,4,1,6,-39.829656065386814,-58.390355242763775,-35.93417092203563,-51.555273027577364
22500247,2026,11/17/2025,NOP,OKC,-17.0,False,-31.5,-1.0,1,3,10,7,-22.42136205293789,20.113885503686745,-22.61151323289394,23.847209907419035
22500248,2026,11/17/2025,DEN,CHI,-3.0,False,16.4,1.0,1,2,5,4,-11.320042694832635,-19.043443360887835,-11.264941257743875,-16.530512046662718
22500249,2026,11/18/2025,ORL,GSW,8.0,False,4.8,0.0,2,1,5,4,16.97021254549042,17.93085787141079,14.58201623107062,18.602743408841963
22500250,2026,11/18/2025,BKN,BOS,-14.0,False,-16.1,0.0,1,1,7,4,-11.973013634723662,1.4474310093798692,-14.596334486120618,5.96514784880582
22500251,2026,11/18/2025,ATL,DET,-8.0,False,-2.0,1.0,1,2,5,7,4.273346740659234,9.161425516478772,7.309863291257752,3.5412422416091687
22500252,2026,11/18/2025,SAS,MEM,10.0,False,13.6,-1.0,4,2,5,6,25.259622346234373,13.598580142165481,29.42658711077931,12.216329782283111
22500253,2026,11/18/2025,LAL,UTA,14.0,False,11.1,1.0,0,2,6,7,-23.254292417193273,-27.651321028878975,-23.524535680524885,-34.37604182143297
22500254,2026,11/18/2025,POR,PHX,-17.0,False,-12.799999999999999,0.0,2,2,5,4,-13.431629133626023,5.124105295121943,-11.179055653076182,8.099355217295667
22500255,2026,11/19/2025,CLE,HOU,-10.0,False,-7.700000000000001,-1.0,4,3,10,6,-0.055640492812237596,22.01013708781791,2.0117443759623903,25.879508463552106
22500256,2026,11/19/2025,IND,CHA,9.0,False,-10.700000000000001,0.0,5,4,9,12,25.6881138274809,6.633401441830458,13.504094458747435,-13.988937263361684
22500257,2026,11/19/2025,MIA,GSW,14.0,False,-1.9,1.0,2,3,6,5,-22.72190406803182,-35.8281582308676,-23.728886776177035,-33.11872022078779
22500258,2026,11/19/2025,PHI,TOR,-9.0,False,-6.2,0.0,3,2,13,8,6.304261934813159,25.57748873654812,6.368084731190184,26.06838458650744
22500259,2026,11/19/2025,MIN,WAS,11.0,False,29.8,-1.0,2,0,4,8,18.1801998435693,-21.22041979785014,18.62330790411007,-18.37009824746868
22500260,2026,11/19/2025,NOP,DEN,-7.0,False,-24.0,0.0,2,2,8,6,-1.2233302033739797,0.347630243524911,-3.417975063284608,0.35896450119596324
22500261,2026,11/19/2025,OKC,SAC,14.0,False,33.9,-1.0,3,2,7,8,2.581935313766536,-6.26292096070344,1.627087781405855,-5.806736468201564
22500262,2026,11/19/2025,DAL,NYK,-2.0,False,-13.6,0.0,2,1,7,7,9.34302073451332,21.0048276628008,9.414653806594657,24.17557105819337
22500263,2026,11/19/2025,POR,CHI,-1.0,False,-2.4,-1.0,5,1,7,3,41.7403958155504,30.689743508049997,41.99050933594298,30.180620458863345
22500264,2026,11/20/2025,ORL,LAC,28.0,False,13.0,-1.0,2,4,4,6,-11.049005432737157,-9.946922343932883,-10.726481433729475,-8.30760836528799
22500265,2026,11/20/2025,MEM,SAC,41.0,False,3.6999999999999993,1.0,2,1,5,7,9.159911101303013,12.59806987901289,7.646575306560493,13.558409647739857
22500266,2026,11/20/2025,MIL,PHI,-9.0,False,-5.3999999999999995,2.0,3,3,6,12,26.848004739359382,-4.291203185405244,25.640139010341283,-6.893824784863874
22500267,2026,11/20/2025,SAS,ATL,9.0,False,-4.4,0.0,4,1,6,4,35.8719055998241,27.48639324629479,37.549286493506315,24.291504047426535
22500268,2026,11/22/2025,CHA,LAC,-15.0,False,3.6000000000000005,1.0,1,4,9,7,-32.80478915875214,-16.929810230090254,-29.435926166609782,-4.9911564421513575
22500269,2026,11/22/2025,ORL,NYK,12.0,False,0.20000000000000107,-1.0,2,1,5,6,14.36497169832011,3.0439102270637974,14.048227815072087,7.30481172140032
22500270,2026,11/22/2025,NOP,ATL,-17.0,False,-13.7,-1.0,3,1,10,4,14.033003647821673,19.514704869043562,7.801665479780752,17.949743343366777
22500271,2026,11/22/2025,CHI,WAS,1.0,False,12.3,0.0,1,3,5,8,-9.761981980475264,-8.406461426760686,-9.933278106260719,-12.170283946670068
22500272,2026,11/22/2025,MIL,DET,-13.0,False,-15.5,-1.0,3,3,3,5,38.892207570622524,26.651459760115227,38.82323430674007,17.248311736658845
22500273,2026,11/22/2025,DAL,MEM,-6.0,False,1.7000000000000002,-1.0,3,2,6,5,5.14995708728172,9.432164154181727,4.9341667848607536,4.005242279836452
22500274,2026,11/22/2025,DEN,SAC,-5.0,False,29.200000000000003,-1.0,3,1,6,7,14.313620874651466,4.369045724400124,13.511134741045556,7.5513157317671045
22500275,2026,11/23/2025,PHI,MIA,-10.0,False,-3.3,1.0,3,4,13,6,-14.327639157370598,20.987528432867585,-17.135236453008908,16.647057962493946
22500276,2026,11/23/2025,ATL,CHA,3.0,False,12.1,0.0,3,4,5,11,12.561661155684199,-7.961035901156052,10.035302760471719,-15.115647994643076
22500277,2026,11/23/2025,BOS,ORL,9.0,False,-3.1,1.0,1,2,4,6,-7.352884283035792,-25.64424966597209,-4.9954145455985,-25.476414748275225
22500278,2026,11/23/2025,CLE,LAC,15.0,False,14.2,1.0,5,3,9,6,20.18013625073901,24.65770630897903,25.72914598001868,33.500645621734606
22500279,2026,11/23/2025,TOR,BKN,10.0,False,21.0,0.0,1,1,8,7,1.9094743078245866,11.585126143798831,2.942711399755897,6.9786969237053995
22500280,2026,11/23/2025,OKC,POR,27.0,False,24.0,0.0,3,4,6,6,-9.183571872155603,-14.440700830244296,-9.804132682530387,-16.05698586030858
22500281,2026,11/23/2025,PHX,SAS,9.0,False,7.4,-1.0,2,4,4,6,-25.630589071262637,-13.97759076517017,-30.363611033131384,-20.615346692238013
22500282,2026,11/23/2025,UTA,LAL,-2.0,False,-14.600000000000001,-1.0,3,1,7,8,23.318461999936957,17.792394962093052,23.88763455744131,22.79581421823104
22500283,2026,11/24/2025,IND,DET,-5.0,False,-25.1,1.0,5,3,8,7,33.318779474234425,22.510390283013784,27.11535211783452,5.211831192490969
22500284,2026,11/24/2025,TOR,CLE,11.0,False,4.799999999999999,0.0,1,6,7,10,-41.31599337252871,-31.27915525903265,-40.51227044645169,-32.480941800254215
22500285,2026,11/24/2025,BKN,NYK,-13.0,False,-15.1,-1.0,1,2,7,5,-9.63020911193588,4.522799261231036,-9.622804422503712,5.916299593975793
22500286,2026,11/24/2025,MIA,DAL,4.0,False,10.4,-1.0,4,2,6,5,18.908465918227336,-6.655055781897076,23.192387954690812,6.7316722989863536
22500287,2026,11/24/2025,MEM,DEN,-10.0,False,-13.600000000000001,0.0,2,3,6,6,-5.238507816160343,1.0713070106368079,-5.940628728781171,3.408092949156341
22500288,2026,11/24/2025,MIL,POR,-12.0,False,-0.5,1.0,3,4,3,5,9.404962221088624,4.635573238040159,8.802469930033006,4.391582912297203
22500289,2026,11/24/2025,NOP,CHI,13.0,False,-4.299999999999999,0.0,4,3,11,6,6.151713428082996,7.2651631353133155,2.889982385064279,9.18827893853544
22500290,2026,11/24/2025,PHX,HOU,-22.0,False,0.09999999999999964,-2.0,4,5,5,7,8.795325544976954,12.286735820210616,5.041573895084959,3.6783688935391723
22500291,2026,11/24/2025,GSW,UTA,17.0,False,6.199999999999999,2.0,3,5,3,7,-2.2117032497791556,-8.948031336801918,-1.198395398432389,-13.97392376978187
22500292,2026,11/24/2025,SAC,MIN,5.0,False,-28.1,-1.0,1,0,5,3,18.772313785553674,20.206286959196724,18.24833894405642,17.82429434719925
22500293,2026,11/29/2025,MIN,BOS,4.0,False,2.3000000000000007,0.0,0,1,3,5,-21.760315066535608,-25.68724605032054,-21.89736012672153,-22.987571562893827
22500294,2026,11/29/2025,CHA,TOR,7.0,False,-17.0,-2.0,4,3,11,6,-14.684649669743166,-1.3547026028486613,-15.335709380714032,6.896884105800638
22500295,2026,11/29/2025,IND,CHI,2.0,False,-2.4000000000000004,0.0,4,4,8,7,-1.5720201288556304,-11.415192320539994,-1.3977501006689224,-11.058044450522914
22500296,2026,11/29/2025,MIA,DET,-3.0,False,-0.5999999999999996,2.0,1,4,6,8,-22.251214700725306,-9.52266153110969,-18.13737271980063,-8.815542791629625
22500297,2026,11/29/2025,MIL,BKN,17.0,False,1.1000000000000005,0.0,1,3,2,7,-26.199767466763376,-42.38293603104053,-22.949785480765463,-42.94566032122361
22500298,2026,11/29/2025,GSW,NOP,8.0,False,11.700000000000001,0.0,2,4,4,11,6.093530403240724,-24.23250071982092,9.67743951507979,-24.603637576391478
22500299,2026,11/29/2025,PHX,DEN,-18.0,False,1.2999999999999998,0.0,4,3,5,3,9.120323325011704,17.08496354151191,6.972058934105192,12.891200971443467
22500300,2026,11/29/2025,LAC,DAL,-4.0,False,-1.0999999999999996,0.0,4,5,7,8,-22.354077424473857,-41.769907794052195,-25.35692409029094,-40.3790840223051
22500301,2026,11/30/2025,UTA,HOU,-28.0,False,-18.1,-1.0,7,3,8,5,15.554698541002509,16.275308020318732,21.70677053045593,22.39780292950303
22500302,2026,11/30/2025,CLE,BOS,-2.0,False,-2.5,1.0,5,3,8,6,-16.320915769074148,-22.057033131619683,-14.1695584278134,-17.376778671898037
22500303,2026,11/30/2025,NYK,TOR,22.0,False,-2.000000000000001,1.0,2,3,5,5,-13.697698436263611,-11.444981089035878,-15.635236328680673,-10.842896129978893
22500304,2026,11/30/2025,PHI,ATL,-8.0,False,-7.6,0.0,3,2,12,3,-11.710028710625714,14.996837876020749,-11.863558247524573,14.902980125308709
22500305,2026,11/30/2025,POR,OKC,-8.0,False,-24.799999999999997,1.0,3,1,5,8,10.909266366900633,7.77319590029753,11.904292373924523,8.799112513343786
22500306,2026,11/30/2025,MIN,SAS,13.0,False,1.7999999999999998,-1.0,0,3,1,3,-42.44051008142866,-41.358131653230735,-45.10826649127618,-42.22597644496931
22500307,2026,11/30/2025,SAC,MEM,-8.0,False,-10.6,0.0,1,1,6,5,2.860412196243036,8.001709122739157,2.8276648913885527,4.03187199048606
22500308,2026,11/30/2025,LAL,NOP,12.0,False,12.8,1.0,3,6,10,12,-28.24441529067733,-24.811755688352193,-25.400949577050646,-26.493968854235348
22500309,2026,12/01/2025,DET,ATL,1.0,False,1.5999999999999996,1.0,3,2,8,3,-25.635884307461403,-2.4819905834823786,-26.58787142722884,4.015654530220544
22500310,2026,12/01/2025,IND,CLE,-16.0,False,-8.299999999999999,1.0,4,5,7,5,-19.3917478142793,-9.86559240901655,-21.709035038942794,-14.709428456059733
22500311,2026,12/01/2025,WAS,MIL,3.0,False,-8.0,1.0,3,2,8,5,19.04627568881186,28.527727220121406,17.41250557455966,30.932267684982822
22500312,2026,12/01/2025,BKN,CHA,13.0,False,-3.000000000000001,0.0,2,3,8,10,8.157956152824207,0.4188524876912396,7.414312976671089,-4.039955914362707
22500313,2026,12/01/2025,MIA,LAC,17.0,False,11.3,0.0,1,3,3,5,-18.78953436914169,-20.31292458067874,-10.894125049344325,-9.140686124791134
22500314,2026,12/01/2025,ORL,CHI,5.0,False,17.7,1.0,3,4,3,6,7.870844541475808,-13.233343883633133,5.795797021285789,-13.330000196371515
22500315,2026,12/01/2025,DEN,DAL,-10.0,False,11.5,0.0,3,1,5,5,22.485012719931305,-3.610084486478499,22.21882663256985,-4.121947294875461
22500316,2026,12/01/2025,UTA,HOU,8.0,False,-18.200000000000003,0.0,3,4,7,8,-6.6978892693921495,2.350103967850707,-4.168106116628358,9.22755902970119
22500317,2026,12/01/2025,LAL,PHX,-17.0,False,1.7000000000000002,-1.0,1,2,7,4,-11.068421140231697,-3.8374244000154647,-9.898432843643958,-1.8723235328399994
22500318,2026,12/02/2025,PHI,WAS,19.0,False,5.199999999999999,1.0,3,5,11,6,-16.44272407608721,21.069314907713377,-18.101318316964612,19.3419330151371
22500319,2026,12/02/2025,TOR,POR,3.0,False,13.7,0.0,2,3,4,5,-2.436024516826933,-1.811707050246735,-3.036025107074174,-3.165925477388715
22500320,2026,12/02/2025,BOS,NYK,6.0,False,-0.7000000000000002,0.0,0,2,4,7,-20.422450635492062,-19.373818464946165,-17.72920918748946,-16.69158588386016
22500321,2026,12/02/2025,NOP,MIN,-7.0,False,-13.600000000000001,0.0,3,0,6,3,26.930429723215028,49.03292942447226,23.495096011499182,41.80871001694618
22500322,2026,12/02/2025,SAS,MEM,7.0,False,3.5999999999999996,0.0,3,1,5,3,26.202675718197106,24.007882530682675,29.392039455548467,22.039414087557148
22500323,2026,12/02/2025,GSW,OKC,-12.0,False,-18.1,1.0,2,4,4,5,-1.5710748288452194,3.0919927145039026,1.302388442779037,6.602048192813172
22500324,2026,12/03/2025,CLE,POR,-12.0,False,10.1,1.0,4,4,6,5,-8.880587605974423,-10.068315315054356,-7.94191201523072,-8.06881917177477
22500325,2026,12/03/2025,IND,DEN,-15.0,False,-10.0,0.0,3,3,6,3,-9.459362566769364,0.10889254146020733,-7.88052174152007,-0.8499812356127023
22500326,2026,12/03/2025,ORL,SAS,-2.0,False,8.100000000000001,1.0,3,3,4,5,-7.397998726329966,-15.261936232596241,-12.097750964341778,-18.245964839206465
22500327,2026,12/03/2025,ATL,LAC,-23.0,False,8.0,0.0,2,4,3,6,6.346265984988335,23.458185746868374,11.297628852993231,25.420400065415997
22500328,2026,12/03/2025,NYK,CHA,15.0,False,12.7,-1.0,3,4,6,5,6.735482980470913,16.868518088502725,5.136742644989017,14.153014475238859
22500329,2026,12/03/2025,CHI,BKN,-10.0,False,-3.3000000000000003,0.0,2,2,7,6,6.213403736331291,29.498110314368766,6.513282090138418,26.868220719346994
22500330,2026,12/03/2025,HOU,SAC,26.0,False,24.5,-1.0,3,1,5,4,3.9318926308061997,-6.242092304789633,4.302736907862187,-5.180748577969098
22500331,2026,12/03/2025,MIL,DET,4.0,False,-11.4,0.0,1,2,6,5,0.7441467892504292,0.6607748143399981,3.3089097797069567,-4.151981303035612
22500332,2026,12/03/2025,DAL,MIA,10.0,False,-9.1,0.0,1,0,4,2,10.957229539290323,11.696380148091148,9.882496998336253,11.559707362793375
22500333,2026,12/04/2025,PHI,GSW,1.0,False,-4.0,0.0,3,1,10,2,3.0095131339019687,17.437567697598624,3.548512607036532,20.868489607239695
22500334,2026,12/04/2025,WAS,BOS,-45.0,False,-17.9,0.0,5,0,5,2,42.5640270692119,11.890076224142287,45.64345671820415,18.142702989845958
22500335,2026,12/04/2025,BKN,UTA,-13.0,False,4.0,-2.0,3,3,3,6,15.641335268078791,-10.513503498988321,8.862851977825102,-21.0119253160341
22500336,2026,12/04/2025,TOR,LAL,-3.0,False,-0.10000000000000053,-1.0,3,2,4,10,7.62798062777793,-18.250844386292194,8.397151984841251,-18.866672119657082
22500337,2026,12/04/2025,NOP,MIN,-9.0,False,-12.899999999999999,0.0,4,0,6,3,43.50354455106742,44.227662989254355,40.361484150176366,38.94541623616314
22500338,2026,12/05/2025,BOS,LAL,21.0,False,5.6,0.0,0,3,1,5,-44.35852704040738,-46.03130826441787,-44.27187928286769,-46.86061964885898
22500339,2026,12/05/2025,ORL,MIA,1.0,False,2.4000000000000004,0.0,2,0,5,3,15.297890032510242,-0.9403452658823959,14.337986456912883,-2.1700354353190328
22500340,2026,12/05/2025,ATL,DEN,-1.0,False,-6.6,0.0,1,3,3,5,-14.86250755879934,-13.32386747234019,-13.039739007204766,-9.61402322913128
22500341,2026,12/05/2025,CLE,SAS,13.0,False,-1.4,0.0,5,3,5,4,-0.7956066401835074,-11.672110394990284,0.2301825301235283,-11.10744464359567
22500342,2026,12/05/2025,DET,POR,6.0,False,9.0,0.0,2,3,5,4,-21.23380922107751,-19.488929471729932,-22.84457646505346,-16.10131414800452
22500343,2026,12/05/2025,NYK,UTA,34.0,False,14.7,1.0,1,2,3,4,-12.568111080786938,-6.998161305325684,-15.279965477264179,-19.9955544495462
22500344,2026,12/05/2025,TOR,CHA,-25.0,False,11.9,-1.0,2,3,2,4,2.839713078219095,-2.007806221258434,4.913351457326897,-0.22136797005809328
22500345,2026,12/05/2025,CHI,IND,-15.0,False,-3.3,0.0,1,4,5,8,-18.365734977991863,10.024303076750272,-20.47276508915745,10.637576880801205
22500346,2026,12/05/2025,HOU,PHX,19.0,False,8.5,-1.0,3,2,6,3,-6.9268533210492365,12.983662669402612,-5.76243057460859,16.393672799148924
22500347,2026,12/05/2025,MEM,LAC,9.0,False,4.7,1.0,2,4,4,6,-9.820494906846882,-5.937838385279463,-1.509215520423286,2.8920461406136866
22500348,2026,12/05/2025,MIL,PHI,-15.0,False,-3.0000000000000004,1.0,2,3,2,4,-1.2019886646721787,-6.810284691887631,-0.7757770506779664,-6.440485486632603
22500349,2026,12/05/2025,OKC,DAL,21.0,False,17.799999999999997,1.0,3,3,4,3,-5.889853091765701,3.8285985177050605,-5.48240560230272,3.4770190174209077
22500350,2026,12/06/2025,BKN,NOP,18.0,False,4.7,0.0,2,3,3,6,-21.215597092871597,-27.492673304479833,-18.244394457428697,-25.507159808002925
22500351,2026,12/06/2025,WAS,ATL,-15.0,False,-13.700000000000001,1.0,4,3,6,3,0.24338312449505395,14.748180283972275,1.0792741329784263,15.521393630112591
22500352,2026,12/06/2025,CLE,GSW,-5.0,False,2.4,-1.0,5,2,6,5,7.964446231225448,-25.776090525807803,9.648433150401573,-24.82166915863543
22500353,2026,12/06/2025,DET,MIL,12.0,False,9.6,0.0,2,2,4,3,-27.50816682293203,-20.309674654103894,-28.48194700856594,-12.456721773917415
22500354,2026,12/06/2025,MIA,SAC,-16.0,False,19.9,-2.0,0,2,3,4,-30.71093883699985,5.518986439675643,-30.6588534486,2.2814000374299894
22500355,2026,12/06/2025,MIN,LAC,3.0,False,10.2,1.0,0,4,2,7,-22.638279537335986,-21.85816969303054,-18.8311084317315,-17.040473457047643
22500356,2026,12/06/2025,DAL,HOU,13.0,False,-16.6,0.0,1,3,3,6,-19.051244575597757,-26.50751138159755,-19.602228185696568,-28.659358494971695
22500357,2026,12/07/2025,NYK,ORL,6.0,False,2.0,0.0,1,2,3,2,-8.178906190233057,16.589176993140654,-8.630258199998067,15.605821476794423
22500358,2026,12/07/2025,TOR,BOS,-8.0,False,-8.299999999999999,0.0,1,0,4,3,14.341714767964929,12.840926488062863,14.486923671366403,13.21094491112835
22500359,2026,12/07/2025,CHA,DEN,-9.0,False,-7.8999999999999995,0.0,4,3,6,5,1.7416798134659999,8.969749518178858,1.9306177697085474,6.9017313388222306
22500360,2026,12/07/2025,MEM,POR,23.0,False,8.6,0.0,1,3,3,5,-24.46814098869673,-25.22368451278491,-21.880397592219573,-24.676449996798283
22500361,2026,12/07/2025,CHI,GSW,-32.0,False,-8.8,1.0,1,3,4,5,-28.863236409601804,-14.975499595284113,-30.814898873190792,-19.887366657470096
22500362,2026,12/07/2025,PHI,LAL,-4.0,False,-6.8,0.0,2,1,6,7,13.717128528216723,6.35705689087164,12.848738548141323,6.219164875045731
22500363,2026,12/07/2025,UTA,OKC,-30.0,False,-25.0,0.0,2,5,4,5,-43.99171295110993,-16.194630584153657,-38.57382898717819,-11.365275856429527
22500364,2026,12/08/2025,IND,SAC,11.0,False,9.2,1.0,4,2,9,4,6.046538673008769,12.369218169498872,6.64152339024173,10.764290760585013
22500365,2026,12/08/2025,MIN,PHX,-3.0,False,6.6000000000000005,-1.0,0,3,2,5,-34.76151300470855,-30.54355946452364,-33.3120515332389,-28.87038510952164
22500366,2026,12/08/2025,NOP,SAS,-3.0,False,-9.5,-1.0,2,2,5,4,0.8660538460197458,6.713692379927643,-5.891586280826779,2.4847745772829626
22500367,2026,12/17/2025,CHI,CLE,16.0,False,-9.3,0.0,0,5,3,5,-33.3900987839701,-14.735906083889226,-36.28204113400637,-16.977751155904585
22500368,2026,12/17/2025,MIN,MEM,-6.0,False,-1.2000000000000002,1.0,1,4,4,6,-30.509128697464824,-22.25610181994766,-34.63925147974638,-26.48611359358067
22500369,2026,12/18/2025,OKC,LAC,21.0,False,25.599999999999998,0.0,2,4,6,5,-16.06361702438872,-4.8493701271211975,-10.041205845409142,1.8372080238997341
22500370,2026,12/18/2025,SAS,WAS,25.0,False,11.2,-1.0,0,2,1,4,-15.043830983856282,-18.726717993375548,-14.708427603218635,-18.28667785095474
22500371,2026,12/18/2025,CHA,ATL,7.0,False,1.1,0.0,6,1,6,3,10.438097636961373,-0.4139137078358637,11.098823251424786,-1.4676441946058496
22500372,2026,12/18/2025,IND,NYK,-1.0,False,-15.299999999999999,1.0,2,2,6,6,-1.825989510393418,-45.40472668040759,-0.2088956424114059,-37.72102627143333
22500373,2026,12/18/2025,BKN,MIA,-11.0,False,2.8,0.0,3,3,3,4,-16.138341993150814,-19.734253159330397,-15.302923117513252,-19.107581979806376
22500374,2026,12/18/2025,MIL,TOR,-6.0,False,-0.7999999999999998,0.0,2,3,7,5,4.701946803308232,11.901056044659107,4.575746616529557,12.501696472807318
22500375,2026,12/18/2025,NOP,HOU,5.0,False,-9.0,0.0,1,0,4,4,1.674635651869797,-7.321358511408967,2.08210704749596,-2.5631929099680058
22500376,2026,12/18/2025,DAL,DET,2.0,False,-5.3999999999999995,0.0,1,3,5,3,1.9628434018058574,15.46804823366709,2.861199492269529,18.521076067102626
22500377,2026,12/18/2025,DEN,ORL,11.0,False,2.7,0.0,2,4,4,6,-18.106868134808117,-16.920556428756647,-17.26300827507272,-17.02121404506326
22500378,2026,12/18/2025,PHX,GSW,1.0,False,-10.2,0.0,1,2,5,4,-2.2595665358283856,4.424433963751653,-3.839493333457712,3.9648390801860103
22500379,2026,12/18/2025,UTA,LAL,-8.0,False,-6.9,0.0,3,4,5,5,-1.650514347936479,0.4837239712284429,3.542983207720937,8.701568257823546
22500380,2026,12/18/2025,POR,SAC,1.0,False,1.0999999999999996,0.0,2,4,2,6,-19.65400267130518,-29.21829933740137,-20.273087582319786,-30.83003808733434
22500381,2026,12/19/2025,BOS,MIA,13.0,False,8.2,2.0,0,3,3,5,-33.65895343576682,-43.326133404324764,-32.93431324701029,-44.44149881838833
22500382,2026,12/19/2025,NYK,PHI,-9.0,False,12.9,-2.0,2,2,5,5,-4.091792142554118,-14.31286028218469,-3.7789679975642017,-17.932773183561835
22500383,2026,12/19/2025,ATL,SAS,-28.0,False,-6.3,0.0,3,0,3,1,38.74179628073028,34.185501620358494,39.29291077324347,35.99407848193048
22500384,2026,12/19/2025,CLE,CHI,-11.0,False,4.7,0.0,5,0,6,3,33.41166042316686,47.17378545704838,36.30547024349522,48.04917578741513
22500385,2026,12/19/2025,MIN,OKC,5.0,False,-13.8,1.0,1,2,4,6,-1.5573842345306366,-10.840419070802284,-3.556758047347368,-8.699546906611655
22500386,2026,12/20/2025,DEN,HOU,-14.0,False,1.2999999999999998,0.0,2,1,3,4,17.53656608501446,15.85655584960163,17.06575984285618,16.659912686991643
22500387,2026,12/20/2025,PHI,DAL,7.0,False,0.5,-1.0,3,1,6,5,20.202798408325606,30.709235674787536,20.454881918595152,27.509126999169872
22500388,2026,12/20/2025,TOR,BOS,-16.0,False,-13.2,1.0,3,0,4,3,28.600854416299253,7.8235989739692755,28.375393311789146,11.136453982403761
22500389,2026,12/20/2025,NOP,IND,19.0,False,-2.1999999999999997,0.0,1,2,3,7,-12.617214093525915,-19.31663417451412,-12.593162341781074,-17.907161992398738
22500390,2026,12/20/2025,DET,CHA,26.0,False,5.800000000000001,0.0,3,3,3,5,-0.6061951680054385,-14.223993438830249,-2.481319110784656,-16.73612636914658
22500391,2026,12/20/2025,MEM,WAS,-8.0,False,15.399999999999999,1.0,5,3,6,7,27.72858886260988,16.326558904374558,29.423220527186672,17.293914286088267
22500392,2026,12/20/2025,GSW,PHX,3.0,False,11.3,0.0,2,1,4,5,1.809733071286436,-3.144082736401323,5.727873473129366,2.166244026189297
22500393,2026,12/20/2025,UTA,ORL,-1.0,False,-9.5,0.0,2,1,3,5,4.6168388677529535,-20.66129233131177,6.797648717921007,-17.798363765771114
22500394,2026,12/20/2025,SAC,POR,-5.0,False,-4.5,0.0,4,1,6,2,22.719005244720208,17.646849708576433,24.054927579825033,20.46732565322415
22500395,2026,12/20/2025,LAC,LAL,15.0,False,-7.8,0.0,3,5,5,6,-27.189464139467066,-29.33563784962615,-28.860984527394077,-31.529007950732307
22500396,2026,12/21/2025,ATL,CHI,-2.0,False,-0.3000000000000007,0.0,1,0,3,3,15.780145601746373,13.770605024862192,14.636777325588262,14.572771281994145
22500397,2026,12/21/2025,BKN,TOR,15.0,False,9.0,2.0,4,3,5,3,-5.202269576757704,-2.441544130829403,-6.572033344534184,-2.8199727098139427
22500398,2026,12/21/2025,NYK,MIA,7.0,False,13.299999999999999,0.0,2,3,6,4,-17.61678916307997,-4.546859485484184,-18.122300654111058,-10.086031421187275
22500399,2026,12/21/2025,WAS,SAS,-11.0,False,-13.5,-1.0,6,0,7,5,46.00638858344084,38.78191192722265,48.41697632322022,41.50946675492497
22500400,2026,12/21/2025,MIN,MIL,3.0,False,11.0,-1.0,0,2,3,6,-32.92055948354752,-33.9560779775605,-32.572921293101416,-32.58778755503319
22500401,2026,12/21/2025,SAC,HOU,1.0,False,-16.5,0.0,4,0,6,5,38.896806289206594,17.29591054057103,40.87617237908469,20.727594942553964
22500402,2026,12/22/2025,CLE,CHA,7.0,False,-1.5999999999999999,1.0,4,4,4,5,0.28319101291192794,-4.050617756250084,2.685721679606079,-1.8715491558278998
22500403,2026,12/22/2025,BOS,IND,8.0,False,10.4,0.0,0,3,3,7,-23.102151704898063,-17.495967609412638,-23.53549044843361,-19.615851028869898
22500404,2026,12/22/2025,NOP,DAL,6.0,False,-0.2,0.0,1,1,5,5,-8.979558454210814,-12.682772654584205,-7.523865034391506,-11.665661366248067
22500405,2026,12/22/2025,DEN,UTA,23.0,False,12.1,0.0,2,2,2,3,18.000712357545957,8.440620432762458,15.139794306986747,6.208376222494444
22500406,2026,12/22/2025,OKC,MEM,16.0,False,9.1,1.0,5,5,6,6,-3.916857753142793,0.07132009441360765,-2.1303760740771693,-0.8295208649245467
22500407,2026,12/22/2025,GSW,ORL,23.0,False,-1.0999999999999999,0.0,2,1,3,4,-2.823501650565719,-24.28548104475926,0.13670153720577005,-18.586035074992328
22500408,2026,12/22/2025,POR,DET,-8.0,False,-12.6,0.0,1,3,2,5,7.117115087127482,10.077245247499228,9.731799027910101,12.217226169671754
22500409,2026,12/23/2025,CHA,WAS,17.0,False,9.6,-1.0,1,1,5,2,-1.050083702937421,14.911880158131769,-1.6799038051340056,14.319402649708021
22500410,2026,12/23/2025,PHI,BKN,-8.0,False,1.7999999999999998,1.0,2,2,5,5,2.487128022440306,22.061546237596808,5.145978543940201,21.777926705034545
22500411,2026,12/23/2025,ATL,CHI,-3.0,False,-2.0999999999999996,0.0,3,0,4,3,34.20420315569959,27.64619049314301,36.11419271030046,31.341782027776162
22500412,2026,12/23/2025,CLE,NOP,23.0,False,-2.8,0.0,5,2,5,4,22.9350333447994,6.800138019209935,25.66085086018566,11.2174023458055
22500413,2026,12/23/2025,IND,MIL,-17.0,False,-0.2999999999999998,-1.0,3,1,6,1,-5.712428593164198,6.788235861389072,-3.5433654168980304,6.823150838815284
22500414,2026,12/23/2025,MIA,TOR,-21.0,False,4.5,0.0,3,2,3,5,7.598584830168761,-10.002308349485133,5.908435511878913,-11.029624587230728
22500415,2026,12/23/2025,DAL,DEN,1.0,False,-8.1,0.0,1,2,6,4,-17.99252493376205,13.792578625157795,-16.6936427369968,15.30854542536298
22500416,2026,12/23/2025,MIN,NYK,11.0,False,-3.499999999999999,0.0,2,5,4,6,-36.748018195906404,-30.704687284479956,-32.42867968181985,-25.056466433349268
22500417,2026,12/23/2025,SAS,OKC,20.0,False,-8.7,1.0,0,3,1,3,-20.976006611485076,-15.548413818816492,-22.05371443425924,-15.918851762872421
22500418,2026,12/23/2025,PHX,LAL,24.0,False,-3.5,0.0,2,3,4,4,-7.9471131244804525,-9.40397802123406,-11.00309249923572,-11.699020679968818
22500419,2026,12/23/2025,UTA,MEM,-9.0,False,-12.6,0.0,3,5,4,7,-14.208598234329422,-20.70865494018554,-9.430657156264338,-18.805366740927568
22500420,2026,12/23/2025,POR,ORL,-4.0,False,-1.2999999999999998,0.0,3,2,3,5,10.836617026918912,-15.371489366412142,13.469211935421981,-12.820950457224988
22500421,2026,12/23/2025,SAC,DET,-9.0,False,-17.200000000000003,1.0,3,3,6,7,27.524179794009424,9.260049174327314,29.766568126675878,11.953501110875
22500422,2026,12/23/2025,LAC,HOU,20.0,False,-10.0,1.0,4,0,5,0,36.96518274727179,40.01385761302616,32.10410420996368,34.67724209193044
22500423,2026,12/26/2025,ATL,MIA,-15.0,False,-1.5,0.0,1,1,3,4,-2.7930423275075693,-18.86659097783952,-2.3815658956336403,-18.963474610347525
22500424,2026,12/26/2025,ORL,CHA,-15.0,False,-1.7999999999999998,0.0,1,5,3,6,-10.077422501352913,10.657983770567778,-11.420905595919834,8.960198789774914
22500425,2026,12/26/2025,WAS,TOR,21.0,False,-6.3,0.0,2,2,3,3,-13.515254583922475,-17.83068227821933,-14.492611185587721,-18.937190478519923
22500426,2026,12/26/2025,IND,BOS,-18.0,False,-17.6,0.0,3,1,7,3,15.18764439272777,22.0346554171557,18.14526198621085,21.243357968701016
22500427,2026,12/26/2025,CHI,PHI,7.0,False,-7.5,0.0,0,2,4,4,-19.942868889062158,-13.270188034978535,-18.402392284425986,-9.062367959217468
22500428,2026,12/26/2025,MEM,MIL,21.0,False,6.9,0.0,4,1,6,2,8.711095867057033,17.713107674706684,8.037587759883841,16.604769430426018
22500429,2026,12/26/2025,NOP,PHX,-7.0,False,5.3,0.0,2,2,4,5,-15.953706400032072,-15.5061770614237,-14.605393407584836,-13.743991661106044
22500430,2026,12/26/2025,UTA,DET,2.0,False,-16.3,0.0,1,2,3,4,-3.624923815417498,-0.39835319739805186,-1.7410167810749697,5.6349762189155985
22500431,2026,12/26/2025,POR,LAC,-16.0,False,-2.8000000000000003,0.0,2,5,3,6,-11.063809252319928,-11.63149497096586,-5.621961306772548,-7.333040256721993
22500432,2026,12/27/2025,SAC,DAL,6.0,False,-7.1000000000000005,1.0,4,1,6,3,34.977203810948254,11.02768345121914,36.099958382169284,12.445056015622065
22500433,2026,12/27/2025,ORL,DEN,1.0,False,-13.6,-1.0,1,3,4,5,-21.93215608379475,4.9301753305960645,-20.527243363303683,4.234701767074924
22500434,2026,12/27/2025,NOP,PHX,-9.0,False,4.2,0.0,2,3,5,4,-23.817202266069664,-10.992734204712374,-22.444278183856632,-9.061984256712819
22500435,2026,12/27/2025,ATL,NYK,-3.0,False,-15.700000000000001,-1.0,1,2,3,7,-8.186454516252049,-23.533723320771077,-6.2471453412707145,-15.130786942741764
22500436,2026,12/27/2025,MIA,IND,26.0,False,2.0,0.0,2,3,2,7,14.192087804940776,-1.132970995540191,12.674058504539488,-0.5029017589711415
22500437,2026,12/27/2025,CHI,MIL,-9.0,False,4.4,0.0,0,0,3,5,0.0,-4.091908482958363,0.0,-6.5551157772888935
22500438,2026,12/27/2025,HOU,CLE,17.0,False,4.9,0.0,0,3,1,4,-8.051860179408243,7.15725025858862,-9.744646077375679,5.063158024898669
22500439,2026,12/27/2025,MIN,BKN,-16.0,False,-2.1,-1.0,1,2,3,4,-3.101555630491937,-7.990158762099709,-4.503567411561152,-9.756794427334162
22500440,2026,12/27/2025,SAS,UTA,-13.0,False,17.200000000000003,1.0,1,3,3,4,-2.8399821405634853,-3.100313482463399,-5.833840978465046,-6.831221100238192
22500441,2026,12/28/2025,TOR,GSW,14.0,False,-11.4,-1.0,2,2,3,6,10.361283184806338,-6.24756768325323,7.221595351204471,-9.548190265114854
22500442,2026,12/28/2025,OKC,PHI,25.0,False,6.799999999999999,1.0,2,3,3,5,-23.71241758570026,-30.649686608891564,-22.281130516215065,-27.082381140866378
22500443,2026,12/28/2025,WAS,MEM,4.0,False,-13.9,0.0,2,4,6,6,-24.726893127457856,-15.699269711390741,-22.374001260112486,-11.531506132638988
22500444,2026,12/28/2025,POR,BOS,6.0,False,-17.0,0.0,3,1,4,3,32.06390568609977,24.822834384247308,34.928520725633405,26.548434053749983
22500445,2026,12/28/2025,LAC,DET,13.0,False,-8.299999999999999,0.0,3,2,7,4,22.802960098975788,33.90747074002516,23.546193021255313,38.669577997983225
22500446,2026,12/28/2025,LAL,SAC,24.0,False,-2.1999999999999993,2.0,3,5,3,6,-20.890660955921494,-23.53097702375744,-21.57812692285182,-22.637618596169315
22500447,2026,12/29/2025,CHA,MIL,-10.0,False,6.9,1.0,5,1,7,4,35.14187131525064,32.40861207069781,35.02921968075952,29.13750964207776
22500448,2026,12/29/2025,WAS,PHX,-14.0,False,-5.3,-1.0,4,3,5,3,-5.929225374248929,-0.20809038635132993,-3.244462006675697,2.93960838563374
22500449,2026,12/29/2025,BKN,GSW,-13.0,False,4.800000000000001,1.0,2,2,5,3,-8.995084527994981,-3.593649050625533,-7.7731526017718675,-1.1223215551107835
22500450,2026,12/29/2025,MIA,DEN,24.0,False,-9.1,0.0,1,3,1,3,-21.34682311455052,-21.34682311455052,-20.572700415675637,-20.572700415675637
22500451,2026,12/29/2025,TOR,ORL,1.0,False,0.09999999999999964,-1.0,2,1,5,4,8.349190060733907,-1.2269520823003361,10.36233370357083,2.5583582555433253
22500452,2026,12/29/2025,CHI,MIN,-35.0,False,-3.8,0.0,1,1,1,2,6.946619983583035,6.011045287334724,5.855098361929222,3.3616612769793255
22500453,2026,12/29/2025,HOU,IND,7.0,False,12.5,0.0,1,2,1,5,8.2792213892704,-4.209344760443415,5.919793641804439,-5.322470075201647
22500454,2026,12/29/2025,NOP,NYK,-5.0,False,-3.5,0.0,2,3,5,4,-17.93472629269765,-10.204558614759122,-15.407818435586055,-3.5894564608721424
22500455,2026,12/29/2025,OKC,ATL,11.0,False,18.8,-1.0,4,3,4,4,-30.25791758043289,-35.010227202909405,-26.857241347812444,-33.37605988207737
22500456,2026,12/29/2025,SAS,CLE,-12.0,False,10.5,0.0,0,3,5,6,-8.127761510776757,-5.163845573453781,-9.836504554113677,-7.899222343376088
22500457,2026,12/29/2025,POR,DAL,3.0,False,-3.0,-1.0,2,1,4,5,17.62936999910022,-7.165061450446352,19.13155016537406,-3.5150719083831916
22500458,2026,12/30/2025,MEM,PHI,-3.0,False,5.9,0.0,5,2,6,6,23.4732026240922,4.224132682912227,22.31130598982767,6.074292318548018
22500459,2026,12/30/2025,UTA,BOS,-10.0,False,-18.0,1.0,3,1,5,3,12.28838650754658,20.462801449785683,16.262507026543293,22.210438388014992
22500460,2026,12/30/2025,LAL,DET,-22.0,False,-13.3,0.0,3,3,4,3,13.967448458775028,21.385118837013433,17.233538743533494,24.4610949492767
22500461,2026,12/30/2025,LAC,SAC,41.0,False,10.6,0.0,3,3,4,4,-6.599897893877625,-5.9370367778918265,-8.653642361182548,-6.9331977662257955
22500462,2026,12/31/2025,CHA,GSW,-7.0,False,-4.2,0.0,2,1,8,3,8.79535638209063,26.294925899306158,7.768987028442216,22.915896585274822
22500463,2026,12/31/2025,ATL,MIN,24.0,False,-12.399999999999999,0.0,0,1,2,1,-2.8740357324144044,19.227119311540335,-4.083760044298428,20.206173827560825
22500464,2026,12/31/2025,IND,ORL,-2.0,False,-6.1000000000000005,0.0,1,1,7,4,-8.657220489607832,-2.51708395770585,-7.711990491189217,-0.8241312159794099
22500465,2026,12/31/2025,CLE,PHX,16.0,False,0.19999999999999996,0.0,3,0,5,2,8.147937754340282,6.47668909932376,9.860922557943436,8.67161892793644
22500466,2026,12/31/2025,CHI,NOP,16.0,False,-6.0,0.0,3,2,4,5,26.964328921737632,15.693433489715822,26.845955788950846,15.950987922829086
22500467,2026,12/31/2025,SAS,NYK,2.0,False,4.1,0.0,1,3,5,5,-21.895406533098658,-16.711673064981383,-20.113363651400604,-10.635002556848342
22500468,2026,12/31/2025,TOR,DEN,-3.0,False,-6.5,0.0,2,3,5,6,-43.45473986061653,-36.76291592746717,-42.569463905253244,-37.303042678471535
22500469,2026,12/31/2025,MIL,WAS,-1.0,False,-1.6999999999999997,0.0,1,3,5,7,-21.6998172139215,-21.924104269404467,-22.63351835938838,-21.322298590894405
22500470,2026,12/31/2025,OKC,POR,29.0,False,16.4,0.0,4,1,4,1,14.382624770044588,14.382624770044588,15.193314176803648,15.193314176803648
22500471,2026,01/01/2026,BKN,HOU,-24.0,False,4.6,0.0,4,0,5,3,21.470232760065457,24.095586321357395,24.37516984184458,25.03771481912671
22500472,2026,01/01/2026,DET,MIA,-6.0,False,9.4,-1.0,4,2,6,3,-1.5535543364261066,2.487825606358971,-2.1977428339239466,1.6500511789425971
22500473,2026,01/01/2026,DAL,PHI,-15.0,False,-1.2,1.0,1,2,4,5,-9.074664135276933,-6.882580190124642,-8.940648742713444,-4.0008994444224015
22500474,2026,01/01/2026,SAC,BOS,-14.0,False,-19.5,0.0,3,0,6,3,35.82062507235478,25.521761479634804,37.20290457100226,27.921303133683683
22500475,2026,01/01/2026,LAC,UTA,17.0,False,10.7,0.0,3,6,4,6,-47.11208893084488,-43.913346618163274,-47.755920681129325,-45.0561231028873
22500476,2026,01/02/2026,IND,SAS,-10.0,False,-19.4,0.0,1,2,5,5,-26.397067975667106,-23.040066328394573,-27.69317763847814,-24.58116398557766
22500477,2026,01/02/2026,WAS,BKN,20.0,False,-5.1,1.0,3,5,7,5,-27.970696679977074,-12.832475089928977,-23.343729975665973,-7.223764275698848
22500478,2026,01/02/2026,CLE,DEN,5.0,False,-2.7,0.0,3,4,6,5,-63.62676291847853,-44.10980517284057,-61.673916244614944,-42.45306935863769
22500479,2026,01/02/2026,NYK,ATL,-12.0,False,8.8,0.0,2,2,5,4,1.2644658416535997,29.52495485080157,-3.9913519604064973,19.654387543315977
22500480,2026,01/02/2026,CHI,ORL,7.0,False,4.9,0.0,3,1,4,5,25.998318540975397,7.9511628887843315,26.399328856391573,11.30101232543857
22500481,2026,01/02/2026,MIL,CHA,1.0,False,-2.2,0.0,1,2,5,8,-12.390155271609547,-29.115715097220512,-11.701144923418443,-26.156412313294613
22500482,2026,01/02/2026,NOP,POR,-13.0,False,6.3,0.0,3,1,5,2,22.103425159552913,38.68179150335923,20.02365344454371,35.76515737961126
22500483,2026,01/02/2026,PHX,SAC,27.0,False,12.0,1.0,0,3,2,5,-35.84428623898336,-27.01339249942006,-37.227478796670944,-27.764728763320903
22500484,2026,01/02/2026,GSW,OKC,-37.0,False,-4.800000000000001,0.0,5,4,6,4,25.554570397592855,34.01460091795613,28.651142309784277,38.41741971359314
22500485,2026,01/02/2026,LAL,MEM,7.0,False,-12.2,0.0,3,4,6,6,-8.613362503993109,-4.528307505848801,-5.390325028208149,-2.3753447489808437
22500486,2026,01/03/2026,MIA,MIN,-10.0,False,-0.2999999999999998,-1.0,2,1,3,4,18.728664258161725,18.75429247883621,16.053943901771657,14.274589482209555
22500487,2026,01/03/2026,NYK,PHI,-11.0,False,-0.2,-1.0,2,2,4,6,3.6836303945740667,-9.57904445040851,2.1884987558664903,-14.537594615314859
22500488,2026,01/03/2026,TOR,ATL,17.0,False,1.1,2.0,2,3,5,3,-19.460155613662767,-9.10528889006417,-19.40294708066464,-9.372215625412395
22500489,2026,01/03/2026,CHI,CHA,-13.0,False,1.5,0.0,3,3,4,9,18.486218208221075,-3.1581727290942894,17.99927413620496,-1.6952730951716788
22500490,2026,01/03/2026,SAS,POR,-5.0,False,9.9,0.0,2,2,5,3,7.481191976642421,18.05189761614554,9.197215971315664,18.381021883485445
22500491,2026,01/03/2026,DAL,HOU,6.0,False,-10.1,0.0,2,1,5,3,5.392128201957027,15.283410217739476,4.7667797109501375,15.822221606559035
22500492,2026,01/03/2026,GSW,UTA,9.0,False,3.4000000000000004,-1.0,2,3,5,5,-11.930232047053885,-11.900906391404448,-11.903422604802245,-9.325299734783464
22500493,2026,01/03/2026,LAC,BOS,-31.0,False,1.8999999999999995,0.0,2,0,3,2,10.746273756625662,4.459959896624651,10.565259677827095,5.52793803633898
22500494,2026,01/04/2026,CLE,DET,-4.0,False,-6.699999999999999,-1.0,3,5,6,6,-34.68737686912459,-12.331406622563392,-34.09936679692599,-10.329407113811087
22500495,2026,01/04/2026,ORL,IND,8.0,False,6.6,0.0,2,2,4,7,11.030633576315047,4.777336871960117,6.553267798317048,-2.0788621552889737
22500496,2026,01/04/2026,BKN,DEN,12.0,False,2.7,0.0,3,3,5,5,-34.2919218378712,-31.340251867961324,-32.264501811730085,-28.82723920821239
22500497,2026,01/04/2026,MIA,NOP,19.0,False,5.4,-1.0,2,2,3,3,-5.6578453529023065,6.420989052655528,-3.630439945930572,6.404747569620618
22500498,2026,01/04/2026,WAS,MIN,-26.0,False,-2.1999999999999997,1.0,2,1,3,1,14.151350115288203,17.66549497275313,14.57781081156632,18.37299521545792
22500499,2026,01/04/2026,PHX,OKC,3.0,False,-8.5,0.0,0,3,4,5,-26.787435864877704,-10.572736060142859,-27.213680750329164,-10.19224806623253
22500500,2026,01/04/2026,SAC,MIL,-17.0,False,-10.4,0.0,1,1,5,5,5.187764164819136,3.3220304317350937,6.181257208135399,3.507367270180289
22500501,2026,01/04/2026,LAL,MEM,6.0,False,-6.4,0.0,3,4,6,6,-8.427959877358802,-13.288728630300788,-5.208261059189173,-10.796318344066044
22500502,2026,01/05/2026,DET,NYK,31.0,False,8.0,-1.0,2,1,3,3,12.632138527870328,10.84460012954872,18.27286152166085,21.026605777043656
22500503,2026,01/05/2026,BOS,CHI,14.0,False,7.699999999999999,0.0,0,3,3,3,-39.672036586873226,-23.850731146564687,-38.681975277396454,-23.692277388340347
22500504,2026,01/05/2026,TOR,ATL,18.0,False,6.4,0.0,1,1,6,4,-5.904473909090669,5.154533275598052,-5.5480003384653696,2.432086792622947
22500505,2026,01/05/2026,HOU,PHX,3.0,False,-1.4000000000000004,1.0,2,1,4,4,14.288407583780938,11.92798604893985,15.859095717124294,11.70861224987182
22500506,2026,01/05/2026,OKC,CHA,-27.0,False,8.7,-1.0,4,3,5,5,14.618960219198705,10.87828252345145,14.282396921254424,10.817295687790981
22500507,2026,01/05/2026,PHI,DEN,-1.0,False,2.8,1.0,1,7,5,7,-96.31982471826522,-71.85895868344477,-94.29777114873893,-71.47207637937399
22500508,2026,01/05/2026,LAC,GSW,1.0,False,4.2,0.0,3,1,8,4,13.049268369387274,22.768667650037443,11.722468689760964,21.093780109860635
22500509,2026,01/05/2026,POR,UTA,20.0,False,3.1,0.0,1,2,1,5,4.097263029391167,-23.978601907075607,2.9633498400490996,-24.6096858553531
22500510,2026,01/06/2026,IND,CLE,-4.0,False,-12.9,0.0,2,4,7,7,-9.336127659564717,-6.150385303104883,-7.847958274853212,-3.662545350907962
22500511,2026,01/06/2026,WAS,ORL,8.0,False,0.19999999999999973,0.0,3,2,6,3,-5.556806018719101,-3.401654434869421,-2.2093665198028525,2.247708621024387
22500512,2026,01/06/2026,MEM,SAS,1.0,False,-7.1,-1.0,4,1,6,3,27.940174280274263,36.838420534197624,26.87523558833192,39.46218500208913
22500513,2026,01/06/2026,MIN,MIA,28.0,False,-1.0,0.0,1,1,1,1,-9.80751819013462,-9.80751819013462,-9.289798579033821,-9.289798579033821
22500514,2026,01/06/2026,NOP,LAL,-8.0,False,-1.2000000000000002,0.0,2,2,5,6,-9.587968408915186,-8.689939143636465,-9.832774899360526,-10.204374706928288
22500515,2026,01/06/2026,SAC,DAL,-2.0,False,-8.6,-1.0,1,2,5,6,-2.70509391203014,-13.28097905520453,-2.4851121487897956,-11.295036354998935
22500516,2026,01/07/2026,CHA,TOR,-1.0,False,0.5999999999999996,0.0,3,2,8,5,-0.2538324095177984,11.887105680868892,-0.3384907133229724,11.797711149313834
22500517,2026,01/07/2026,DET,CHI,15.0,False,10.2,0.0,2,3,3,4,-8.975641130782066,4.49705158018476,-4.149929532926059,6.228288965802783
22500518,2026,01/07/2026,PHI,WAS,21.0,False,0.7,1.0,0,6,2,7,-45.87881543404921,-42.30077275137514,-47.53763093260869,-46.52912715072362
22500519,2026,01/07/2026,ATL,NOP,17.0,False,1.4000000000000004,1.0,2,2,3,5,0.5544456653102969,-10.405451685798717,2.982187527281784,-6.582092398183391
22500520,2026,01/07/2026,BOS,DEN,-4.0,False,13.7,0.0,1,3,3,5,-42.453278081558075,-37.51344603095036,-41.42275772416137,-38.523278975449514
22500521,2026,01/07/2026,BKN,ORL,-1.0,False,5.8,2.0,2,2,5,5,-23.424351487032034,-27.07012649501929,-19.165683642420987,-19.6498657147132
22500522,2026,01/07/2026,NYK,LAC,12.0,False,-11.2,0.0,1,3,4,4,-1.2751574720271428,8.497492280108432,-2.5673470389393263,1.8009026701017952
22500523,2026,01/07/2026,SAS,LAL,16.0,False,8.4,0.0,1,2,3,3,-12.949643396066177,-22.250695884262598,-14.0700515570144,-23.907214671669006
22500524,2026,01/07/2026,MEM,PHX,-19.0,False,-7.0,-1.0,4,1,6,2,31.84574702023844,50.687075563303665,31.39022650732931,50.90426899535098
22500525,2026,01/07/2026,OKC,UTA,4.0,False,13.0,0.0,4,1,6,3,25.46885793313117,8.607417430745528,25.063505359443134,9.376727965129461
22500526,2026,01/07/2026,GSW,MIL,7.0,False,3.4000000000000004,-1.0,1,1,6,5,3.6697153178656645,21.88711106357222,4.000695068447428,20.88441036833522
22500527,2026,01/07/2026,POR,HOU,1.0,False,-6.1,0.0,2,1,3,4,2.7459315836384626,-2.752864943100345,2.924067174254361,-1.1767841894375728
22500528,2026,01/08/2026,CHA,IND,-2.0,False,13.9,-1.0,3,2,7,6,0.9727332159298498,-7.053969006134729,-1.6046254840570349,-12.53055058294003
22500529,2026,01/29/2026,CHI,MIA,-3.0,False,6.0,0.0,2,0,4,4,24.132850145354624,10.021834333437177,23.361283678570743,10.550670320471625
22500530,2026,01/08/2026,MIN,CLE,9.0,False,4.1000000000000005,0.0,1,3,4,7,-7.6436183246232074,-20.313420758519655,-8.008235824109505,-17.971346667468694
22500531,2026,01/08/2026,UTA,DAL,2.0,False,-4.199999999999999,-1.0,1,2,4,6,-5.9701256446159885,1.4036652201699553,-4.617755674154221,2.388747080512317
22500532,2026,01/09/2026,BOS,TOR,8.0,False,9.700000000000001,0.0,1,1,4,6,-5.427764441084138,-37.15274448678883,-5.3150614730185355,-37.48297066779823
22500533,2026,01/09/2026,ORL,PHI,-12.0,False,-6.3,0.0,2,1,4,5,25.892736991651685,17.534679186527192,22.569604146698772,18.200549885144223
22500534,2026,01/09/2026,WAS,NOP,-21.0,False,7.6,0.0,1,3,6,4,-23.711801495175557,9.314031643835442,-23.028029153966287,9.63693406820677
22500535,2026,01/09/2026,BKN,LAC,-16.0,False,-3.2,0.0,2,3,4,4,-13.130517802341549,-4.175438120546559,-10.225903979741261,-0.425443533212718
22500536,2026,01/09/2026,MEM,OKC,-1.0,False,-8.9,0.0,3,5,6,6,-36.37479521175387,-25.642267050818724,-39.059004955602994,-26.00708147848288
22500537,2026,01/09/2026,DEN,ATL,-23.0,False,0.8,0.0,3,0,5,4,46.96019179144117,29.83868388404644,46.845660772708804,25.11605077631944
22500538,2026,01/09/2026,PHX,NYK,5.0,False,11.899999999999999,0.0,1,2,4,5,-12.35681306652584,-18.070060672468095,-11.602124047417325,-12.538574810051182
22500539,2026,01/09/2026,GSW,SAC,34.0,False,15.2,-1.0,1,1,2,3,-6.154146466051231,-4.43255579319073,-5.075668905254712,-2.7433460364852635
22500540,2026,01/09/2026,POR,HOU,6.0,False,-6.9,0.0,2,1,2,5,2.484359912763516,-8.361814640818839,2.6696799795603425,-8.203988600021699
22500541,2026,01/09/2026,LAL,MIL,-4.0,False,-6.300000000000001,0.0,2,1,5,5,23.055962053930777,21.314305221214315,22.549322564254126,18.25384537294726
22500542,2026,01/10/2026,CLE,MIN,12.0,False,-4.3,0.0,3,2,5,2,2.340803827197096,13.803721399690529,2.484516802715177,13.995536485541262
22500543,2026,01/10/2026,IND,MIA,24.0,False,-10.9,-1.0,2,0,5,0,18.241940310997308,29.257265806484146,20.90310337633984,31.753881495099954
22500544,2026,01/10/2026,DET,LAC,-6.0,False,-0.1999999999999993,2.0,2,3,5,7,11.605411240861109,39.83981788535065,15.876637305781294,41.01925419150443
22500545,2026,01/10/2026,BOS,SAS,-5.0,False,6.6000000000000005,-2.0,1,1,4,4,-6.1804339665256185,3.3145839831427395,-4.175302214871748,3.371197285876132
22500546,2026,01/10/2026,CHI,DAL,18.0,False,-1.0999999999999996,1.0,2,3,2,3,-13.542220893130242,-13.542220893130242,-14.413081556121313,-14.413081556121313
22500547,2026,01/10/2026,UTA,CHA,-55.0,False,-11.9,0.0,3,4,5,7,25.952176442996336,33.82122434902393,26.415750138561602,37.06789446704235
22500548,2026,01/11/2026,ORL,NOP,10.0,False,6.8999999999999995,0.0,2,2,5,5,13.300018504101153,17.77305323785204,11.46608519311359,14.48766089027842
22500549,2026,01/11/2026,MEM,BKN,5.0,False,0.8999999999999999,0.0,3,5,5,5,-0.30384174877337955,7.303158607244065,-2.1330205088468404,7.700687249646457
22500550,2026,01/11/2026,TOR,PHI,1.0,False,-0.2999999999999998,0.0,2,0,6,5,24.716950194449815,13.832649777533277,25.852931850545566,13.551854743463721
22500551,2026,01/11/2026,POR,NYK,-9.0,False,5.5,0.0,2,1,4,6,20.01197761372529,0.9887108908884485,20.192076831858493,6.462304853034215
22500552,2026,01/11/2026,MIN,SAS,1.0,False,2.5999999999999996,0.0,1,1,3,5,-9.523236906731885,-15.94136858869005,-7.157829028296475,-13.503669952824445
22500553,2026,01/11/2026,OKC,MIA,12.0,False,4.2,1.0,1,0,4,1,16.009918093913527,7.9597971302117845,15.137595519905368,7.705843526350586
22500554,2026,01/11/2026,DEN,MIL,4.0,False,-8.0,0.0,3,1,6,5,44.44323012097236,63.1100396607113,43.787741216870394,59.24361521327525
22500555,2026,01/11/2026,PHX,WAS,19.0,False,13.4,0.0,1,2,2,4,-1.0113686537814797,-16.962011576988388,-3.144110098012092,-17.954235156223092
22500556,2026,01/11/2026,GSW,ATL,-13.0,False,4.199999999999999,0.0,1,2,3,4,-7.17132657947277,-23.89553508378347,-8.339688117003881,-24.62071713261623
22500557,2026,01/11/2026,SAC,HOU,13.0,False,-20.1,0.0,2,1,4,5,11.935265366260984,2.8578134343417787,12.256516648067183,5.299692011781946
22500558,2026,01/12/2026,CLE,UTA,-11.0,False,14.7,0.0,3,1,7,4,-0.1556363567245569,-1.459642045814121,1.6790383648114044,1.9161957044650428
22500559,2026,01/12/2026,IND,BOS,2.0,False,-15.4,0.0,2,1,6,3,11.712938868580116,-1.524094627102059,13.436216556294598,0.7891994578285022
22500560,2026,01/12/2026,TOR,PHI,-13.0,False,2.0999999999999996,0.0,3,0,4,2,29.8725871879339,21.548493321663763,31.646889412017472,23.2686718095964
22500561,2026,01/12/2026,DAL,BKN,8.0,False,-2.3,1.0,1,4,5,5,-9.099090871461037,28.319050356229123,-8.223941349480953,29.291625169373468
22500562,2026,01/12/2026,SAC,LAL,12.0,False,-9.0,-2.0,2,1,5,3,6.25446892286914,0.27305832265513175,4.732812646768355,0.48301490334331376
22500563,2026,01/12/2026,LAC,CHA,8.0,False,-1.9000000000000004,0.0,3,5,4,9,-3.2005045503132834,-20.73425162427472,-2.66863317268578,-19.402609044888123
22500564,2026,01/13/2026,MIA,PHX,6.0,False,-8.9,0.0,0,1,3,5,-8.122095222889037,-7.013910054142421,-6.419801209097163,-2.641125277680988
22500565,2026,01/13/2026,HOU,CHI,6.0,False,6.3,-1.0,2,3,4,5,-22.965359420203885,-24.099722869526943,-27.61813141960743,-28.349617209925913
22500566,2026,01/13/2026,MIL,MIN,-33.0,False,-2.8,0.0,1,3,1,3,-45.676907807228645,-38.03250212229807,-43.70590665477547,-34.92530190685338
22500567,2026,01/13/2026,NOP,DEN,-6.0,False,-3.4000000000000004,0.0,2,4,5,6,-41.11061922715172,-32.17104160077349,-40.510202416609616,-32.85515086209569
22500568,2026,01/13/2026,OKC,SAS,21.0,False,5.800000000000001,0.0,1,1,6,3,3.5762498628055646,15.070553805089947,3.805165772609751,16.01568296901263
22500569,2026,01/13/2026,LAL,ATL,25.0,False,-8.1,-1.0,2,4,3,5,-4.870241214454872,-18.277589962743345,-6.155397634876234,-19.012720081794956
22500570,2026,01/13/2026,GSW,POR,22.0,False,1.5,0.0,1,2,2,3,-22.87428691455156,-27.28555176027571,-21.92097946191199,-24.535448180636077
22500571,2026,01/14/2026,IND,TOR,-14.0,False,-5.4,0.0,2,3,5,7,-11.690441385207873,-30.837334313373557,-10.798580538471377,-32.25777575627604
22500572,2026,01/14/2026,PHI,CLE,-26.0,False,3.4999999999999996,0.0,0,3,2,3,-11.161974306157619,-2.213688965719209,-12.849438759446489,-5.951046169116292
22500573,2026,01/14/2026,CHI,UTA,2.0,False,4.299999999999999,-1.0,2,2,4,5,9.843197256910482,-25.326982568209147,9.556691407001793,-25.936359663999944
22500574,2026,01/14/2026,NOP,BKN,3.0,False,-3.0999999999999996,-1.0,2,2,5,5,5.338710207192969,5.553746873737076,4.199366837201829,3.927035512381817
22500575,2026,01/14/2026,DAL,DEN,-9.0,False,1.0,1.0,1,4,4,6,-36.54740775571817,-19.190015249220053,-36.00319187122103,-19.41924158079013
22500576,2026,01/14/2026,SAC,NYK,11.0,False,-9.8,-1.0,2,1,5,3,20.51299646278309,19.571917828139366,18.947515516685126,25.499784191258893
22500577,2026,01/14/2026,LAC,WAS,14.0,False,12.2,-1.0,4,2,7,2,23.915658880370206,42.22733893462704,23.204090312203455,40.92717166676311
22500578,2026,01/15/2026,ORL,MEM,7.0,False,-1.7000000000000002,0.0,1,3,6,6,-23.590572255699392,-8.963653155123303,-23.031948745007192,-13.31411165573445
22500579,2026,01/15/2026,DET,PHX,3.0,False,-0.8999999999999995,1.0,1,2,3,4,-23.171432382438063,-13.59529778447002,-23.15023493775387,-14.971030009537252
22500580,2026,01/15/2026,MIA,BOS,-5.0,False,-5.6,-1.0,2,1,3,2,16.163151205825006,17.618682825194014,17.43880604757944,18.332366184291516
22500581,2026,01/15/2026,HOU,OKC,-20.0,False,-5.6,0.0,2,1,3,3,2.2205616313187626,0.2575635730248145,-1.1784516989680807,-3.092055015382222
22500582,2026,01/15/2026,SAS,MIL,18.0,False,0.5,0.0,1,0,2,0,12.605951579855315,16.673686754185624,11.494186046690155,14.710618636624828
22500583,2026,01/15/2026,DAL,UTA,22.0,False,4.3999999999999995,0.0,1,2,6,5,-10.120570445367857,14.567227013684544,-9.787426615506742,15.698248385020733
22500584,2026,01/15/2026,GSW,NYK,13.0,False,7.0,1.0,1,3,4,4,-27.549378548287468,-14.092958113570873,-24.684829233565527,-5.347701075152198
22500585,2026,01/15/2026,POR,ATL,16.0,False,-2.1,0.0,2,3,3,6,5.229530882325232,-15.18797341914895,3.618812730894234,-16.859192221137334
22500586,2026,01/15/2026,LAL,CHA,-18.0,False,-8.799999999999999,-1.0,2,4,3,7,7.475082274734383,-1.0633994715537547,7.062656790297968,1.3568030467158572
22500587,2026,01/16/2026,BKN,CHI,3.0,False,-1.2999999999999998,0.0,3,2,5,4,-17.27438000937324,-15.844216569955162,-13.554468095675707,-12.028521888260347
22500588,2026,01/16/2026,IND,NOP,8.0,False,2.7,0.0,2,2,6,4,3.680637463682997,9.798091898184609,6.476791925938503,14.929270156075471
22500589,2026,01/16/2026,PHI,CLE,-2.0,False,-1.1999999999999997,0.0,0,5,5,7,-33.35213031941308,-19.5216704433361,-34.92757969115064,-20.457086489895765
22500590,2026,01/16/2026,TOR,LAC,-4.0,False,-3.0999999999999996,0.0,4,4,8,6,-7.789530171259642,1.4751440899408976,-5.475862202347024,5.659225790783019
22500591,2026,01/16/2026,HOU,MIN,5.0,False,-7.9,-2.0,0,2,4,5,-26.266567593585627,-7.211576124560189,-27.1533381525611,-11.077183977303832
22500592,2026,01/16/2026,SAC,WAS,13.0,False,-4.100000000000001,0.0,1,4,5,4,-22.32281364576315,-10.517699328206398,-24.214544545640173,-8.29344825903976
22500593,2026,01/17/2026,DAL,UTA,18.0,False,11.1,0.0,2,2,5,5,0.6140968424907349,1.1371186579793928,0.5247361949679217,2.8667405828506247
22500594,2026,01/17/2026,ATL,BOS,-26.0,False,-6.3,0.0,2,2,4,2,-3.9198546295708567,24.65560868335539,-4.696520482323955,24.505671378131684
22500595,2026,01/17/2026,DET,IND,43.0,False,6.6000000000000005,1.0,1,5,1,6,-57.871458823092155,-61.928673057152096,-61.011519438956455,-64.91898740336102
22500596,2026,01/17/2026,NYK,PHX,-7.0,False,-11.8,0.0,1,1,5,4,-5.394848414331511,30.898061521247875,-4.3297885750276865,24.76824392842262
22500597,2026,01/17/2026,MIA,OKC,2.0,False,-10.3,0.0,2,1,4,5,6.5596726019256195,16.720538402740022,9.660421865773648,17.137631621828394
22500598,2026,01/17/2026,SAS,MIN,3.0,False,-9.0,1.0,1,2,5,4,8.529111289012269,0.8060224236587246,4.871771406101869,-1.2204973624540116
22500599,2026,01/17/2026,GSW,CHA,20.0,False,-3.0,0.0,2,4,4,7,-6.616280923509997,3.040834242288348,-5.65233061748318,6.247112193304929
22500600,2026,01/17/2026,DEN,WAS,6.0,False,6.2,2.0,4,3,6,5,32.03870253629209,32.805771896535056,29.776766490670205,30.070898012540383
22500601,2026,01/17/2026,POR,LAL,16.0,False,0.6000000000000001,0.0,2,3,2,4,-19.450756340079003,-33.62171772819543,-20.890092307295543,-35.06128274051454
22500602,2026,01/18/2026,MEM,ORL,17.0,False,-2.1,0.0,2,1,5,3,11.716780642839348,10.515690033332536,10.008041497490627,12.153112086395527
22500603,2026,01/18/2026,CHI,BKN,22.0,False,3.2,0.0,1,5,3,5,-25.324502167693087,-1.2108459443864845,-26.329799663293485,-3.2446196272685555
22500604,2026,01/18/2026,HOU,NOP,9.0,False,7.2,0.0,0,2,4,4,-15.974236711127874,-4.967332904027128,-16.031656781677572,-8.351889433914295
22500605,2026,01/18/2026,DEN,CHA,-23.0,False,-8.1,0.0,4,4,5,6,38.25772456928127,45.81590565404754,37.48050977416348,45.337948500632116
22500606,2026,01/18/2026,SAC,POR,-7.0,False,-10.299999999999999,1.0,1,1,5,4,3.2086425605354965,-23.65403065390196,2.9990421025947738,-19.714461932506932
22500607,2026,01/18/2026,LAL,TOR,17.0,False,-6.6,-1.0,1,3,2,4,-11.963485669838526,-14.705366608949745,-14.482897072287951,-16.87642412294952
22500608,2026,01/19/2026,WAS,LAC,-4.0,False,-15.5,-1.0,3,4,5,6,-17.006580028217044,-18.040109489240695,-15.022846938372773,-16.652986700026172
22500609,2026,01/19/2026,PHI,IND,9.0,False,9.0,1.0,0,1,4,4,-10.229256883097682,9.985737848949785,-12.94734393129227,5.309728882861375
22500610,2026,01/19/2026,BKN,PHX,-9.0,False,-13.600000000000001,-1.0,5,0,5,4,36.42452657857882,21.200916629113337,35.69792019845713,21.402245245821817
22500611,2026,01/19/2026,SAS,UTA,13.0,False,16.0,0.0,1,2,3,4,-17.164953801960557,-27.611408955586377,-18.067648636011366,-28.00141444852831
22500612,2026,01/19/2026,GSW,MIA,23.0,False,8.3,0.0,3,1,5,1,-0.25271511138804215,19.272330408311326,3.099994617080256,22.45897082300926
22500613,2026,01/20/2026,PHI,PHX,-6.0,False,-2.6000000000000005,0.0,1,0,5,5,16.9057717452123,23.38568281105937,18.251681999567197,25.424582817312178
22500614,2026,01/20/2026,CHI,LAC,28.0,False,-1.3000000000000003,1.0,1,3,3,3,-28.52081996981783,-4.316542172512229,-28.323252529115226,-5.15131603726536
22500615,2026,01/20/2026,HOU,SAS,5.0,False,-3.6,1.0,1,1,5,6,-3.2389088679856144,-7.258990968705799,-1.2037699448915546,-7.020476532105832
22500616,2026,01/20/2026,UTA,MIN,5.0,False,-19.3,-2.0,4,1,5,4,44.85974151191188,42.915057851094105,44.115596242759864,40.95516488543778
22500617,2026,01/20/2026,DEN,LAL,-8.0,False,-3.0,0.0,4,1,7,5,37.541009445366306,37.023320953795235,37.774168947737564,37.732068106596294
22500618,2026,01/20/2026,GSW,TOR,-18.0,False,7.1000000000000005,-1.0,2,4,2,5,-13.272638613361721,-18.614392132983767,-15.206657709620085,-20.665397449931834
22500619,2026,01/20/2026,SAC,MIA,-13.0,False,1.7000000000000002,1.0,1,1,5,4,-8.662852801440593,-22.004047396238146,-6.551277994702804,-17.918851791328155
22500620,2026,01/21/2026,CHA,CLE,-7.0,False,9.5,1.0,5,4,9,6,-4.18528870763657,-1.4322819951586396,-5.813225111959554,-4.248636317318535
22500621,2026,01/21/2026,BOS,IND,15.0,False,13.8,0.0,1,1,2,4,-3.6534383951757654,-10.467073673742728,-5.425801024774514,-11.998958199501622
22500622,2026,01/21/2026,NYK,BKN,54.0,True,-1.6999999999999993,0.0,0,2,3,2,-5.582566338584472,5.945177719760517,-8.022905271355864,-1.8758501433066979
22500623,2026,01/21/2026,MEM,ATL,-2.0,False,1.5,1.0,2,2,5,7,6.826967530073588,-0.15187370942593503,3.998710651413571,-0.9650242627009007
22500624,2026,01/21/2026,NOP,DET,-8.0,False,-16.0,1.0,2,1,3,4,13.245349894087415,-20.551026373789796,14.163370325878711,-20.953894280479
22500625,2026,01/21/2026,MIL,OKC,-20.0,False,-12.4,0.0,2,5,2,5,-25.60276424344883,-25.60276424344883,-21.13793817415294,-21.13793817415294
22500626,2026,01/21/2026,SAC,TOR,-13.0,False,-7.8,0.0,2,4,6,6,-11.786623099592397,-7.429540402440097,-14.067433405110418,-6.36064793246296
22500627,2026,01/22/2026,ORL,CHA,-27.0,False,-11.5,2.0,1,5,3,6,-9.658746340812275,14.578920942703803,-9.626434932711998,13.476717135681678
22500628,2026,01/22/2026,PHI,HOU,6.0,False,4.8,0.0,0,2,6,5,-12.507276946139879,6.4639030163865066,-14.566429031791758,5.848630027414956
22500629,2026,01/22/2026,WAS,DEN,-10.0,False,-6.0,1.0,2,3,5,6,-28.515626233990915,-17.752654117088852,-25.99967889633355,-15.947091465914895
22500630,2026,01/22/2026,DAL,GSW,8.0,False,-6.699999999999999,1.0,1,1,4,3,0.7536324124446168,8.30809793070322,0.17764451109163915,10.039184144898769
22500631,2026,01/22/2026,MIN,CHI,-5.0,False,5.6,0.0,1,1,4,4,-6.953484347041446,-11.229798991844778,-5.851167355080033,-7.799338756362205
22500632,2026,01/22/2026,UTA,SAS,-17.0,False,-13.8,0.0,2,2,4,4,2.542091934530788,10.798456267376999,5.412633595194954,13.827166161974258
22500633,2026,01/22/2026,LAC,LAL,8.0,False,-1.6,0.0,2,1,6,5,-3.343866499356821,-0.9099252753456781,-2.8541614760479384,0.13084515526179175
22500634,2026,01/22/2026,POR,MIA,17.0,False,11.5,1.0,1,2,3,4,-26.261800823516175,-35.69616563444734,-24.576128053231148,-34.905668249923224
22500635,2026,01/23/2026,DET,HOU,-7.0,False,13.3,1.0,1,3,4,6,-20.006093033533322,-11.168502753749976,-17.059160423267244,-10.124120706547483
22500636,2026,01/23/2026,ATL,PHX,7.0,False,-10.5,-1.0,2,0,7,5,18.210690175770708,29.244119268159277,18.251890801562674,31.571043315102933
22500637,2026,01/23/2026,BKN,BOS,-4.0,False,-19.0,0.0,2,1,5,3,-0.8953293380152543,-4.691083956788539,0.6437373859722673,-3.6560190089070588
22500638,2026,01/23/2026,CLE,SAC,5.0,False,3.7,0.0,3,1,5,5,14.184975285796531,15.982776359699628,14.970703676597493,12.16358023299761
22500639,2026,01/23/2026,MEM,NOP,-6.0,False,3.8999999999999995,0.0,4,1,5,4,42.912995514370955,31.68978595983645,40.48597543351394,28.68077473218026
22500640,2026,01/23/2026,MIL,DEN,-2.0,False,-4.5,1.0,1,3,4,6,-30.076029548204435,-50.2855907530041,-26.60663736899099,-42.8682907495555
22500641,2026,01/23/2026,OKC,IND,-3.0,False,13.5,0.0,5,2,5,6,45.90532407853248,28.79979878100313,41.661902575212665,23.523969937657498
22500642,2026,01/23/2026,POR,TOR,-12.0,False,3.4000000000000004,-1.0,1,2,4,5,-10.104152729747781,6.554764847171867,-11.564384121954415,5.206857966266455
22500643,2026,01/24/2026,PHI,NYK,-3.0,False,4.5,-1.0,0,2,6,6,-5.306023155948276,1.8252611133746015,-4.339742507891758,7.1071273503483425
22500644,2026,01/25/2026,MIN,GSW,-26.0,False,-1.2000000000000002,0.0,1,2,2,2,-25.066560247257062,-21.49842424478554,-25.111444974492322,-22.003858458094896
22500645,2026,01/24/2026,CHA,WAS,4.0,False,23.799999999999997,0.0,5,4,9,5,-10.104632639613051,-4.708620805174476,-13.313450536138074,-9.937937787801204
22500646,2026,01/24/2026,ORL,CLE,-14.0,False,-4.3,1.0,1,3,6,5,-8.798608684900639,2.5236274732129687,-10.161282517636899,-0.22905476101953326
22500647,2026,01/24/2026,CHI,BOS,3.0,False,-3.6,1.0,2,1,5,2,17.475513711709365,26.655974578199917,15.777266366815667,23.375746186773405
22500648,2026,01/24/2026,DAL,LAL,-6.0,False,6.800000000000001,0.0,1,1,4,5,0.4824872411314729,8.080846076506852,1.250818974591379,7.088960638084767
22500649,2026,01/24/2026,UTA,MIA,-31.0,False,-4.4,0.0,3,2,4,3,4.8519133358392,0.04149516343663606,6.544709179512161,0.9491163141660905
22500650,2026,01/25/2026,DET,SAC,23.0,False,11.1,0.0,0,1,1,4,-10.777959875827726,-19.685597712833484,-10.590179943195592,-21.231934087347984
22500651,2026,03/18/2026,MEM,DEN,7.0,False,-7.0,1.0,3,4,5,8,-0.9051863298164875,-2.098000499914548,-1.0164008145731778,-3.092167852336111
22500652,2026,03/31/2026,MIL,DAL,24.0,False,-7.4,1.0,3,4,5,6,4.8731218287095,4.042726863936849,5.56907691511865,4.768106107845767
22500653,2026,01/25/2026,OKC,TOR,-2.0,False,6.1,0.0,4,1,5,6,37.505759531723356,19.640131664688653,35.581687728909785,18.27426197348231
22500654,2026,01/25/2026,SAS,NOP,-9.0,False,8.0,1.0,0,0,5,4,0.0,-7.870554194456888,0.0,-7.999452006544459
22500655,2026,01/25/2026,PHX,MIA,-9.0,False,10.3,1.0,1,3,3,4,-26.08919821188599,-13.620033146851618,-25.12263575753567,-13.828090181786088
22500656,2026,01/25/2026,LAC,BKN,37.0,False,14.0,1.0,2,3,3,3,-6.803357234843908,-4.816429785441194,-8.594293442316944,-5.821442223030509
22500657,2026,01/26/2026,CHA,PHI,37.0,False,6.6000000000000005,0.0,5,2,6,4,-9.023731776385596,-16.23172968919024,-11.470327157769365,-17.08433068006068
22500658,2026,01/26/2026,CLE,ORL,16.0,False,7.7,0.0,2,1,5,5,-0.6216001101959598,-1.2693443748469235,1.060416940487956,-0.13281937239435848
22500659,2026,01/26/2026,ATL,IND,16.0,False,2.0999999999999996,0.0,2,1,6,3,16.668586807966232,33.862079413999254,16.762402211799486,35.44357477288201
22500660,2026,01/26/2026,BOS,POR,8.0,False,0.2999999999999998,-1.0,0,2,3,4,-9.843807158930925,-12.148898032809022,-10.090776247180404,-10.922657778130507
22500661,2026,01/26/2026,CHI,LAL,-11.0,False,5.8,0.0,2,1,2,5,6.067604652691934,-2.1363868120247282,6.066287207895336,-3.8554429092367073
22500662,2026,01/26/2026,HOU,MEM,9.0,False,1.1,0.0,2,4,4,5,-38.83594503761041,-36.90271378402276,-32.954651799819885,-32.286741489760864
22500663,2026,01/26/2026,MIN,GSW,25.0,False,-9.1,0.0,1,4,2,6,-43.08499289370298,-49.80810267640324,-41.825808044512584,-47.61867204750331
22500664,2026,01/27/2026,WAS,POR,4.0,False,-11.6,2.0,2,2,3,3,10.91585860633943,0.8545618725753705,11.735807377997924,2.271550668213557
22500665,2026,01/27/2026,NYK,SAC,16.0,False,3.9999999999999996,1.0,2,3,7,6,-22.246083129501912,-6.458716291346057,-24.261867645920304,-14.803451851015911
22500666,2026,01/27/2026,PHI,MIL,17.0,False,2.5,-2.0,0,2,4,2,-41.42759492097686,-16.688984248075776,-44.2193012229944,-21.072148877173102
22500667,2026,01/27/2026,OKC,NOP,9.0,False,12.200000000000001,0.0,4,0,5,4,49.432550736171905,32.690155542255496,48.33778287271771,32.18685118435087
22500668,2026,01/27/2026,DEN,DET,-2.0,False,-12.8,1.0,4,1,6,4,52.415775121447766,42.08527450369143,50.83891250208859,42.61281106608698
22500669,2026,01/27/2026,PHX,BKN,4.0,False,19.5,0.0,2,2,5,4,14.218485656307637,27.26077102160468,13.075375467505513,23.112812971666163
22500670,2026,01/27/2026,UTA,LAC,-12.0,False,-19.7,1.0,3,3,4,3,28.957298420966005,35.647923112265154,25.30110123302651,32.01115948572013
22500671,2026,01/28/2026,CLE,LAL,30.0,False,2.1,0.0,3,1,3,2,14.44346457404924,11.869994572946755,17.022254280000418,13.876769454758794
22500672,2026,01/28/2026,IND,CHI,3.0,False,-10.1,0.0,0,2,5,3,-24.120443004175968,-9.616009070133323,-23.349273213873502,-7.422689046331612
22500673,2026,01/28/2026,BOS,ATL,-11.0,False,4.6,0.0,1,5,2,6,-13.787312164909501,-25.911969206276726,-13.671125316815399,-25.658034886358255
22500674,2026,01/28/2026,MIA,ORL,-9.0,False,4.8,1.0,1,1,4,5,2.5191343567128968,-4.5309084580942525,1.0665069456608158,-4.929470003179205
22500675,2026,01/28/2026,TOR,NYK,-27.0,False,-2.3,2.0,2,4,2,5,-9.759230648763076,-16.10230580228,-7.379869896288593,-9.236869163162861
22500676,2026,01/28/2026,MEM,CHA,-15.0,False,-15.399999999999999,0.0,3,4,5,6,18.99019978699234,26.613293615167454,16.847682451806996,26.824026745784387
22500677,2026,01/28/2026,DAL,MIN,-13.0,False,2.8,1.0,1,1,6,3,15.455727215464334,50.83857857556835,14.192723474576063,48.57778951251008
22500678,2026,01/28/2026,UTA,GSW,-16.0,False,-22.8,-1.0,2,2,4,3,-8.520252274267673,-4.003264176734547,-9.898721585056588,-5.8756752705452335
22500679,2026,01/28/2026,HOU,SAS,-12.0,False,-4.0,-1.0,1,0,3,2,9.577301794746452,7.1920295737533015,10.502965331883015,5.759270092447174
22500680,2026,01/29/2026,PHI,SAC,2.0,False,-0.20000000000000018,0.0,0,2,5,6,-22.627687001231227,-12.429810586191099,-23.285112865205367,-15.765698571954378
22500681,2026,01/29/2026,WAS,MIL,10.0,False,-3.000000000000001,0.0,2,3,3,5,-24.681456333257536,-30.63361258569136,-26.432403744142174,-34.110684693813695
22500682,2026,01/29/2026,ATL,HOU,-18.0,False,1.3,0.0,3,3,7,3,5.696634263351868,43.906098927893154,7.472651842666075,48.50276685206355
22500683,2026,01/29/2026,DAL,CHA,-2.0,False,-11.9,0.0,2,4,4,7,12.644861760730489,13.41129776446482,10.34425220757901,11.817429459326661
22500684,2026,01/29/2026,DEN,BKN,4.0,False,12.4,0.0,4,4,5,4,25.360349427644465,28.951336051219286,23.48724044256567,28.19282311163777
22500685,2026,01/29/2026,PHX,DET,18.0,False,-8.8,0.0,1,1,3,2,9.771965329651819,19.35980986617992,9.872751184311067,20.272199406100817
22500686,2026,01/29/2026,MIN,OKC,12.0,False,-9.200000000000001,-1.0,2,3,2,4,-25.11416474023007,-30.392336984584308,-22.557157761138164,-28.588009656184674
22500687,2026,01/30/2026,ORL,TOR,10.0,False,-6.6000000000000005,0.0,1,1,6,5,3.8313915953504996,20.464296922003175,2.237125041323667,18.376694389533316
22500688,2026,01/30/2026,WAS,LAL,-31.0,False,-6.0,-1.0,4,0,5,2,42.94263223643178,23.232824628416566,41.17091052409089,22.297245866391943
22500689,2026,01/30/2026,BOS,SAC,19.0,False,7.9,1.0,2,3,3,5,-13.579797868532644,-17.042662810418882,-13.395632482090264,-17.188703809245958
22500690,2026,01/30/2026,NYK,POR,30.0,False,4.8999999999999995,-1.0,0,2,5,2,-9.805777458069889,16.289259870559356,-10.051792427613421,10.894266597459108
22500691,2026,01/30/2026,NOP,MEM,8.0,False,2.5,1.0,0,3,4,4,-38.20048286525059,-19.84735089240955,-34.82610679232383,-16.44044768708649
22500692,2026,01/31/2026,MIA,CHI,-7.0,False,-2.4,0.0,3,4,4,6,-12.134644477634666,-41.09235918801589,-12.411076894198388,-40.53397165194434
22500693,2026,01/30/2026,PHX,CLE,13.0,False,-3.1000000000000005,-1.0,1,3,2,4,-15.93288114720658,-20.02420640349599,-17.592194708200665,-21.021299351351136
22500694,2026,01/30/2026,UTA,BKN,-10.0,False,2.6999999999999993,1.0,4,3,4,4,20.02182679618185,15.007081736133124,18.07733037521578,12.959585060244507
22500695,2026,01/30/2026,DEN,LAC,13.0,False,-7.3,-2.0,3,3,3,3,14.456517401998052,14.456517401998052,12.980919448079206,12.980919448079206
22500696,2026,01/30/2026,GSW,DET,-7.0,False,-0.8000000000000007,1.0,2,1,4,4,21.025308176329272,17.904669991542175,22.22244592347049,20.00893396955778
22500697,2026,01/31/2026,CHA,SAS,5.0,False,5.8999999999999995,-1.0,4,1,7,6,14.966116826763384,15.556462162673757,13.062735141397393,12.166235790016401
22500698,2026,01/31/2026,IND,ATL,5.0,False,-1.9000000000000004,1.0,0,2,6,8,-25.042254221821896,-32.19412824984711,-24.433908574709452,-29.504019956655764
22500699,2026,01/31/2026,PHI,NOP,10.0,False,-0.30000000000000027,1.0,1,0,5,4,12.893545020601618,7.270388476836644,14.300484864549205,7.4107859315865845
22500700,2026,01/31/2026,MEM,MIN,-17.0,False,-8.5,-1.0,3,1,5,2,34.83693395896321,54.492717811052614,30.195429806745054,48.85503288115066
22500701,2026,01/31/2026,HOU,DAL,4.0,False,-0.3999999999999999,0.0,1,1,5,4,-8.530298992233359,-12.982759155220975,-7.582427322201049,-12.02076844472839
22500702,2026,02/01/2026,BOS,MIL,28.0,False,16.5,-1.0,0,2,2,3,-41.09117618355428,-37.48297478759291,-43.86021203339688,-41.08976420960195
22500703,2026,02/01/2026,SAS,ORL,9.0,False,7.1000000000000005,-1.0,1,1,4,3,-12.26294655976285,-3.9795448562338684,-10.305399413035374,2.2014489300614137
22500704,2026,02/01/2026,DET,BKN,53.0,False,18.0,0.0,1,2,2,3,-13.28533773387772,-24.925257691479654,-14.8806315046091,-25.727324570751247
22500705,2026,02/01/2026,MIA,CHI,43.0,False,-5.0,0.0,3,5,3,6,-18.086559556688364,-27.16109690685174,-19.483359560301388,-28.70196921955303
22500706,2026,02/01/2026,TOR,UTA,7.0,False,12.4,0.0,1,2,4,4,-15.52346391589941,-18.655728090093056,-13.80337514575362,-17.39554238524227
22500707,2026,02/01/2026,WAS,SAC,4.0,False,-1.299999999999999,0.0,2,1,5,5,8.190788970548482,1.3571936116688477,7.006679233792955,-0.32929851979081803
22500708,2026,02/01/2026,NYK,LAL,12.0,False,6.5,0.0,1,1,5,2,8.196982558938915,5.0728076763887735,7.725829824444684,1.8128785872122108
22500709,2026,02/01/2026,PHX,LAC,-24.0,False,-2.0,0.0,1,3,4,4,-11.278014543780923,-1.7516008321965941,-12.866935361623892,-3.446664451173845
22500710,2026,02/01/2026,POR,CLE,-19.0,False,-7.300000000000001,0.0,3,2,4,3,-8.415090458668782,2.3010517655461697,-9.562014664956884,2.2065320603294083
22500711,2026,02/01/2026,DEN,OKC,-10.0,False,-7.8,-1.0,2,3,3,4,-11.53922274658531,-6.869709361763135,-11.8856554880722,-8.38511132327838
22500712,2026,02/02/2026,CHA,NOP,7.0,False,12.8,0.0,4,0,6,5,21.110914038100404,1.9535097007649007,20.704565116598847,-0.6478114645432491
22500713,2026,02/02/2026,IND,HOU,-4.0,False,-9.5,0.0,0,2,5,4,-31.81864597161238,-18.064720795145405,-32.14281195304547,-16.97370557671728
22500714,2026,02/02/2026,MEM,MIN,9.0,False,-9.899999999999999,0.0,4,1,5,3,37.67561924024922,34.72282209945272,33.589821361691,30.795920834434675
22500715,2026,02/02/2026,LAC,PHI,-15.0,False,10.0,-1.0,3,1,4,5,14.779047739429826,4.932955680515114,15.092157347327712,4.692201765167077
22500716,2026,02/03/2026,DET,DEN,3.0,False,11.4,0.0,1,1,4,4,-10.513457012988193,-4.4669865515169285,-10.567197596631166,-5.225127412820623
22500717,2026,02/03/2026,IND,UTA,-9.0,False,5.9,-1.0,5,3,8,7,19.31015160263552,8.180478424640285,22.637303951297234,11.885199775761848
22500718,2026,02/03/2026,WAS,NYK,-31.0,False,-15.8,0.0,2,3,4,5,-5.276198685400505,-3.232211634908687,-5.521062216205355,1.6425253591874345
22500719,2026,02/03/2026,BKN,LAL,-16.0,False,-16.299999999999997,0.0,0,0,3,1,0.0,12.5688659258687,0.0,12.776260268984869
22500720,2026,02/03/2026,MIA,ATL,-12.0,False,10.1,-1.0,1,3,3,6,-1.1104002593108078,-4.5631013220437,-3.9596041630201135,-8.103790729584212
22500721,2026,02/03/2026,DAL,BOS,-10.0,False,-5.1,1.0,2,2,5,5,21.12642232663553,23.63609103318599,22.290410443317835,24.52979278368098
22500722,2026,02/03/2026,MIL,CHI,16.0,False,-12.799999999999999,0.0,3,3,4,7,3.7006297739356526,-15.247884278680885,6.947400408897892,-11.028831603097103
22500723,2026,02/03/2026,OKC,ORL,36.0,False,15.200000000000001,0.0,2,1,4,4,9.79875033488112,-2.757875526549711,10.870885978101423,-0.9453354193590755
22500724,2026,02/03/2026,GSW,PHI,-19.0,False,5.1,2.0,3,2,3,3,9.406299484556556,7.303484691721778,10.582968885462286,9.55639003568097
22500725,2026,02/03/2026,POR,PHX,-5.0,False,-5.3,0.0,2,1,5,5,8.54857473841404,-2.1262386034372227,8.998512018354372,-0.029129698124812364
22500726,2026,02/04/2026,NYK,DEN,7.0,False,14.7,0.0,1,1,5,5,-2.772414048823416,1.1381758123659367,-2.784904388954187,1.3547127990136119
22500727,2026,02/04/2026,TOR,MIN,-2.0,False,-0.5999999999999999,1.0,1,1,5,4,3.273710337622593,1.8994118432319347,1.344239997686251,-0.9169173960662107
22500728,2026,02/04/2026,HOU,BOS,-21.0,False,-5.2,1.0,2,4,2,5,-16.884756037033377,-38.31589046168334,-12.055848746666797,-33.799024450585705
22500729,2026,02/04/2026,MIL,NOP,4.0,False,-8.9,-1.0,3,0,4,4,42.481101511879054,24.271401106731524,42.66165756951556,23.309243924390397
22500730,2026,02/04/2026,SAS,OKC,10.0,False,-7.6000000000000005,2.0,2,8,5,8,-96.17978966886665,-80.22741677031101,-93.31841269659806,-75.92251634803964
22500731,2026,02/04/2026,SAC,MEM,-4.0,False,-5.6000000000000005,1.0,1,2,6,6,-11.656855032364282,-23.646720315544542,-8.33824777430938,-18.691283314612278
22500732,2026,02/04/2026,LAC,CLE,-33.0,False,-2.7,-1.0,3,2,2,4,2.9326014576695165,-13.554033619746122,4.560391492348387,-12.285772551286527
22500733,2026,02/05/2026,DET,WAS,-9.0,False,19.6,0.0,1,5,4,5,-33.87897800783342,-12.955536042078592,-31.29383340760891,-10.122300945278429
22500734,2026,02/05/2026,ORL,BKN,20.0,False,11.0,0.0,1,1,3,4,9.308333424023413,7.613669035869961,7.847454733313538,3.9468844976585977
22500735,2026,02/05/2026,ATL,UTA,2.0,False,9.1,0.0,3,1,9,6,4.689986066651706,3.5986115853286904,3.8866193119225088,4.107528063617778
22500736,2026,02/05/2026,TOR,CHI,16.0,False,0.30000000000000004,-1.0,2,7,3,10,-58.20472706524508,-82.51073548666993,-54.65395514888511,-79.5679898448829
22500737,2026,02/05/2026,HOU,CHA,-10.0,False,-7.6000000000000005,-2.0,2,3,3,6,-1.45674025991703,-8.542856246905604,-0.19371777162887582,-8.523140755821125
22500738,2026,02/05/2026,DAL,SAS,-12.0,False,-4.199999999999999,1.0,4,3,6,5,21.988512169477133,30.557432262353853,21.5841961077314,29.56626368914028
22500739,2026,02/05/2026,PHX,GSW,-4.0,False,0.10000000000000009,0.0,4,5,5,5,-24.59425033778848,-22.684716143974008,-25.72856272801618,-23.80850611106164
22500740,2026,02/05/2026,LAL,PHI,4.0,False,-0.9000000000000004,0.0,2,2,4,5,-6.905874475101822,-13.560774154637226,-8.01448692180783,-14.001359409228417
22500741,2026,02/06/2026,BOS,MIA,2.0,False,5.9,-1.0,0,1,5,3,-18.695984478805343,-3.0561760291717555,-16.47892742569187,-1.3855184916502807
22500742,2026,02/06/2026,DET,NYK,38.0,False,-9.3,-1.0,0,2,1,4,-14.359334166362924,-28.89762402401008,-13.596407377306459,-27.57030686223868
22500743,2026,02/06/2026,MIL,IND,6.0,False,-2.8999999999999995,-1.0,2,2,5,6,29.328566891671908,9.835117408234282,29.597730605325342,7.860767961572527
22500744,2026,02/06/2026,MIN,NOP,-4.0,False,5.300000000000001,0.0,0,0,2,4,0.0,-15.394001775102437,0.0,-15.17473694258338
22500745,2026,02/06/2026,POR,MEM,20.0,False,1.1999999999999997,1.0,1,3,3,7,-36.58610967375965,-48.296469747123645,-39.0751031109054,-51.26576992830633
22500746,2026,02/06/2026,SAC,LAC,-3.0,False,-10.6,0.0,2,0,4,5,29.546870364389036,-7.298706540528826,28.656320799553214,-10.780105569780744
22500747,2026,02/07/2026,BKN,WAS,14.0,False,-13.200000000000001,0.0,0,1,4,8,-11.16392290178056,-59.60829592977586,-9.349934677603594,-56.72304325922795
22500748,2026,02/07/2026,OKC,HOU,-6.0,False,8.0,1.0,3,2,6,5,36.28566854496748,22.38444943210071,36.512908621804826,22.130865254561627
22500749,2026,02/07/2026,SAS,DAL,13.0,False,3.9000000000000004,0.0,1,0,1,6,1.130860025780916,-42.11917362310418,1.582782320188282,-43.42752157657919
22500750,2026,02/07/2026,ORL,UTA,3.0,False,2.1000000000000005,0.0,1,0,5,2,15.946702261631872,19.02111759491411,15.194689925249877,18.59744064554384
22500751,2026,02/07/2026,ATL,CHA,-7.0,False,-12.4,0.0,0,4,9,7,-23.875552445613604,8.999880706514752,-25.05211082246197,9.114285416893708
22500752,2026,02/07/2026,CHI,DEN,-16.0,False,-2.5000000000000004,-1.0,2,3,8,4,-0.2520885781887543,45.71755349607513,-0.3387193597374676,41.0579700968355
22500753,2026,02/07/2026,LAL,GSW,6.0,False,3.0999999999999996,0.0,1,2,6,5,-11.26221712383575,-6.859332605474869,-11.908993841950409,-5.655120093859097
22500754,2026,02/07/2026,PHX,PHI,-6.0,False,-0.7999999999999998,0.0,2,1,5,4,0.5825007371114914,-10.745392165902306,-1.3960583249037004,-13.172312099248092
22500755,2026,02/07/2026,POR,MEM,7.0,False,2.9000000000000004,0.0,4,3,5,6,-7.476326907878182,-23.331978748960807,-4.896968350881487,-20.99739652533877
22500756,2026,02/07/2026,SAC,CLE,-6.0,False,-18.299999999999997,-2.0,5,1,6,6,39.53958578192123,10.984065505726797,38.060823796705364,9.881097283811577
22500757,2026,02/08/2026,BOS,NYK,-22.0,False,-3.1999999999999993,0.0,0,2,3,3,-14.336534888984742,-10.939112100235363,-13.5748194499311,-11.275085421532587
22500758,2026,02/08/2026,WAS,MIA,-31.0,False,-11.9,-1.0,1,1,4,3,-7.079134755170653,-2.787455975154078,-6.752937510187937,-1.9170581415173338
22500759,2026,02/08/2026,TOR,IND,18.0,False,10.299999999999999,1.0,0,0,1,6,0.0,-31.59548270399094,0.0,-34.79107152593391
22500760,2026,02/08/2026,MIN,LAC,-19.0,False,2.1,0.0,0,0,1,3,0.0,-20.610659171239288,0.0,-21.049923610692563
22500761,2026,02/09/2026,CHA,DET,-6.0,False,0.6999999999999993,-1.0,4,3,6,4,10.460246800192305,14.493412419351294,13.132968508634594,18.021617816307668
22500762,2026,02/09/2026,BKN,CHI,8.0,False,-7.5,0.0,2,1,6,6,16.3834247352938,-20.62446326595235,17.9989145239768,-17.08976258007283
22500763,2026,02/09/2026,MIA,UTA,-4.0,False,15.4,-1.0,2,2,4,4,-2.1837956420106686,6.8231914212938065,-3.4999745888889855,4.996576002731217
22500764,2026,02/09/2026,ORL,MIL,19.0,False,-1.0,-1.0,0,1,3,3,-23.582066722751108,-12.810349666926776,-23.820989423247216,-13.503353868812265
22500765,2026,02/09/2026,MIN,ATL,22.0,False,-1.2000000000000002,-1.0,0,2,3,8,-6.460804055593833,-45.327097356498705,-7.4943199967305505,-45.36467568604679
22500766,2026,02/09/2026,NOP,SAC,26.0,False,7.5,1.0,0,4,2,5,-35.990888306777,-38.9172594754191,-36.069243531701815,-38.07083504150841
22500767,2026,02/09/2026,DEN,CLE,-2.0,False,-7.0,0.0,3,1,6,6,15.939047935771265,-2.600835178935725,14.675997973363875,-4.406620263315922
22500768,2026,02/09/2026,GSW,MEM,1.0,False,5.699999999999999,0.0,2,2,3,4,10.041870798484439,8.534256665198988,11.112579788242744,7.957008656255674
22500769,2026,02/09/2026,LAL,OKC,-9.0,False,-4.2,0.0,1,2,4,5,-8.988762370163936,-9.45437819541143,-8.811553771946507,-8.201464438491705
22500770,2026,02/09/2026,POR,PHI,17.0,False,-5.800000000000001,0.0,2,1,3,5,1.7634486646948453,-39.95325182105057,0.5799867046072471,-40.620489648753235
22500771,2026,02/10/2026,NYK,IND,-3.0,False,23.0,0.0,2,1,6,7,13.327987024587303,-3.3242692517489942,14.170124021396404,-4.0040110315611415
22500772,2026,02/10/2026,HOU,LAC,7.0,False,-1.5,1.0,1,0,6,4,9.868793026052929,-4.698544516568479,10.822629717800059,-3.8321560684997635
22500773,2026,02/10/2026,PHX,DAL,9.0,False,1.2999999999999998,0.0,2,0,5,7,14.890403689946528,-20.838719688379737,14.464259793093982,-21.91171199590008
22500774,2026,02/10/2026,LAL,SAS,-28.0,False,-5.2,-2.0,4,1,5,2,68.58139607290306,78.29329014464493,67.34994058472962,76.33969567841885
22500775,2026,02/11/2026,CHA,ATL,3.0,False,11.0,0.0,5,2,6,7,38.696425394892444,24.822728532036976,40.02011427323523,25.884463817651465
22500776,2026,02/11/2026,CLE,WAS,25.0,False,21.3,-1.0,2,0,4,3,21.666563054942145,5.842475093571771,22.093421539881554,5.933425639308254
22500777,2026,02/11/2026,ORL,MIL,-8.0,False,2.7,0.0,1,1,5,5,-19.166140433635267,-24.83169285711368,-18.98084240533588,-25.346290885434836
22500778,2026,02/11/2026,BOS,CHI,19.0,False,16.2,1.0,0,1,2,6,-7.651305690832952,-60.04260737943672,-6.157184115383954,-58.73937323154297
22500779,2026,02/11/2026,BKN,IND,-5.0,False,-5.199999999999999,1.0,1,5,5,6,-49.34762042782303,-23.778948928605338,-48.568373103671675,-20.630231026751886
22500780,2026,02/11/2026,PHI,NYK,-49.0,False,-9.899999999999999,1.0,1,2,4,3,-9.038770515033127,28.412105746049015,-6.049051253085469,31.467090880563916
22500781,2026,02/11/2026,TOR,DET,-18.0,False,-5.1000000000000005,1.0,3,4,4,4,-18.107486214813182,-16.68824964581759,-19.63474105357095,-18.03583583868373
22500782,2026,02/11/2026,HOU,LAC,-3.0,False,-2.3,0.0,2,1,5,7,8.757849574736273,-18.37769897065011,10.004330614774561,-18.357425771403587
22500783,2026,02/11/2026,MIN,POR,24.0,False,5.0,0.0,0,2,1,4,-16.997236990086314,-26.04401040478999,-17.462433866774678,-23.855355036889787
22500784,2026,02/11/2026,NOP,MIA,-12.0,False,-6.800000000000001,0.0,1,3,4,5,-40.774776543321096,-35.68132042936254,-37.10202589070945,-32.25092357679604
22500785,2026,02/11/2026,PHX,OKC,-27.0,False,-5.199999999999999,-1.0,4,3,5,5,6.392822258826001,-0.12076254896476257,6.309044754694931,-0.29188464914059153
22500786,2026,02/11/2026,UTA,SAC,28.0,False,2.3000000000000007,0.0,1,6,3,7,-48.29369272391367,-35.47719947848656,-49.228505999945526,-37.62566056142099
22500787,2026,02/11/2026,DEN,MEM,6.0,False,9.1,0.0,2,2,6,5,-2.8929808926423917,-9.27465004475588,-4.17018530654153,-11.302591633498018
22500788,2026,02/11/2026,GSW,SAS,-13.0,False,-11.799999999999999,1.0,3,2,5,5,44.535418727430205,50.519761098037215,43.73476867714535,51.6873104902032
22500789,2026,02/12/2026,OKC,MIL,-17.0,False,12.0,0.0,5,1,6,5,42.240185690758835,11.298537434002121,44.67224956395527,12.743684079510658
22500790,2026,02/12/2026,UTA,POR,-16.0,False,1.7999999999999998,0.0,3,2,5,4,29.71179944878293,27.826759004380392,27.569984767853363,24.293499639117606
22500791,2026,02/12/2026,LAL,DAL,20.0,False,3.9000000000000004,0.0,2,1,3,7,22.222031892864294,-14.605097936692061,24.31403597515891,-12.781637849451222
22500792,2026,02/19/2026,CHA,HOU,-4.0,False,8.200000000000001,0.0,4,1,6,5,30.420377629370932,27.484593389671865,31.64469968540194,27.152872269526153
22500793,2026,02/19/2026,CLE,BKN,28.0,False,24.4,0.0,1,3,4,4,-14.549431999113402,4.143352978294921,-16.802583544062337,1.133711066628603
22500794,2026,02/19/2026,PHI,ATL,-10.0,False,-3.0999999999999996,0.0,2,2,4,8,32.150682427148105,18.55909667361385,31.41031923046667,17.698507854143543
22500795,2026,02/19/2026,WAS,IND,7.0,False,-7.5,0.0,1,2,4,5,-9.574177390131378,-4.469639839590997,-8.531099178882105,-3.391210535419738
22500796,2026,02/19/2026,NYK,DET,-15.0,False,3.0,0.0,1,3,7,6,-22.906491554481438,-18.61911575339135,-24.845215146343747,-17.643202654559047
22500797,2026,02/19/2026,CHI,TOR,-9.0,False,-13.9,0.0,1,1,3,5,3.2574507780660173,3.2890825681914997,2.1366863497926207,1.7627731638766164
22500798,2026,02/19/2026,SAS,PHX,27.0,False,12.1,0.0,1,1,2,3,-11.28072734930393,-20.562189659816305,-10.3575105762699,-18.781983402992715
22500799,2026,02/19/2026,GSW,BOS,-11.0,False,-10.2,0.0,2,0,4,2,34.745064150498166,42.80964788996302,35.94368639369354,45.355370602587186
22500800,2026,02/19/2026,SAC,ORL,-37.0,False,-10.899999999999999,0.0,4,1,5,2,28.55888091082073,22.229258323005308,28.315490690179313,21.45098705318006
22500801,2026,02/19/2026,LAC,DEN,1.0,False,1.3,0.0,0,2,5,6,-24.34498387869371,-9.086445164343537,-23.318993297788467,-6.4184639937345125
22500802,2026,02/20/2026,CHA,CLE,-5.0,False,-8.4,0.0,5,1,5,6,32.04797044532167,3.353362667601381,33.46706303280462,3.5938163557515708
22500803,2026,02/20/2026,WAS,IND,13.0,False,-5.4,0.0,2,3,4,6,-5.9846816055787855,-20.25916859581484,-5.479502352194693,-19.831397453496898
22500804,2026,02/20/2026,MEM,UTA,9.0,False,-4.5,0.0,6,3,7,5,23.36931315873177,6.118073041944726,26.644288560841552,10.841731670529512
22500805,2026,02/20/2026,ATL,MIA,-31.0,False,-6.800000000000001,-2.0,2,0,7,0,6.923548204204685,25.432043403563746,8.031087974286189,27.352082101089167
22500806,2026,02/20/2026,MIN,DAL,11.0,False,16.4,0.0,0,1,3,8,-14.756856047178626,-52.63121279408973,-13.772968222016893,-50.32291228426338
22500807,2026,02/20/2026,NOP,MIL,-21.0,False,3.6,0.0,3,2,4,4,-2.480709779506462,-3.019323568545367,-1.4131115970121968,-2.376282635481388
22500808,2026,02/20/2026,OKC,BKN,19.0,False,14.200000000000001,2.0,3,4,5,5,18.290941859428695,20.9915524150316,17.57065200559114,20.383879700305627
22500809,2026,02/20/2026,LAL,LAC,3.0,False,1.5,2.0,0,0,4,5,0.0,-23.432314342310374,0.0,-25.340055890509642
22500810,2026,02/20/2026,POR,DEN,-54.0,False,-4.4,2.0,1,2,3,4,-13.704012054276065,-11.200229259775348,-12.22171643481413,-9.544465139447652
22500811,2026,02/21/2026,PHX,ORL,3.0,False,-6.8,0.0,1,1,4,4,-0.8276404153049626,-13.950777671502422,0.8093731038407199,-13.874554160679889
22500812,2026,02/21/2026,NOP,PHI,15.0,False,-0.5,-1.0,3,2,4,4,-5.280532982818585,-6.452480668412591,-5.367633719840711,-7.974704733622644
22500813,2026,02/21/2026,MIA,MEM,16.0,False,13.8,0.0,0,4,2,5,-45.052628991723154,-41.27735849072049,-44.776095662482575,-37.952803888576234
22500814,2026,02/21/2026,CHI,DET,-16.0,False,-24.1,0.0,3,2,3,5,5.4445823804921005,-11.737396571385368,4.174779456020596,-12.22630043796729
22500815,2026,02/21/2026,SAS,SAC,17.0,False,25.5,0.0,1,4,2,4,-43.80219463214889,-41.17846619545375,-42.293719837372414,-39.829438603807674
22500816,2026,02/21/2026,NYK,HOU,2.0,False,12.5,0.0,1,1,7,5,-0.0717589154927687,8.694423135780443,-1.6486365546134056,6.243547195682712
22500817,2026,02/22/2026,OKC,CLE,8.0,False,-8.6,0.0,4,0,7,6,52.02055220722883,26.453825701294456,53.457551361894446,27.275648399827517
22500818,2026,02/22/2026,ATL,BKN,11.0,False,6.200000000000001,0.0,0,3,7,4,-16.551343647272475,4.355924326862372,-17.750155592452344,4.6806274389909355
22500819,2026,02/22/2026,MIL,TOR,-28.0,False,-0.8999999999999999,-1.0,1,3,2,3,-4.846019590035979,-0.756788056058312,-4.564838376690812,-0.20857831160255813
22500820,2026,02/22/2026,GSW,DEN,11.0,False,-10.4,1.0,2,3,5,7,5.266634051079446,24.145655624356735,7.421643266946141,26.625744728061555
22500821,2026,02/22/2026,IND,DAL,-4.0,False,5.9,0.0,2,1,6,8,3.17529263120959,-15.484543126906296,4.407946271714952,-15.356692477046018
22500822,2026,02/22/2026,WAS,CHA,-17.0,False,-12.3,0.0,1,5,4,5,-27.99356458524425,-0.5712260051376106,-29.66362075251136,-3.2510491508715944
22500823,2026,02/22/2026,LAL,BOS,-22.0,False,-8.4,-1.0,0,0,2,2,0.0,-3.4787278010598026,0.0,-0.9343319046310246
22500824,2026,02/22/2026,MIN,PHI,-27.0,False,11.2,1.0,1,2,2,2,-16.737918284470076,-1.1089768339626218,-17.66462288765113,-4.0892481999650165
22500825,2026,02/22/2026,CHI,NYK,-6.0,False,-23.6,0.0,2,3,4,8,-4.087772194685119,-8.515488353150662,-3.4979280603627494,-10.313292953499104
22500826,2026,02/22/2026,PHX,POR,-15.0,False,3.5999999999999996,-1.0,3,3,5,4,19.09483787079427,29.57197226560292,19.03482498598867,28.541052935982442
22500827,2026,02/22/2026,LAC,ORL,-2.0,False,-6.300000000000001,1.0,1,1,5,5,-2.964642919514219,-3.083135710810332,-3.2631556355641074,-2.4918364014706995
22500828,2026,02/23/2026,DET,SAS,-11.0,False,-0.6999999999999993,0.0,3,0,6,4,16.250538904033505,27.18127133833968,15.894462067317114,24.11328954847498
22500829,2026,02/23/2026,MEM,SAC,-9.0,False,9.3,0.0,4,4,6,7,-0.21666167120909563,9.683093750433848,0.5172828798507396,10.68878120293008
22500830,2026,02/23/2026,HOU,UTA,20.0,False,2.9000000000000004,-1.0,2,2,3,4,-18.229196812281064,-40.32349619399294,-13.992052541496975,-35.40834209628456
22500831,2026,02/24/2026,IND,PHI,-21.0,False,-3.0,0.0,2,1,6,2,4.624015419615173,31.302863112440267,3.4527744917983405,29.205171894780147
22500832,2026,02/24/2026,ATL,WAS,21.0,False,6.5,0.0,0,1,6,3,-16.92799045696912,-5.056394495796926,-17.76420372050887,-3.7198415792340214
22500833,2026,02/24/2026,BKN,DAL,-9.0,False,-3.0,0.0,2,1,4,6,-5.59755805083817,-27.792163188386258,-3.310381854605774,-27.239152682981352
22500834,2026,02/24/2026,TOR,OKC,-9.0,False,-4.1000000000000005,0.0,3,3,5,6,-24.998120381244924,-28.428199603070368,-26.10227005467365,-29.82891737293314
22500835,2026,02/24/2026,CLE,NYK,15.0,False,5.3999999999999995,0.0,0,2,3,3,-11.920978900343234,6.352085944796627,-11.347927587004326,7.695793177743141
22500836,2026,02/24/2026,CHI,CHA,-32.0,False,-17.8,0.0,4,4,4,4,21.802076452910434,21.802076452910434,19.761619293684593,19.761619293684593
22500837,2026,02/24/2026,MIL,MIA,11.0,False,-12.4,-1.0,1,1,6,3,18.816001555256744,24.47398411431012,17.562550140602074,23.782275289105918
22500838,2026,02/24/2026,NOP,GSW,4.0,False,3.9000000000000004,1.0,3,4,5,5,-28.31518485320496,-29.60307964711599,-27.50440872441037,-28.647337068012263
22500839,2026,02/24/2026,PHX,BOS,-16.0,False,-17.2,0.0,3,1,5,3,16.99411470479436,14.128188764211998,16.24296232078661,13.187485027723564
22500840,2026,02/24/2026,LAL,ORL,-1.0,False,-2.6,0.0,1,1,4,5,-8.15855549354672,-28.287628849228447,-7.414696125859747,-27.81007101566305
22500841,2026,02/24/2026,POR,MIN,-3.0,False,-8.6,0.0,4,0,6,4,35.183267348246055,35.61475150418491,35.90010666526978,33.33039337888219
22500842,2026,02/25/2026,DET,OKC,8.0,False,5.1,1.0,3,4,5,7,-42.12454724320152,-53.796290398814996,-44.402183274978796,-58.04844647199906
22500843,2026,02/25/2026,TOR,SAS,-3.0,False,-12.3,-1.0,2,0,4,4,7.899449813646559,5.477302782389966,7.762950670662633,3.8184421535074016
22500844,2026,02/25/2026,MEM,GSW,-21.0,False,-2.6000000000000005,1.0,4,5,6,5,-29.279963027905325,-17.855427560856803,-29.136413357427763,-18.092206623373926
22500845,2026,02/25/2026,HOU,SAC,31.0,False,14.4,0.0,3,4,4,6,-14.023757223403841,-17.827356596033475,-9.815111975062251,-13.145239369828865
22500846,2026,02/25/2026,MIL,CLE,2.0,False,-10.399999999999999,0.0,1,2,6,6,-8.0184963113364,-26.974572097243033,-9.543222563532911,-29.128269225451334
22500847,2026,02/25/2026,DEN,BOS,19.0,False,-7.1,2.0,3,1,4,2,26.6710602772171,25.147620528688705,25.52978794967153,23.85678733874423
22500848,2026,02/26/2026,IND,CHA,-24.0,False,-14.0,0.0,2,4,6,5,-2.886813929510449,25.05402406499703,-3.0813225674777946,24.42002816190719
22500849,2026,02/26/2026,PHI,MIA,7.0,False,-10.399999999999999,0.0,1,1,5,4,9.58834611016676,12.397296677864158,9.539613961142965,13.041781205153242
22500850,2026,02/26/2026,ATL,WAS,30.0,False,9.4,0.0,1,2,6,4,-12.363916097634117,0.49721262870363603,-11.816510372697905,1.4791413716365938
22500851,2026,02/26/2026,BKN,SAS,-16.0,False,-28.200000000000003,1.0,1,0,2,1,3.6896385920496138,7.704242507575414,4.69267823417393,9.411683599802004
22500852,2026,02/26/2026,ORL,HOU,-5.0,False,-1.0,1.0,1,2,5,4,4.198008626141329,18.027257005354443,2.143460035815835,17.328504458536244
22500853,2026,02/26/2026,CHI,POR,-9.0,False,-15.100000000000001,0.0,4,3,6,5,5.214182631475218,-0.22419895575505677,4.652827363048118,-2.003327524104755
22500854,2026,02/26/2026,DAL,SAC,-9.0,False,7.8999999999999995,1.0,2,6,8,7,-37.564858116714525,-0.2687504381008452,-39.11431488771445,0.035552169991412086
22500855,2026,02/26/2026,PHX,LAL,3.0,False,-7.8999999999999995,0.0,3,0,6,4,36.590856117473884,25.28931900585013,36.9634748400662,24.442243349554847
22500856,2026,02/26/2026,UTA,NOP,-11.0,False,-2.9,1.0,5,2,5,5,41.677424897702664,30.135391291336745,38.61265221898468,25.793217821575624
22500857,2026,02/26/2026,LAC,MIN,-6.0,False,-3.0,1.0,2,0,4,3,34.292992177624015,44.86835184479742,33.27852635959635,44.43208056335225
22500858,2026,02/27/2026,DET,CLE,3.0,False,1.3999999999999986,0.0,3,1,5,7,-0.3147212890370099,-34.280171861612715,-1.127571199575069,-34.45259357466216
22500859,2026,02/27/2026,BOS,BKN,37.0,False,19.0,1.0,1,1,1,1,-1.3847781831022767,-1.3847781831022767,-1.5206287115851143,-1.5206287115851143
22500860,2026,02/27/2026,MIL,NYK,-29.0,False,-0.7999999999999998,-1.0,1,3,2,3,6.552300241374162,10.666892258184852,7.767577007797422,12.150853605864766
22500861,2026,02/27/2026,DAL,MEM,-19.0,False,-1.7000000000000002,-1.0,2,5,9,6,-26.89004016706209,10.756930051012844,-27.584574453024914,9.077687290305349
22500862,2026,02/27/2026,OKC,DEN,6.0,False,0.6000000000000005,0.0,3,2,6,7,5.051977936849806,-4.021385300209495,6.971210547198417,-2.393884472919588
22500863,2026,02/28/2026,CHA,POR,16.0,False,8.7,0.0,4,2,4,3,1.8136015468867583,-14.056604859250626,2.403913882045508,-13.718264592862901
22500864,2026,02/28/2026,MIA,HOU,10.0,False,5.999999999999999,0.0,2,3,4,4,-12.628479303909273,-5.824215208121295,-9.622527741940225,-3.374660163163849
22500865,2026,02/28/2026,WAS,TOR,-9.0,False,-17.6,-1.0,1,2,2,5,8.741874499713232,-5.8472601859510505,9.702859311497011,-4.526786696926752
22500866,2026,02/28/2026,GSW,LAL,-28.0,False,-0.8999999999999999,1.0,2,0,3,3,35.853368410142,35.25466976945206,37.090224519652395,35.28008633043659
22500867,2026,02/28/2026,UTA,NOP,-10.0,False,-3.3000000000000003,0.0,4,1,5,2,33.82858107278922,33.132982090952275,31.233850469901775,30.356502080952087
22500868,2026,03/01/2026,NYK,SAS,25.0,False,-10.6,-1.0,1,0,4,0,9.882838106455488,18.421319558724015,9.234383074369775,18.416314310873428
22500869,2026,03/01/2026,BKN,CLE,-4.0,False,-22.4,0.0,2,2,5,6,-10.492336648945727,-10.854691940294714,-9.642981477354846,-10.6166547467205
22500870,2026,03/01/2026,CHI,MIL,23.0,False,-14.0,1.0,4,1,4,2,16.00252403502793,11.874817594480472,15.334870732845342,10.937623333680914
22500871,2026,03/01/2026,DEN,MIN,-9.0,False,5.6,-1.0,2,0,4,5,23.657425676507433,14.365953921748364,22.66041142365327,10.392333298510678
22500872,2026,03/01/2026,IND,MEM,-19.0,False,-4.6000000000000005,1.0,2,2,6,6,-2.314455195089998,-6.602120418136153,-2.1369603822542054,-7.455582326921331
22500873,2026,03/01/2026,ATL,POR,34.0,False,3.5999999999999996,2.0,0,4,5,4,-45.00634133522241,-26.72152465704448,-44.46128800396538,-26.468003862393928
22500874,2026,03/01/2026,BOS,PHI,16.0,False,11.2,-1.0,0,4,4,6,-42.60031803593714,-29.95003894336044,-43.0548864690019,-30.172653033623522
22500875,2026,03/01/2026,ORL,DET,-14.0,False,-5.699999999999999,1.0,1,3,5,6,0.87999662451044,10.672518217919098,0.16458375462247155,12.05256816953505
22500876,2026,03/01/2026,DAL,OKC,-13.0,False,-12.7,0.0,3,3,8,5,-1.027993364321862,30.31386673487784,-3.3075797531556326,27.909601693768906
22500877,2026,03/01/2026,LAC,NOP,20.0,False,-6.6,2.0,0,0,2,3,0.0,-10.845855847934793,0.0,-9.140801071479167
22500878,2026,03/01/2026,LAL,SAC,24.0,False,13.200000000000001,-2.0,0,5,3,6,-54.389990296804896,-43.485573361876476,-53.84924263555525,-42.021347302351835
22500879,2026,03/02/2026,WAS,HOU,-5.0,False,-16.6,0.0,2,3,4,5,-1.8716256980990593,5.980539895284181,-1.245222383693001,7.0191770978615615
22500880,2026,03/02/2026,MIL,BOS,-27.0,False,-13.700000000000001,0.0,0,2,2,3,-37.05326216157788,-28.29184673496608,-37.21398043159689,-26.572355585093256
22500881,2026,03/02/2026,UTA,DEN,-3.0,False,-8.9,1.0,5,4,5,7,22.07884698756434,13.995207470136833,18.37816904177103,9.46339915720111
22500882,2026,03/02/2026,GSW,LAC,-13.0,False,-3.9000000000000004,1.0,4,1,5,4,40.72899226724638,22.407896439398783,42.85246609693161,22.853339530191228
22500883,2026,03/03/2026,CHA,DAL,27.0,False,18.700000000000003,1.0,4,2,5,8,0.5403460133111793,-36.0412889806526,4.329940763509157,-30.671883542898215
22500884,2026,03/03/2026,CLE,DET,4.0,False,-2.6000000000000005,0.0,1,2,6,6,6.298017965508073,7.040934639114305,7.59747520307274,8.341668989573165
22500885,2026,03/03/2026,ORL,WAS,17.0,False,18.4,1.0,1,4,3,6,-30.364409694460665,-17.79688406044024,-31.88708535746816,-18.647539524468826
22500886,2026,03/03/2026,MIA,BKN,26.0,False,17.1,1.0,3,2,4,2,6.062010756189547,12.524858358652612,8.062404311139698,14.72266044783261
22500887,2026,03/03/2026,TOR,NYK,-16.0,False,-0.7000000000000002,1.0,1,3,2,4,-2.6654584995097057,-4.451893379725512,-1.3976665524937104,-4.478077138423178
22500888,2026,03/03/2026,PHI,SAS,-40.0,False,-16.5,0.0,3,0,3,1,46.342244641753865,38.02086786000419,46.75661986980761,38.35529547286846
22500889,2026,03/03/2026,CHI,OKC,-8.0,False,-16.8,0.0,4,5,5,6,-23.88881602668603,-18.248369446963757,-26.879641607729866,-22.442218270827198
22500890,2026,03/03/2026,MIN,MEM,7.0,False,6.0,0.0,0,2,5,5,-18.266742655585514,-25.477855579234088,-18.317479974516242,-21.68227269568788
22500891,2026,03/03/2026,LAL,NOP,9.0,False,0.5,0.0,0,0,6,5,0.0,-6.224908075477103,0.0,-7.060175967413784
22500892,2026,03/03/2026,SAC,PHX,-11.0,False,-7.9,-1.0,5,2,6,6,33.32705021380448,25.357961892100896,33.24753033469419,23.917142163346945
22500893,2026,03/04/2026,NYK,OKC,-3.0,False,4.199999999999999,0.0,2,3,7,5,-7.806125916550464,2.616904398948698,-8.95473719857371,3.2705203332040256
22500894,2026,03/04/2026,BOS,CHA,-29.0,False,-0.1999999999999993,1.0,0,4,2,4,-22.512863508101287,-14.381660848719712,-22.082342934179866,-14.486618059092537
22500895,2026,03/04/2026,PHI,UTA,4.0,False,-4.3999999999999995,-1.0,4,4,5,6,7.089922395484031,-2.5547657350303865,11.152304045902675,1.1902694147814685
22500896,2026,03/04/2026,MEM,POR,-8.0,False,4.7,-2.0,3,3,7,5,12.862768879598985,29.9661990046838,12.816024869410604,31.12699182723717
22500897,2026,03/04/2026,MIL,ATL,-18.0,False,-11.2,-1.0,1,0,3,5,16.323774149200457,-0.13400748604050605,17.19719987599983,1.9570080881660843
22500898,2026,03/04/2026,LAC,IND,23.0,False,14.5,-1.0,1,1,3,5,5.574527733444286,9.115493555497093,4.782906615084332,9.073034312710114
22500899,2026,03/05/2026,ORL,DAL,1.0,False,15.700000000000001,0.0,1,1,5,7,6.199753977695822,-11.36020154598009,5.783559430551106,-7.895372153571785
22500900,2026,03/05/2026,WAS,UTA,-10.0,False,-9.1,1.0,4,5,6,8,-18.94025893810388,-22.78298455131079,-15.197555932571348,-19.660614799172535
22500901,2026,03/05/2026,MIA,BKN,16.0,False,24.9,0.0,4,2,4,2,14.12668533129862,14.12668533129862,15.558045505576683,15.558045505576683
22500902,2026,03/05/2026,HOU,GSW,-2.0,False,10.1,0.0,2,5,6,6,-53.406322442673876,-51.645850191733594,-51.32805563890829,-48.69074528821889
22500903,2026,03/05/2026,MIN,TOR,8.0,False,0.0,0.0,0,2,1,3,-18.179170845269276,-16.22564145368854,-17.937558232846392,-14.65097608739594
22500904,2026,03/05/2026,SAS,DET,15.0,False,4.0,0.0,1,2,2,2,-3.0101259863235956,-0.072632459165904,-2.4576442449402087,1.4452765291332632
22500905,2026,03/05/2026,PHX,CHI,-2.0,False,3.0999999999999996,0.0,3,2,6,6,15.361427590039035,-27.275110786240717,15.713261549384065,-25.706863392394297
22500906,2026,03/05/2026,DEN,LAL,7.0,False,4.800000000000001,1.0,3,0,8,5,29.022076847733622,37.03834552653205,28.689063804940222,38.5788402384014
22500907,2026,03/05/2026,SAC,NOP,-10.0,False,-17.0,0.0,5,0,6,4,53.79125831622751,35.14704671940115,53.256463274503005,35.0996238437206
22500908,2026,03/06/2026,BOS,DAL,20.0,False,17.4,1.0,0,0,2,4,0.0,-18.399995635577433,0.0,-18.62855039210317
22500909,2026,03/06/2026,CHA,MIA,-8.0,False,1.3000000000000007,1.0,4,4,7,5,-5.670930042636215,-12.801932267127071,-8.31580216159498,-14.09430825314545
22500910,2026,03/06/2026,HOU,POR,7.0,False,12.1,-1.0,1,3,4,6,-16.697371740522676,-19.34979208591319,-16.685704062758255,-20.584835521650156
22500911,2026,03/06/2026,DEN,NYK,-39.0,False,-3.0999999999999996,-1.0,2,2,3,4,1.2495955663236096,-1.0491460345827512,2.366002087087095,0.2224144625261424
22500912,2026,03/06/2026,PHX,NOP,2.0,False,-8.1,0.0,3,0,6,5,32.34588328716937,13.196508914446508,33.55935964627707,14.935410428623271
22500913,2026,03/06/2026,SAS,LAC,4.0,False,8.4,-1.0,1,3,3,6,-23.42508248655119,-38.886010935188104,-21.37246477121221,-37.587000402885714
22500914,2026,03/06/2026,LAL,IND,11.0,False,14.399999999999999,-1.0,3,1,4,5,26.865063525113886,15.002495024662771,28.67169835325884,16.492615053772184
22500915,2026,03/07/2026,MIN,ORL,-27.0,False,-0.2999999999999998,0.0,0,1,3,3,-16.575439500289782,-6.170864622074074,-15.813246974711973,-5.071876752358406
22500916,2026,03/07/2026,DET,BKN,-2.0,False,22.1,0.0,2,2,6,4,4.455929856694944,36.42118991466251,1.5188514999861145,33.359605715049554
22500917,2026,03/07/2026,ATL,PHI,9.0,False,14.9,0.0,0,2,8,7,-33.81988191136767,-24.987937651852647,-33.988739988682305,-24.304123554716874
22500918,2026,03/07/2026,MEM,LAC,-3.0,False,-5.9,2.0,3,2,4,4,13.156998454241979,-0.7599158573352369,15.193386267757575,0.025894568000673246
22500919,2026,03/07/2026,MIL,UTA,14.0,False,-3.4999999999999996,1.0,1,5,4,7,-42.86768828022266,-45.1597002931704,-37.88724127507621,-39.194262097381596
22500920,2026,03/07/2026,OKC,GSW,7.0,False,10.8,1.0,5,4,6,6,-9.45153022137032,-6.030691162032518,-5.452620814315921,-0.9494447974675921
22500921,2026,03/08/2026,CLE,BOS,-11.0,False,-5.0,1.0,2,1,5,5,7.823872758572541,7.735674460555366,5.6879797503712854,4.889732649274961
22500922,2026,03/08/2026,LAL,NYK,13.0,False,-7.1000000000000005,0.0,1,2,5,7,-11.808150420633492,2.045201420616145,-11.218615398209991,4.356805487100136
22500923,2026,03/08/2026,MIA,DET,11.0,False,5.499999999999999,1.0,4,3,5,4,4.9916813993907425,12.295293528970895,8.479464236859226,14.214388422223053
22500924,2026,03/08/2026,TOR,DAL,30.0,False,13.299999999999999,1.0,3,0,4,3,20.212254995493034,9.88159559228297,20.663054262229537,10.338521969846399
22500925,2026,03/08/2026,NOP,WAS,20.0,False,10.0,-1.0,0,3,2,5,-27.246220566976206,-30.085796258988317,-27.189257368153562,-30.177691710153336
22500926,2026,03/08/2026,MIL,ORL,-39.0,False,-11.5,0.0,2,1,5,4,21.62522394699567,22.179367607052697,23.60867542939294,22.33478601548071
22500927,2026,03/08/2026,SAS,HOU,25.0,False,6.6,0.0,1,1,1,2,5.680331396917367,2.996184100726764,5.416188047850175,2.33722766055441
22500928,2026,03/08/2026,PHX,CHA,12.0,False,-19.0,0.0,3,4,7,5,8.943879703650893,27.189345685210547,10.355767248381877,27.93153354564359
22500929,2026,03/08/2026,POR,IND,20.0,False,2.4000000000000004,0.0,1,1,3,4,4.01254082297319,2.764110754088552,4.84062205454459,2.6381151785749175
22500930,2026,03/08/2026,SAC,CHI,16.0,False,-8.400000000000002,0.0,5,2,7,2,36.710365054156284,48.68198241966236,35.32459865458736,48.197287610148365
22500931,2026,03/09/2026,CLE,PHI,14.0,False,13.7,-1.0,2,4,3,5,-41.179998811880445,-37.51301271057392,-43.98955620150372,-39.33412625254428
22500932,2026,03/09/2026,BKN,MEM,11.0,False,-14.099999999999998,0.0,2,3,4,7,-8.076527599062608,-36.96004594982807,-5.815717592237839,-33.70450398647027
22500933,2026,03/09/2026,OKC,DEN,3.0,False,2.5,-1.0,3,3,6,7,10.57430886429611,20.837984409119404,13.130335398184954,23.770598897264435
22500934,2026,03/09/2026,UTA,GSW,3.0,False,-0.8000000000000007,0.0,5,5,8,6,-9.16331627272129,3.7266650232158725,-12.20708613095853,0.8419344473015542
22500935,2026,03/09/2026,LAC,NYK,8.0,False,-2.3,1.0,2,3,5,6,-3.0167114782230584,5.600992927733067,-4.480738207840105,4.26722210671403
22500936,2026,03/10/2026,PHI,MEM,10.0,False,-1.7000000000000002,0.0,3,3,6,4,19.430636353779814,26.05722540817611,20.21765579069935,25.681716104781515
22500937,2026,03/10/2026,BKN,DET,-38.0,False,-13.8,-1.0,3,4,5,4,0.2979657880449871,11.44386835380617,0.09750174657567712,11.196964392637806
22500938,2026,03/10/2026,MIA,WAS,21.0,False,22.1,0.0,4,3,5,4,5.803196128169802,17.954740981289966,5.72964164323713,16.649878783085228
22500939,2026,03/10/2026,ATL,DAL,12.0,False,19.4,1.0,0,0,8,6,0.0,4.8593608722071835,0.0,5.459085505893583
22500940,2026,03/10/2026,HOU,TOR,14.0,False,-0.7000000000000002,0.0,1,3,2,4,-19.323923012149727,-30.415220546543182,-18.865357998832362,-30.038309384378266
22500941,2026,03/10/2026,MIL,PHX,-15.0,False,-6.0,0.0,1,2,6,6,-5.465184934393612,14.09865211752313,-5.584265211391525,14.300688639972869
22500942,2026,03/10/2026,SAS,BOS,9.0,False,2.1000000000000014,0.0,1,2,4,3,-18.305487021477926,-16.98317792657041,-18.628054306428144,-15.511108897681252
22500943,2026,03/10/2026,GSW,CHI,-6.0,False,4.5,-1.0,4,3,6,7,28.59583049090098,15.016487872951103,27.800175280612795,12.165521208287672
22500944,2026,03/10/2026,POR,CHA,-2.0,False,-16.2,0.0,3,5,6,7,-17.380617538295418,-5.9364582943532405,-17.769565605424475,-6.956397003431359
22500945,2026,03/10/2026,SAC,IND,5.0,False,1.299999999999999,0.0,5,4,5,7,11.943381296550612,-6.695165232649778,9.843928843461583,-9.311611599739564
22500946,2026,03/10/2026,LAL,MIN,14.0,False,1.9,-1.0,0,0,4,1,0.0,30.912850487766264,0.0,30.290510122989687
22500947,2026,03/11/2026,ORL,CLE,6.0,False,5.6,1.0,2,2,6,6,6.671946621864102,3.2083949922664488,8.522257565364242,5.335487116955399
22500948,2026,03/11/2026,NOP,TOR,11.0,False,1.0,2.0,1,2,3,3,-12.113241914817412,-1.2374084610601663,-11.42122024373427,-1.59066487276122
22500949,2026,03/11/2026,UTA,NYK,-17.0,False,-15.2,0.0,5,2,8,5,38.21112091603391,35.22602977462186,39.673481352141344,37.19157981761654
22500950,2026,03/11/2026,DEN,HOU,36.0,False,-2.9,1.0,3,2,4,3,11.339573323799545,10.312934822876642,11.128007379625966,9.71408996508513
22500951,2026,03/11/2026,SAC,CHA,-8.0,False,-21.299999999999997,0.0,8,5,8,7,45.38844581436226,33.11677709983505,45.55328333317545,34.29571487922838
22500952,2026,03/11/2026,LAC,MIN,25.0,False,5.3,1.0,2,1,3,3,16.26666720283832,7.2645276643235555,13.772451345802512,2.761267933513704
22500953,2026,03/12/2026,DET,PHI,22.0,False,6.1,0.0,4,5,4,6,-38.911570382243326,-46.13539869592374,-39.73767864414216,-47.648211566536084
22500954,2026,03/12/2026,IND,PHX,-15.0,False,-13.299999999999999,0.0,1,2,7,5,-15.211279192829025,12.903254097600488,-16.526723217584337,12.94587664626404
22500955,2026,03/12/2026,ORL,WAS,5.0,False,20.799999999999997,-1.0,2,1,4,3,16.175474401314844,11.214910493162261,16.733402675250794,13.543677908662929
22500956,2026,03/12/2026,ATL,BKN,11.0,False,25.5,0.0,0,5,6,6,-51.28234796816548,-21.80894525744904,-51.514482335211866,-21.259034825893977
22500957,2026,03/12/2026,MIA,MIL,7.0,False,27.299999999999997,0.0,3,0,5,5,29.405923467720747,34.67032105215776,30.438194472595463,33.93371537837279
22500958,2026,03/12/2026,SAS,DEN,-5.0,False,6.4,1.0,0,3,4,7,-18.588798334118618,-4.84590739632845,-18.794504751130358,-3.405269949920047
22500959,2026,03/12/2026,OKC,BOS,2.0,False,-2.3999999999999995,1.0,3,2,5,5,-2.9240564825286732,-16.998183407230194,-1.9009515112969204,-13.975343463943126
22500960,2026,03/12/2026,LAL,CHI,12.0,False,13.1,0.0,3,2,6,6,4.548863720630173,-19.147032874578734,3.0782213112454215,-21.212296769858764
22500961,2026,03/13/2026,DET,MEM,16.0,False,8.1,0.0,1,3,5,7,-26.073872670517922,-27.34926799532893,-26.066758227068682,-26.16791525922776
22500962,2026,03/13/2026,IND,NYK,-9.0,False,-24.8,-1.0,1,1,6,7,2.273995690643509,-11.420374811637501,2.3902512572842296,-10.129543147831939
22500963,2026,03/13/2026,TOR,PHX,7.0,False,-1.2999999999999998,1.0,0,2,4,7,-21.35700494647139,-10.424063396855747,-22.327527479418567,-13.021171831556579
22500964,2026,03/13/2026,HOU,NOP,2.0,False,-4.1,0.0,2,1,4,6,-1.1705059328075693,-4.848729784789725,-0.867167656066008,-1.7579942800140316
22500965,2026,03/13/2026,DAL,CLE,-33.0,False,-12.6,-1.0,0,2,5,4,-21.210056219426125,0.6150801485259549,-19.53975614086225,2.6792397051572365
22500966,2026,03/13/2026,GSW,MIN,-10.0,False,1.1000000000000005,1.0,2,1,4,5,23.690647332628544,26.391774683257946,22.086816517047495,23.238211321313813
22500967,2026,03/13/2026,POR,UTA,10.0,False,1.0999999999999996,1.0,1,6,4,9,-54.986790989580896,-52.10120226594113,-55.1026292037498,-53.94624609274493
22500968,2026,03/13/2026,LAC,CHI,11.0,False,14.5,1.0,3,2,5,5,18.661371455806204,-2.28891745233571,14.932445706673171,-7.798412032882638
22500969,2026,03/14/2026,PHI,BKN,7.0,False,11.2,0.0,4,4,8,7,24.027266854232394,17.51007512984156,23.386839113494645,15.22441202583554
22500970,2026,03/14/2026,ATL,MIL,23.0,False,25.6,0.0,1,0,3,3,8.814332509096099,-10.03652091019223,9.143910617387242,-12.075675840898683
22500971,2026,03/14/2026,BOS,WAS,11.0,False,22.3,0.0,1,1,3,3,2.799078798189578,-0.8766580630472163,3.6257398148571394,1.1009268115710142
22500972,2026,03/14/2026,MIA,ORL,-4.0,False,1.799999999999999,0.0,2,3,5,6,-13.114130289646468,-10.35587162572206,-13.64427908234326,-12.275986170946105
22500973,2026,03/14/2026,SAS,CHA,13.0,False,-4.199999999999999,-1.0,0,4,5,7,-20.85825324413093,-1.937723848316633,-20.569926843704163,-2.092770217004734
22500974,2026,03/14/2026,LAL,DEN,2.0,False,9.8,0.0,1,3,6,8,-15.114153787703307,-17.52510315446966,-16.068776731150386,-19.18348699711254
22500975,2026,03/14/2026,LAC,SAC,-9.0,False,15.3,-2.0,2,7,5,7,-46.48264379593478,-32.18039982317353,-46.101482045712025,-31.33201078971049
22500976,2026,03/15/2026,OKC,MIN,13.0,False,10.1,1.0,3,2,4,3,12.848407722278136,15.48645946056652,14.166062906169898,15.9101508431143
22500977,2026,03/15/2026,CLE,DAL,-10.0,False,19.6,0.0,4,0,7,5,34.79368422986366,21.65800142576456,35.138531141885466,24.001938180258282
22500978,2026,03/15/2026,TOR,DET,11.0,False,-5.6000000000000005,0.0,1,3,5,5,-2.209845224196311,0.5516838510724682,-1.96374017819371,-0.27255168418931675
22500979,2026,03/15/2026,MIL,IND,11.0,False,-1.4000000000000004,-1.0,2,1,5,5,14.053585737500736,-10.927357234884362,15.210331977517416,-8.927896417837246
22500980,2026,03/15/2026,PHI,POR,6.0,False,-5.2,-1.0,5,4,6,6,42.60848236991728,37.599973289036086,42.86828359229392,37.37658895505969
22500981,2026,03/15/2026,NYK,GSW,3.0,False,13.3,0.0,0,7,6,7,-74.91427741616178,-57.62970142515989,-73.18653205689698,-55.453158742634514
22500982,2026,03/15/2026,SAC,UTA,5.0,False,3.9999999999999996,-1.0,8,7,8,10,-15.744759840109381,-34.24443520828237,-12.268407403693061,-30.194661750848482
22500983,2026,03/16/2026,ATL,ORL,12.0,False,5.700000000000001,0.0,0,3,6,3,-30.16710489077073,-7.887421891003896,-30.599566168061514,-7.858617345470698
22500984,2026,03/16/2026,WAS,GSW,-8.0,False,-9.8,1.0,3,5,5,6,-14.058443202747284,-6.552510108631374,-13.242125746365843,-5.882080471196943
22500985,2026,03/16/2026,BKN,POR,-19.0,False,-12.1,1.0,5,4,7,6,26.96883672907143,17.3480614511521,29.58527763284176,21.98058740380332
22500986,2026,03/16/2026,BOS,PHX,8.0,False,4.5,-1.0,1,2,5,6,-7.953459207107496,-4.071807574596242,-8.434067375638563,-6.159392967139951
22500987,2026,03/16/2026,CHI,MEM,25.0,False,-1.7000000000000002,0.0,3,3,4,6,-6.045552560953471,-33.52385597035545,-3.945327649532551,-28.776183268067207
22500988,2026,03/16/2026,NOP,DAL,18.0,False,17.0,2.0,1,0,4,5,6.585776802777245,1.4104710333441801,7.0285244473696595,0.013587900890641436
22500989,2026,03/16/2026,HOU,LAL,-8.0,False,-11.200000000000001,1.0,2,1,5,6,1.8969483275233814,9.111060898147805,3.391301799171625,13.36809552956096
22500990,2026,03/16/2026,LAC,SAS,-4.0,False,-1.0999999999999996,0.0,2,2,3,5,5.104708138593857,4.503818013070063,4.461084709838065,3.4093619206379415
22500991,2026,03/17/2026,CHA,MIA,30.0,False,2.8,0.0,4,1,4,3,6.978106527248915,-15.417213474022827,8.214943168691276,-14.96853445818148
22500992,2026,03/17/2026,ORL,OKC,-5.0,False,1.2000000000000002,-1.0,3,3,4,4,10.666129485730167,7.2968482458645525,9.394827019317976,6.617986490965066
22500993,2026,03/17/2026,WAS,DET,-13.0,False,-18.6,-1.0,5,3,7,4,36.36418676905846,43.510401406961876,35.24472211292837,43.16345719053361
22500994,2026,03/17/2026,NYK,IND,26.0,False,27.200000000000003,0.0,1,1,4,6,-4.405115682300211,-19.387794594200198,-4.491222744205423,-19.929986585285594
22500995,2026,03/17/2026,MIL,CLE,-7.0,False,-19.4,0.0,0,3,7,6,-25.034375841592468,6.710039854535644,-24.390936084640813,9.094216312922136
22500996,2026,03/17/2026,MIN,PHX,12.0,False,-6.1,1.0,3,2,6,5,6.155193763525816,-1.758206851062873,5.785642013134517,1.1889684778143206
22500997,2026,03/17/2026,DEN,PHI,28.0,False,7.800000000000001,1.0,3,4,4,5,-36.52840460077981,-37.60134348251543,-35.06754017517447,-36.99942524033712
22500998,2026,03/17/2026,SAC,SAS,-28.0,False,-13.6,1.0,6,1,7,2,36.43631964523242,38.49017732546962,36.169487272324865,38.219585508224185
22500999,2026,03/18/2026,BOS,GSW,21.0,False,12.9,0.0,1,4,4,5,-29.28644109525346,-21.840014473234127,-27.463477101814753,-19.077037241031913
22501000,2026,03/18/2026,BKN,OKC,-29.0,False,-19.7,1.0,3,5,4,4,-0.7170745534432896,5.461010328322054,-3.8387409187089503,3.1490258977965055
22501001,2026,03/18/2026,IND,POR,-8.0,False,-16.400000000000002,-1.0,3,5,6,6,1.1833035047069025,21.62319251997493,2.890334268630575,23.60116963132685
22501002,2026,03/18/2026,CHI,TOR,-30.0,False,-2.8000000000000003,-1.0,2,2,3,2,7.450986445043268,3.9814993702357953,8.358114989768787,6.12506221450748
22501003,2026,04/01/2026,MEM,NYK,-11.0,False,-21.5,1.0,3,2,6,6,10.602663114793938,3.976423025478816,10.24137287801981,2.224166370529929
22501004,2026,03/18/2026,MIN,UTA,36.0,False,3.3999999999999995,-2.0,2,5,3,7,-37.147955972730045,-36.50333661545072,-36.079268717617204,-34.43839249035834
22501005,2026,03/18/2026,NOP,LAC,15.0,False,-3.8999999999999995,0.0,1,2,6,3,-14.00304930194569,7.080037679112632,-11.44967924315388,10.028867266414647
22501006,2026,03/18/2026,DAL,ATL,-15.0,False,-31.700000000000003,0.0,1,2,4,4,3.93506363092224,10.01468149850697,2.5845689388620716,9.36068175869682
22501007,2026,03/18/2026,HOU,LAL,-8.0,False,-16.2,0.0,1,1,4,6,-0.8188770963252168,-9.719925640987434,0.27133368739832653,-7.864674489542201
22501008,2026,03/19/2026,CHA,ORL,19.0,False,3.500000000000001,0.0,3,3,3,4,-12.247253958647313,-24.51835438093981,-13.185727523237745,-25.375636716710183
22501009,2026,03/19/2026,WAS,DET,-22.0,False,-17.9,0.0,4,3,6,3,7.038394696877418,27.64558671768404,5.757962641491815,26.344181165489587
22501010,2026,03/19/2026,MIA,LAL,-8.0,False,-3.6000000000000005,1.0,2,1,5,6,22.46029969630947,19.820893602505688,22.553121831644866,21.171526937402064
22501011,2026,03/19/2026,CHI,CLE,-5.0,False,-6.0,-1.0,4,3,6,6,2.324526529115886,-8.695824909528184,4.361619339602964,-5.5588648104588
22501012,2026,03/19/2026,NOP,LAC,6.0,False,0.0,0.0,2,3,6,5,-11.524432816326367,-19.11478027032041,-10.711596708043146,-16.19510956720127
22501013,2026,03/19/2026,SAS,PHX,1.0,False,7.9,0.0,0,2,5,7,-21.181972399248085,-20.57647159408469,-22.14454095964597,-25.32804216456432
22501014,2026,03/19/2026,UTA,MIL,32.0,False,4.800000000000001,-1.0,6,1,10,3,54.82619208016389,58.88171460994988,49.976606852345796,55.242044350601574
22501015,2026,03/19/2026,SAC,PHI,-21.0,False,6.499999999999999,0.0,7,3,7,4,8.441951647590848,5.645154272580193,6.79811514653354,3.135331506438625
22501016,2026,03/20/2026,BKN,NYK,-1.0,False,-24.799999999999997,-1.0,5,1,8,6,30.415923454910846,25.926433427611553,33.687022019457714,30.46437027846386
22501017,2026,03/20/2026,DET,GSW,14.0,False,14.899999999999999,-1.0,4,5,5,6,-10.525733861790897,-6.585530581966623,-8.94481330007737,-5.061397575385975
22501018,2026,03/20/2026,HOU,ATL,22.0,False,-24.6,0.0,1,1,3,4,-5.872599532770789,-10.827477833301163,-5.641110251962229,-10.10210393493241
22501019,2026,03/20/2026,MEM,BOS,-5.0,False,-13.600000000000001,0.0,4,1,8,4,20.402236037525903,39.23000715959901,19.85496901119935,39.10854353735731
22501020,2026,03/20/2026,MIN,POR,-4.0,False,0.3,0.0,1,4,6,6,-1.1065834353895063,14.166038079535468,-0.7583218269028045,16.903747928997216
22501021,2026,03/20/2026,DEN,TOR,6.0,False,-1.6,0.0,3,1,8,5,13.338166362663952,11.609716880440182,13.80800573695868,12.455086034169685
22501022,2026,03/21/2026,WAS,OKC,-21.0,False,-22.1,-1.0,3,2,5,3,14.069590406215582,25.48176382054897,10.799339340912674,21.91608888788181
22501023,2026,03/21/2026,CHA,MEM,23.0,False,18.4,1.0,3,5,4,7,-22.365422806878144,-39.612482826563124,-23.495182727705284,-39.619314959719084
22501024,2026,03/21/2026,ORL,LAL,-1.0,False,-1.5,0.0,4,1,6,6,31.670333757992893,24.198644659536445,32.70474594624971,26.485295862833393
22501025,2026,03/21/2026,NOP,CLE,-5.0,False,1.0,0.0,1,3,6,6,-18.47917906056301,-10.34136571546368,-17.39203815727476,-9.739881319483963
22501026,2026,03/21/2026,ATL,GSW,16.0,False,20.9,0.0,0,5,6,6,-53.57144875861654,-26.19099538345599,-51.96964454668072,-22.684241011464543
22501027,2026,03/21/2026,HOU,MIA,1.0,False,-8.6,-1.0,0,2,3,4,-25.911352228877274,-29.68440888117817,-25.263383771264174,-29.4904405345649
22501028,2026,03/21/2026,SAS,IND,15.0,False,28.1,-1.0,1,2,3,6,0.5505369416525916,-0.36258859367071494,-2.175770590231714,-4.431016694511612
22501029,2026,03/21/2026,DAL,LAC,-7.0,False,-17.0,1.0,1,2,6,5,-9.282040951121779,0.355618920312331,-8.449401070883368,-0.15255579846101597
22501030,2026,03/21/2026,UTA,PHI,-10.0,False,2.0999999999999996,0.0,6,3,11,5,19.451251635980356,43.879431563162576,16.774364149599023,41.89259981278006
22501031,2026,03/21/2026,PHX,MIL,-3.0,False,16.8,0.0,4,1,6,4,10.17392405951917,-1.0139596448120685,11.349001335340954,0.1292897062536298
22501032,2026,03/22/2026,DEN,POR,16.0,False,1.4,0.0,0,4,2,6,-21.9423140755752,-29.24204300530159,-21.806598469251824,-28.562958803627453
22501033,2026,03/22/2026,SAC,BKN,4.0,False,6.7,1.0,6,5,7,7,0.9545843564032737,-1.317169037923442,-0.9738937980305025,-3.2545448963595263
22501034,2026,03/22/2026,NYK,WAS,32.0,False,23.5,1.0,1,5,2,6,-41.685472298954565,-51.27388605144996,-40.76998165531098,-51.46354017183175
22501035,2026,03/22/2026,BOS,MIN,-10.0,False,7.3,0.0,1,1,4,2,-7.225580352315729,0.573319104453887,-6.952361075371831,0.23432134873521449
22501036,2026,03/22/2026,PHX,TOR,22.0,False,-2.1,-1.0,5,1,6,2,36.87734489017244,31.438045280670146,39.284414767536724,34.38092971605253
22501037,2026,03/23/2026,ATL,MEM,39.0,False,23.0,0.0,2,4,3,6,-21.21792410563031,-20.702581061203144,-21.54896700754414,-20.305197816828073
22501038,2026,03/23/2026,DET,LAL,3.0,False,1.5999999999999996,1.0,4,2,6,6,21.082705402839274,18.92298449756199,20.415608058715137,17.694112234616906
22501039,2026,03/23/2026,ORL,IND,-2.0,False,18.8,0.0,4,2,6,8,22.005917631272812,4.000354241798121,22.55189811654926,3.831814338431599
22501040,2026,03/23/2026,PHI,OKC,-20.0,False,-11.9,0.0,3,1,5,1,37.81296422603223,49.04025296876725,37.531375614414884,48.23426290345267
22501041,2026,03/23/2026,MIA,SAS,-25.0,False,-6.300000000000001,0.0,0,0,2,1,0.0,4.643556915904456,0.0,6.0548256805026455
22501042,2026,03/23/2026,CHI,HOU,8.0,False,0.6999999999999997,1.0,5,0,6,2,35.99788173536482,33.83410248366259,36.10023224190989,33.59091516144575
22501043,2026,03/23/2026,UTA,TOR,-16.0,False,-5.199999999999999,1.0,6,3,11,4,25.737871219034247,38.127530330370824,23.998276554332257,34.53741717998798
22501044,2026,03/23/2026,DAL,GSW,-6.0,False,-4.800000000000001,0.0,0,3,6,5,-24.532761534902416,2.4917495426796563,-23.89003202976776,1.409329097407685
22501045,2026,03/23/2026,POR,BKN,35.0,False,15.0,0.0,4,7,5,7,-16.935551335545895,-8.95085533621129,-19.585219020304663,-12.235685180396352
22501046,2026,03/23/2026,LAC,MIL,33.0,False,12.9,0.0,2,2,3,5,-17.20261179565877,-23.04011969000554,-20.675288097092285,-27.678839786806144
22501047,2026,03/24/2026,CHA,SAC,44.0,False,14.4,1.0,3,9,4,9,-58.231866227470526,-56.078224086733144,-56.42904928250858,-54.057482176145385
22501048,2026,03/24/2026,NYK,NOP,5.0,False,4.1000000000000005,-1.0,1,1,6,6,0.1799190305704954,-7.260306070883388,0.6802427956472803,-7.937561293091289
22501049,2026,03/24/2026,CLE,ORL,5.0,False,0.2999999999999998,2.0,3,4,6,6,-8.877383944307027,-7.298564274062969,-9.064719596708255,-7.873159915017169
22501050,2026,03/24/2026,PHX,DEN,-2.0,False,-1.2000000000000002,0.0,4,1,6,7,17.39671242621096,2.2443900244420476,20.826821544204385,4.004274559333226
22501051,2026,03/25/2026,DET,ATL,-1.0,False,-2.9000000000000004,0.0,4,2,6,6,29.563197265046902,23.24425354346348,29.551674320266137,22.310516965606503
22501052,2026,03/25/2026,IND,LAL,-7.0,False,-19.200000000000003,0.0,2,3,6,7,-0.3443140345314575,-2.3623855560731783,-0.8006466172786801,-4.075149354966641
22501053,2026,03/25/2026,PHI,CHI,20.0,False,0.19999999999999973,0.0,3,2,3,3,19.558944665480123,10.509537969459966,20.465120652501582,11.277129797457626
22501054,2026,03/25/2026,BOS,OKC,10.0,False,-8.5,1.0,1,1,5,4,11.85281818892496,11.433111904770175,11.744866953864666,10.36868688012186
22501055,2026,03/25/2026,CLE,MIA,-17.0,False,5.1,-1.0,4,0,6,5,41.2459494907709,26.003287225762904,43.056726541178804,25.01048362847852
22501056,2026,03/25/2026,MEM,SAS,-25.0,False,-25.200000000000003,0.0,4,2,6,2,10.615999058078245,20.50980207267247,9.728004645991362,19.601516913732986
22501057,2026,03/25/2026,UTA,WAS,-23.0,False,10.0,-1.0,7,5,11,6,26.0453651208866,38.294354457051675,20.847005729909107,33.622127472506854
22501058,2026,03/25/2026,MIN,HOU,2.0,False,3.2,1.0,1,0,5,2,20.716829377276483,37.59118591063534,20.931275197283977,38.96273953509969
22501059,2026,03/25/2026,DEN,DAL,7.0,False,16.5,-1.0,0,1,7,5,-6.606672519754169,1.040926241769263,-6.202569479714111,4.654249303536233
22501060,2026,03/25/2026,GSW,BKN,3.0,False,6.5,0.0,4,6,6,7,-15.724191643930283,-12.421467588230549,-19.176954859323978,-15.630591113419499
22501061,2026,03/25/2026,POR,MIL,31.0,False,19.3,0.0,2,3,3,7,-36.54864626834583,-66.33871467600287,-38.029262596627376,-68.057643039457
22501062,2026,03/25/2026,LAC,TOR,25.0,False,2.0,0.0,2,1,3,2,10.432141720927277,0.5587646532745616,10.50254305453346,0.6765295544704237
22501063,2026,03/26/2026,CHA,NYK,11.0,False,1.0999999999999996,0.0,3,1,6,5,10.482508994009232,6.653196540230496,9.671990827115462,6.526822640699098
22501064,2026,03/26/2026,DET,NOP,21.0,False,3.9000000000000004,-1.0,3,1,4,4,29.44328904402996,11.607153990249095,29.299277194211868,9.508476447411162
22501065,2026,03/26/2026,ORL,SAC,4.0,False,8.2,0.0,4,6,5,7,-12.28968432788944,-11.948342178989286,-12.876223349094445,-11.37095033147434
22501066,2026,03/27/2026,IND,LAC,-1.0,False,-18.9,0.0,2,1,5,4,10.56362524932007,6.784686456268162,11.537189591241667,9.16299312540892
22501067,2026,03/27/2026,BOS,ATL,7.0,False,-5.1,0.0,2,0,5,7,33.06189211513795,14.255692445322751,33.385182643944596,13.502906244491488
22501068,2026,03/27/2026,CLE,MIA,21.0,False,2.9,0.0,3,0,3,2,21.18989324020333,11.492954393273708,22.946946995863854,12.060408841076693
22501069,2026,03/27/2026,MEM,HOU,-10.0,False,-10.7,0.0,4,0,6,4,35.74221424121243,33.974576489678206,34.623865376975694,32.111223339651055
22501070,2026,03/27/2026,OKC,CHI,18.0,False,14.600000000000001,0.0,2,4,2,5,-13.662325356830163,-22.544144339032204,-13.30069900369963,-22.12178027628619
22501071,2026,03/27/2026,TOR,NOP,13.0,False,-1.9,1.0,1,3,2,4,-20.505301248384328,-24.459247472593766,-21.99914196972953,-25.267328528404132
22501072,2026,03/27/2026,DEN,UTA,6.0,False,18.4,0.0,1,6,6,10,-57.76543158400517,-60.53526513985694,-54.550416561359526,-55.64776773251502
22501073,2026,03/27/2026,GSW,WAS,5.0,False,7.4,0.0,4,2,6,4,12.745948992898594,5.903629726890152,11.03785032933352,5.309133788567991
22501074,2026,03/27/2026,POR,DAL,-7.0,False,21.3,0.0,2,2,5,5,-17.861879903325615,-16.628508845714908,-15.946735161329574,-15.34528569151983
22501075,2026,03/27/2026,LAL,BKN,17.0,False,20.6,0.0,2,4,6,7,-29.013130427956472,-28.71591542153513,-29.6808760421749,-31.22128236627171
22501076,2026,03/28/2026,MIL,SAS,-32.0,False,-31.3,0.0,2,0,6,1,36.82312149489214,61.571938537134656,38.16144051891284,63.014453929155906
22501077,2026,03/28/2026,CHA,PHI,-4.0,False,11.4,-1.0,4,0,6,6,21.310945895936854,2.1460886388716602,21.474656348310006,3.9390149116693323
22501078,2026,03/28/2026,ATL,SAC,10.0,False,16.6,-1.0,2,3,8,5,-1.7591384776324759,24.743869826994978,-3.0771630129843324,22.88395415653938
22501079,2026,03/28/2026,MEM,CHI,1.0,False,-8.100000000000001,0.0,4,6,7,6,-13.375205173265599,6.823730290316519,-14.142235207466086,7.16025217263897
22501080,2026,03/28/2026,MIN,DET,-22.0,False,-15.0,1.0,3,2,3,2,14.790523903502603,14.790523903502603,16.61914145723712,16.61914145723712
22501081,2026,03/28/2026,PHX,UTA,25.0,False,11.9,2.0,4,6,5,9,-30.873822245221803,-46.36260586497839,-26.120397343966637,-41.470643910277744
22501082,2026,03/29/2026,MIL,LAC,-14.0,False,-23.400000000000002,-1.0,7,1,8,4,76.5529287714442,64.3940488650395,78.66678668688255,67.94182283263783
22501083,2026,03/29/2026,IND,MIA,17.0,False,-6.2,0.0,1,1,5,4,1.101158344041039,16.218651312955004,-0.35456216637599525,11.385333198662167
22501084,2026,03/29/2026,BKN,SAC,17.0,False,-7.199999999999999,1.0,4,5,7,6,-4.226941623604489,8.885042052048995,-3.96198159331459,8.230731717387073
22501085,2026,03/29/2026,CHA,BOS,-15.0,False,5.6000000000000005,-1.0,4,1,4,4,11.8575422301738,-26.793294292305756,11.323931245529446,-26.84040302331791
22501086,2026,03/29/2026,TOR,ORL,52.0,False,2.4,-1.0,1,4,4,4,-19.32312371085527,11.213408463866017,-18.990957391207072,13.642533439382724
22501087,2026,03/29/2026,POR,WAS,35.0,False,19.1,0.0,3,4,4,5,-19.601941058320634,-16.781610095117152,-20.172841378291977,-17.63797192092655
22501088,2026,03/29/2026,NOP,HOU,-32.0,False,3.7,0.0,1,0,3,2,6.675636118737071,22.40934787503035,7.12442481234729,23.343546923600986
22501089,2026,03/29/2026,OKC,NYK,11.0,False,4.700000000000001,-1.0,0,3,4,6,-14.471437036004325,-7.119283831343131,-15.122885522713412,-4.782102901178622
22501090,2026,03/29/2026,DEN,GSW,23.0,False,14.5,0.0,0,2,2,3,-21.94335608486702,-13.02261248081739,-19.83799762335203,-11.0183736760507
22501091,2026,03/30/2026,MIA,PHI,10.0,False,-6.8999999999999995,-1.0,1,0,5,8,11.380776974318803,-6.213061246782626,13.564655473940242,-2.6948040112940674
22501092,2026,03/30/2026,ATL,BOS,10.0,False,4.200000000000001,1.0,0,2,8,5,-30.10440593519723,-17.181929510650875,-32.53414685474385,-18.5997721241715
22501093,2026,03/30/2026,MEM,PHX,-26.0,False,-18.700000000000003,0.0,3,4,7,6,0.6536531732659938,19.825457518258496,-1.8736168564435474,16.65503977546873
22501094,2026,03/30/2026,SAS,CHI,15.0,False,20.5,0.0,0,3,4,5,-25.995354208656632,-26.848575898180513,-27.499569285941035,-27.21262788671718
22501095,2026,03/30/2026,DAL,MIN,-30.0,False,-6.5,1.0,0,1,6,2,-12.611792025543885,37.57239252873346,-12.902859443491822,37.73081388452482
22501096,2026,03/30/2026,UTA,CLE,-9.0,False,-17.3,-1.0,6,4,11,5,13.091036700199332,34.95629903487109,12.237339871506961,33.7089242338866
22501097,2026,03/30/2026,OKC,DET,4.0,False,-0.9000000000000004,-1.0,2,5,4,5,-50.91540439166595,-45.22565287185881,-45.981816829896836,-38.847653974043695
22501098,2026,03/30/2026,LAL,WAS,19.0,False,20.3,2.0,3,2,4,6,15.401956056840191,-22.460254697426464,15.785830669183245,-21.414322969121898
22501099,2026,03/31/2026,ORL,PHX,4.0,False,-13.8,1.0,3,3,5,6,2.60811402400995,-2.203822443415195,0.079645204178032,-3.7046863834827946
22501100,2026,03/31/2026,BKN,CHA,-31.0,False,-21.4,0.0,5,3,5,3,27.92209534624519,27.92209534624519,30.021472197246563,30.021472197246563
22501101,2026,03/31/2026,DET,TOR,11.0,False,3.0,-1.0,3,5,4,5,5.094803248006993,10.661518976759787,4.635848292738853,10.207688566027855
22501102,2026,03/31/2026,HOU,NYK,17.0,False,-5.8,0.0,0,1,1,3,-6.187781995273221,-7.801252952090978,-7.048367313437603,-8.279650534850116
22501103,2026,03/31/2026,LAL,CLE,14.0,False,2.7,0.0,1,3,3,3,-16.5876161892796,-7.702272462786638,-17.218520451791058,-9.220063483150405
22501104,2026,03/31/2026,LAC,POR,-10.0,False,-5.6000000000000005,0.0,2,3,3,4,-3.6303416700320703,1.1819629203769502,-6.026396886604575,-1.6684103842854867
22501105,2026,04/01/2026,WAS,PHI,-22.0,False,-13.100000000000001,0.0,4,1,5,4,27.089686955022625,27.5774781716086,28.525371089072415,27.772559326409787
22501106,2026,04/01/2026,MIA,BOS,-18.0,False,-12.7,0.0,1,1,5,4,-1.7791132091443167,5.930812851672062,-0.08319452744334122,8.6084830563006
22501107,2026,04/01/2026,ORL,ATL,-29.0,False,-18.1,-1.0,3,0,3,4,22.19002691583254,4.0249836720645895,22.342431705439346,4.846633212169699
22501108,2026,04/01/2026,TOR,SAC,-8.0,False,17.9,-2.0,3,5,6,5,0.3451917064070287,9.579028359836627,-1.2424879386864802,8.282661068571059
22501109,2026,04/01/2026,CHI,IND,-19.0,False,-0.6000000000000005,-1.0,2,5,5,5,-33.795719834612655,-2.942839282883675,-30.719556713172388,1.5792249458470735
22501110,2026,04/01/2026,HOU,MIL,6.0,False,19.2,0.0,0,7,3,9,-73.23262729366363,-84.48795766026922,-76.35084412613033,-87.18100660465302
22501111,2026,03/12/2026,MEM,DAL,-8.0,False,7.1000000000000005,0.0,3,0,7,4,30.780014993941126,52.012327651353,30.578889751487196,54.677695496437174
22501112,2026,04/01/2026,UTA,DEN,-13.0,False,-19.200000000000003,-1.0,5,2,9,3,37.51818430384343,58.108450710265785,36.68648214025903,56.98500304811776
22501113,2026,04/01/2026,GSW,SAS,-14.0,False,-21.8,1.0,5,1,7,4,40.81937073915435,59.515277702729904,37.935423433068856,53.34019788352373
22501114,2026,04/02/2026,CHA,PHX,20.0,False,9.8,0.0,4,2,4,3,12.265183187592136,10.713557748589277,11.13152556667918,9.383842476584402
22501115,2026,04/02/2026,DET,MIN,5.0,False,5.4,-1.0,3,1,4,5,18.92037869418186,-4.157292918571599,18.275905816329605,-5.289706821218189
22501116,2026,04/02/2026,OKC,LAL,43.0,False,3.200000000000001,1.0,0,2,1,3,-10.224801327575008,-7.593088523139877,-10.678938317061764,-7.501567532912021
22501117,2026,04/02/2026,GSW,CLE,-7.0,False,-11.3,-1.0,3,2,7,6,11.718674307631794,14.460344395975614,8.74342916491264,8.864827889597883
22501118,2026,04/02/2026,POR,NOP,12.0,False,14.100000000000001,-1.0,2,2,6,6,2.487401848895786,-3.8931317576597877,3.235329468119952,-4.51342829829985
22501119,2026,04/02/2026,LAC,SAS,-19.0,False,-13.6,1.0,2,1,3,3,-14.198326598660959,-14.164737708955329,-14.012528314474197,-14.496690146053464
22501120,2026,04/03/2026,CHA,IND,21.0,False,18.5,-1.0,5,5,6,6,-23.622708641909572,-17.815795583028603,-22.18613090491515,-15.602147606258875
22501121,2026,04/03/2026,PHI,MIN,12.0,False,-2.3999999999999995,1.0,0,1,8,5,-12.663486277873071,10.155152613961398,-12.9557467469368,6.096276248244095
22501122,2026,04/03/2026,BKN,ATL,-34.0,False,-23.200000000000003,1.0,4,1,8,2,31.155613750823843,41.3006279988558,31.077430596505344,42.09180668512033
22501123,2026,04/03/2026,NYK,CHI,40.0,False,13.399999999999999,0.0,0,2,3,3,-20.829662211433362,-2.990602432437022,-21.754934604895404,-5.879053898385319
22501124,2026,04/03/2026,HOU,UTA,34.0,False,17.3,0.0,0,5,0,9,-45.12149134438924,-68.0209869516018,-44.4130496039635,-66.95953994294327
22501125,2026,04/03/2026,MEM,TOR,-32.0,False,-20.6,0.0,4,1,9,1,25.07718802634677,59.78587992466923,24.714929754289365,60.500152198322
22501126,2026,04/03/2026,MIL,BOS,-32.0,False,-19.2,0.0,3,1,6,3,34.042899120581914,49.31070071372415,34.30865656858613,49.027437987474116
22501127,2026,04/03/2026,DAL,ORL,-11.0,False,-0.6000000000000014,1.0,0,3,5,4,-20.396212239610307,13.578746765034296,-20.53629681215022,11.977858860195354
22501128,2026,04/03/2026,SAC,NOP,4.0,False,-4.700000000000001,1.0,5,2,6,6,13.153247058005238,-8.53399568143228,13.422860239899489,-5.573512664417521
22501129,2026,04/04/2026,MIA,WAS,16.0,False,5.700000000000001,0.0,1,2,3,4,-11.762516147386117,-9.792127525630171,-9.046320580465885,-6.889970494669434
22501130,2026,04/04/2026,DEN,SAS,2.0,False,-8.600000000000001,1.0,3,0,6,4,20.636375540133564,19.3676834007662,19.641853656969346,18.710815980104613
22501131,2026,04/04/2026,PHI,DET,-23.0,False,-6.8999999999999995,-1.0,1,2,4,3,-10.746853899189066,-8.384907924593712,-11.81096854182061,-9.458159857946551
22501132,2026,04/05/2026,BOS,TOR,14.0,False,2.5,0.0,0,1,3,1,-15.63974008826354,-1.8695895685737849,-15.426573224296655,-1.0628457986363582
22501133,2026,04/05/2026,BKN,WAS,6.0,False,0.5999999999999996,1.0,6,3,9,7,20.86720425397099,5.857688555929343,21.182099347952438,7.750317067258408
22501134,2026,04/05/2026,CHI,PHX,-10.0,False,-13.8,-1.0,2,1,5,7,15.040261948864952,30.604930603271285,14.911689925755319,30.978350887160566
22501135,2026,04/05/2026,MIL,MEM,16.0,False,0.3000000000000007,0.0,4,6,7,10,-5.7733899996527995,-28.560033884035533,-4.830285713290081,-28.18766853709269
22501136,2026,04/05/2026,CLE,IND,9.0,False,6.8999999999999995,1.0,5,5,5,7,4.926775826021164,-12.500445877478647,1.9650662097511429,-13.245564153214907
22501137,2026,04/05/2026,MIN,CHA,-14.0,False,-14.6,0.0,1,4,2,5,-9.080376505128358,7.662306271688841,-7.931441290184733,9.809741181976406
22501138,2026,04/05/2026,NOP,ORL,-4.0,False,4.1000000000000005,0.0,4,4,7,7,20.990334518532066,30.22615604651491,21.14342981409834,28.51468787773684
22501139,2026,04/05/2026,OKC,UTA,35.0,False,29.4,1.0,0,5,1,9,-45.02492780605806,-66.24715300871065,-44.31800218664514,-66.71685427043438
22501140,2026,04/05/2026,DAL,LAL,6.0,False,-13.7,-1.0,1,3,6,5,-48.92716595626232,-33.638653109620776,-51.621478598853834,-36.84312998475029
22501141,2026,04/05/2026,SAC,LAC,-29.0,False,-12.9,-1.0,4,2,5,3,9.66271273716566,11.261368983999617,12.809583431483375,17.87223502935797
22501142,2026,04/05/2026,GSW,HOU,-1.0,False,-17.7,1.0,3,0,7,3,27.42712509843738,34.30784873000674,25.26277587410719,32.42073125530459
22501143,2026,04/06/2026,ATL,NYK,-3.0,False,4.6,0.0,1,0,7,7,7.745913484697648,8.746657055321169,8.908440722575751,10.279330713828877
22501144,2026,04/06/2026,ORL,DET,16.0,False,-20.1,-1.0,4,2,3,5,0.7357709601573568,-37.19532064039424,1.988973527794574,-35.81096815169907
22501145,2026,04/06/2026,MEM,CLE,-16.0,False,-22.3,0.0,5,6,10,6,-26.713248042439155,3.214146236661378,-29.14682561730865,-0.7856079971269878
22501146,2026,04/06/2026,SAS,PHI,13.0,False,16.4,0.0,0,1,3,8,-5.967114491389083,-26.426688405532968,-5.785534231884132,-23.723127338824295
22501147,2026,04/06/2026,DEN,POR,5.0,False,-3.5,-1.0,2,2,7,6,-0.2045041833351675,0.5858299796394704,-2.6772232244615815,0.20621266636923252
22501148,2026,04/07/2026,WAS,CHI,-31.0,False,-0.5,0.0,4,4,6,4,-13.410052402089534,-2.9298287379727554,-15.130377875692865,-3.5750629678373897
22501149,2026,04/07/2026,BOS,CHA,11.0,True,-6.199999999999999,0.0,0,3,5,5,-17.145953392665586,-9.977947960365661,-16.24200610891364,-6.168923012713673
22501150,2026,04/07/2026,BKN,MIL,6.0,False,0.5999999999999996,0.0,8,7,10,8,-10.296529154223734,-5.093324563077118,-9.989802964136388,-5.602716452786623
22501151,2026,04/07/2026,TOR,MIA,26.0,False,10.4,-1.0,0,1,1,3,-3.2421505614356607,-12.037106586405518,-4.491332485486559,-14.442884017529266
22501152,2026,04/07/2026,IND,MIN,-20.0,False,-8.2,0.0,5,2,6,2,23.913036915373013,29.778633470708066,21.867185380163498,27.31069918111001
22501153,2026,04/07/2026,NOP,UTA,19.0,False,6.4,0.0,4,3,9,7,16.806059147035832,39.12751410583128,17.836869857222247,42.59689825229013
22501154,2026,04/07/2026,GSW,SAC,5.0,False,5.5,0.0,4,5,9,6,-1.794954644488655,19.51999484948073,-4.086739796483307,15.074135102342318
22501155,2026,04/07/2026,LAL,OKC,-36.0,False,-15.400000000000002,0.0,4,1,5,1,57.10703029226576,67.54669445023954,59.9293747197443,69.85991523480384
22501156,2026,04/07/2026,LAC,DAL,13.0,False,16.4,0.0,2,0,4,6,16.974487515532932,-21.960261354350436,15.098141802214883,-21.915337982951478
22501157,2026,04/07/2026,PHX,HOU,-14.0,False,-7.200000000000001,0.0,1,0,3,3,6.034440885622773,3.1392003461176543,6.6791272021342,3.2581916537339595
22501158,2026,04/08/2026,CLE,ATL,6.0,False,-6.1,0.0,1,1,6,8,-0.410596420441002,-7.073169350117489,-1.412042934491403,-3.922580679103646
22501159,2026,04/08/2026,ORL,MIN,12.0,False,-9.1,1.0,2,4,2,5,-43.66912029490956,-60.16158225186048,-48.31815371675256,-65.27393285355048
22501160,2026,04/08/2026,DET,MIL,26.0,False,18.9,1.0,0,5,1,6,-60.19625017738293,-56.899928597699684,-61.23556630008804,-57.40305168881423
22501161,2026,04/08/2026,SAS,POR,11.0,False,5.0,0.0,2,1,5,4,37.925731621294986,37.18832918604038,33.042122632575214,33.00100594592387
22501162,2026,04/08/2026,DEN,MEM,17.0,False,27.0,0.0,2,6,3,10,-37.120226120885775,-63.286136077429504,-37.10285667816618,-61.464194613951705
22501163,2026,04/08/2026,LAC,OKC,-18.0,False,-12.0,0.0,3,0,4,2,32.61443596801074,32.28153376620381,28.47760341202475,27.500768265646208
22501164,2026,04/08/2026,PHX,DAL,5.0,False,13.9,0.0,2,0,4,7,17.789464245279916,-29.040540780592764,18.593431817008806,-26.403913922312395
22501165,2026,04/09/2026,TOR,MIA,14.0,False,13.2,0.0,1,1,1,3,-0.9439292398354735,-12.016020968766238,-1.8504974631687086,-13.688593672791868
22501166,2026,04/09/2026,WAS,CHI,-11.0,False,-7.499999999999998,0.0,7,5,7,5,-1.9027530319651191,-1.9027530319651191,-3.556605539782531,-3.556605539782531
22501167,2026,04/09/2026,BKN,IND,-29.0,False,-5.3,0.0,10,5,12,7,22.039087632645177,20.543454563079294,23.121792452066728,21.631635256118898
22501168,2026,04/09/2026,NYK,BOS,6.0,False,-1.299999999999999,1.0,0,1,7,6,-20.001305694520678,-15.724567702165682,-20.205345070616424,-18.062257031344533
22501169,2026,04/09/2026,HOU,PHI,11.0,False,8.2,-1.0,0,2,4,7,-25.923600428121393,-34.13949489649959,-24.581034893242606,-31.06389304115615
22501170,2026,04/09/2026,GSW,LAL,-16.0,False,-3.3999999999999995,0.0,6,4,8,4,-5.004287050310097,9.633903680813248,-7.553892337262326,7.145772639695949
22501171,2026,04/10/2026,CHA,DET,-18.0,False,4.4,1.0,3,0,3,1,16.714256087069323,11.552732663430834,15.867449078749479,10.590892294468095
22501172,2026,04/10/2026,WAS,MIA,-23.0,False,-7.5,0.0,4,4,7,5,7.384655202228373,16.12479574959061,1.5624513203399601,11.005746734987504
22501173,2026,04/10/2026,ATL,CLE,22.0,False,7.6000000000000005,0.0,1,4,5,4,-43.82297196493587,-28.559019855740857,-41.364438290830435,-26.780151661469354
22501174,2026,04/10/2026,BOS,NOP,26.0,False,15.2,-2.0,1,8,2,9,-70.21569505320889,-74.94367674263643,-70.97893626631618,-75.65258510119511
22501175,2026,04/10/2026,IND,PHI,-11.0,False,0.30000000000000004,0.0,5,2,6,8,29.183374762484288,11.811594171554674,29.77492297159514,13.360488081440941
22501176,2026,04/10/2026,NYK,TOR,17.0,False,-3.5999999999999996,0.0,2,3,4,4,-8.624513087253032,-19.70337031109821,-8.561511088358262,-19.338516861411474
22501177,2026,04/10/2026,CHI,ORL,-24.0,False,-3.5999999999999996,-1.0,4,2,5,3,39.338202220144865,43.3290737526818,40.32314743950974,43.05484553518511
22501178,2026,04/10/2026,HOU,MIN,-4.0,False,12.2,-1.0,0,3,3,5,-39.69981925854358,-42.464374127943614,-43.198029627211056,-48.68634425090977
22501179,2026,04/10/2026,MIL,BKN,17.0,False,-1.5999999999999996,1.0,5,9,8,11,-21.62923284476836,-13.941420797912215,-20.648201223153038,-12.45784796994647
22501180,2026,04/10/2026,SAS,DAL,19.0,False,25.7,0.0,0,0,4,6,0.0,-29.65280572816645,0.0,-28.764979054543176
22501181,2026,04/10/2026,UTA,MEM,46.0,False,0.10000000000000142,1.0,5,7,8,12,-5.844408746085698,-21.91739994308446,-8.540553960447113,-23.876260610889233
22501182,2026,04/10/2026,DEN,OKC,20.0,False,-9.900000000000002,0.0,2,9,7,9,-97.30270618026883,-14.88090798594368,-98.11267616805362,-15.469646978881386
22501183,2026,04/10/2026,POR,LAC,19.0,False,1.3000000000000007,0.0,1,2,3,3,-5.5341451235610855,1.7485752137823205,-2.6389528886652265,4.686985633584079
22501184,2026,04/10/2026,SAC,GSW,6.0,False,-5.6000000000000005,2.0,5,4,6,6,14.411332600176404,12.942405624494988,16.807473650183415,17.432971272468883
22501185,2026,04/10/2026,LAL,PHX,28.0,False,-5.9,-1.0,3,3,4,5,19.83278537590178,8.210380999723291,22.65365055326817,11.741152249715718
22501186,2026,04/12/2026,BOS,ORL,5.0,False,12.799999999999999,0.0,4,0,8,5,70.97851853807829,92.82929266058781,71.58840175004363,91.97264929952863
22501187,2026,04/12/2026,CLE,WAS,13.0,False,16.5,0.0,9,5,9,5,59.03008171108809,59.03008171108809,55.12732296395576,55.12732296395576
22501188,2026,04/12/2026,IND,DET,-12.0,False,-10.7,0.0,5,1,7,1,32.94433521536815,49.527888767789385,33.85739282431831,48.70444331394101
22501189,2026,04/12/2026,MIA,ATL,26.0,False,-18.4,0.0,2,1,4,10,0.6688436696435334,-81.98484570412079,1.4787679732461054,-75.4440659602326
22501190,2026,04/12/2026,NYK,CHA,-14.0,False,-1.8000000000000007,0.0,7,1,7,2,90.36045078919929,88.1017958201346,87.22722817172314,84.51589298597048
22501191,2026,04/12/2026,PHI,MIL,20.0,False,8.2,0.0,1,7,2,10,-54.49733449554144,-61.37084820329594,-56.04251158869491,-64.34567922652481
22501192,2026,04/12/2026,TOR,BKN,35.0,False,19.9,0.0,0,8,1,10,-62.82870731090914,-69.98025790795765,-62.751005131721016,-69.0985225465709
22501193,2026,04/12/2026,DAL,CHI,21.0,False,0.3000000000000007,0.0,0,6,6,6,-69.20518569854683,-7.415877689280208,-69.72166138839684,-9.687549490370927
22501194,2026,04/12/2026,HOU,MEM,31.0,False,31.700000000000003,0.0,4,7,4,12,32.76254086351874,2.725987339405023,29.93900810784926,0.15499646758885888
22501195,2026,04/12/2026,MIN,NOP,6.0,False,10.4,0.0,9,8,9,11,17.0710708211506,-2.88402698338777,24.29830232703702,4.339180092872738
22501196,2026,04/12/2026,OKC,PHX,-32.0,False,13.5,0.0,9,4,9,9,62.75793468064012,20.952594105079612,64.20573520080468,20.37023081982919
22501197,2026,04/12/2026,SAS,DEN,-10.0,False,6.000000000000002,0.0,1,7,4,8,-69.23041175591176,-36.38105049947329,-65.96367673832972,-36.402107465767045
22501198,2026,04/12/2026,LAL,UTA,24.0,False,14.700000000000001,0.0,2,4,4,8,0.5532298737495154,-17.38735514192492,5.439522937084973,-12.467721195572366
22501199,2026,04/12/2026,LAC,GSW,5.0,False,9.7,0.0,2,3,4,5,-1.9073472046206845,9.663283199324582,-2.3647593473193993,8.202090209680513
22501200,2026,04/12/2026,POR,SAC,12.0,False,19.0,0.0,1,4,2,5,-29.128472894579154,-31.247876506886588,-27.37818029076955,-29.736008982717802
22501201,2026,12/09/2025,ORL,MIA,9.0,False,2.6999999999999993,-1.0,1,0,5,2,18.56706777498674,32.27581951667331,17.64546956759353,29.04292199197687
22501202,2026,12/09/2025,TOR,NYK,-16.0,False,-12.0,0.0,1,2,3,3,-2.7154383312212165,13.018319241531938,-1.3322639852391998,14.239869069408837
22501203,2026,12/10/2025,OKC,PHX,49.0,False,17.7,1.0,2,2,3,3,9.232164525973452,-6.203889113205836,9.47067573381771,-6.722447946677988
22501204,2026,12/10/2025,LAL,SAS,-13.0,False,3.5999999999999996,1.0,0,1,5,4,-23.664813173438397,-10.39933491591313,-26.822196037993262,-16.042712739163115
22501205,2026,12/11/2025,HOU,LAC,2.0,False,14.9,0.0,1,4,4,7,-12.04698103805157,-10.641829528395636,-8.960110621378155,-9.389179187162231
22501206,2026,12/11/2025,MIL,BOS,15.0,False,-15.1,0.0,2,1,3,3,26.17016883603827,25.713042132155906,28.372005130031614,25.632612808305378
22501207,2026,12/11/2025,NOP,POR,23.0,False,-1.6000000000000005,0.0,2,4,3,5,-22.119647733496933,-26.190651152696127,-24.22112337159675,-28.84226502845127
22501208,2026,12/11/2025,SAC,DEN,-31.0,False,-14.0,0.0,2,3,3,3,0.04077776764047769,10.100495568066222,1.2064346411522813,11.788397693703171
22501209,2026,12/12/2025,CHA,CHI,-3.0,False,6.500000000000001,0.0,6,2,7,3,22.814263431699924,22.830566347209963,21.730350981049156,21.70570201859644
22501210,2026,12/12/2025,DET,ATL,27.0,False,4.1,0.0,3,2,4,3,-25.828066316370595,-24.94126574442873,-26.995944046292827,-21.236708524509663
22501211,2026,12/12/2025,PHI,IND,10.0,False,-3.7,0.0,2,2,6,7,5.050063316864325,19.362509995463967,3.0899827355620566,16.640718393567873
22501212,2026,12/12/2025,WAS,CLE,-4.0,False,-16.3,0.0,4,4,8,6,13.09003742846064,24.242384967372878,11.918542958466222,22.529686722482793
22501213,2026,12/12/2025,MEM,UTA,-4.0,False,19.7,0.0,3,4,5,5,-0.19050382454828707,0.9898849987258558,-1.3997228979023895,2.5335308993196506
22501214,2026,12/12/2025,DAL,BKN,8.0,False,2.7,0.0,1,3,6,4,-6.803989672096073,17.973050593612726,-7.981011539359724,17.72424215275222
22501215,2026,12/12/2025,GSW,MIN,-7.0,False,-1.1,0.0,2,1,5,4,12.303174209271845,5.717458171971423,15.252767006318845,8.613309958298991
22501216,2026,12/14/2025,IND,WAS,-19.0,False,13.799999999999999,0.0,2,6,7,8,-33.15804098975894,-23.768165235868793,-34.66331296816908,-27.809744496941203
22501217,2026,12/14/2025,ATL,PHI,3.0,False,-2.4,0.0,1,2,2,5,-2.3564928068924473,-27.82936336235155,-2.0899071394893056,-24.738432399265257
22501218,2026,12/14/2025,CLE,CHA,-8.0,False,6.9,0.0,5,6,5,6,-7.368200809756324,-7.368200809756324,-3.993646358625348,-3.993646358625348
22501219,2026,12/14/2025,BKN,MIL,45.0,False,0.7000000000000002,-1.0,2,3,3,3,-27.16350974738533,-25.310832759688264,-27.31744986023432,-23.358252902380073
22501220,2026,12/14/2025,MIN,SAC,14.0,False,13.799999999999999,-1.0,2,2,4,5,3.060381796732667,2.648264830017254,1.6222611766251767,0.48517218418513863
22501221,2026,12/14/2025,POR,GSW,5.0,False,-9.5,1.0,3,1,4,5,18.121180989184587,-7.28746683874942,17.115786700728307,-10.570633292135224
22501222,2026,12/15/2025,BOS,DET,-7.0,False,1.0,0.0,0,2,3,5,-6.35830914399995,-5.014956257327125,-4.989631497251945,-3.159839398955185
22501223,2026,12/14/2025,CHI,NOP,-10.0,False,-7.3,-1.0,0,1,3,4,-1.6726987515445688,4.9610057229809215,-2.0796988616837497,3.914055531466417
22501224,2026,12/15/2025,UTA,DAL,7.0,False,-11.6,0.0,3,2,5,5,13.292530444388373,-3.281244623406117,17.68557845936621,0.5617141965460277
22501225,2026,12/15/2025,DEN,HOU,3.0,False,-1.799999999999999,0.0,2,0,5,4,29.2278588860489,18.875773387587135,26.836961180152926,19.865646952146363
22501226,2026,12/15/2025,LAC,MEM,-18.0,False,-11.0,0.0,3,3,6,4,-5.0415431120562,0.011289223738657483,-13.398675525695454,-8.325685594842145
22501227,2026,12/15/2025,MIA,TOR,-10.0,False,8.6,0.0,1,2,2,5,-13.070039941864453,-8.119132689286708,-11.908626156117712,-7.4943105733337205
22501228,2026,12/14/2025,PHX,LAL,-2.0,False,-8.1,0.0,2,3,3,7,-7.330238199386386,-27.158041248375223,-7.150106917985383,-24.040165239658496
22501229,2026,12/13/2025,ORL,NYK,-12.0,False,-4.300000000000001,0.0,1,2,4,5,2.239642274900554,8.508130022870663,2.577911385612408,11.77738389651137
22501230,2026,12/13/2025,OKC,SAS,-2.0,False,19.0,0.0,1,0,6,6,9.64095358386997,4.244105119834213,8.887979316865811,5.340406242395584
62500001,2026,12/16/2025,NYK,SAS,11.0,False,14.1,0.0,2,0,5,6,16.075016744809112,5.095914931314425,14.830019774649429,-0.3579247698075747
